SpellId,School
1,3
3,3
4,0
5,1
7,0
10,4
11,3
12,0
13,0
14,0
15,0
16,5
17,1
18,0
19,0
22,0
24,0
25,0
26,0
27,0
31,0
33,0
34,0
35,0
43,0
45,0
47,0
49,4
50,3
53,0
56,0
58,0
59,0
60,0
61,0
65,3
66,6
67,1
68,5
71,0
72,0
75,0
76,0
77,0
78,0
81,0
84,0
87,0
89,5
91,0
94,1
96,0
99,0
100,0
101,0
103,0
107,0
108,0
109,3
110,0
111,0
112,0
113,4
114,4
116,4
118,6
120,4
122,4
124,3
126,5
128,5
130,6
131,3
132,5
133,2
134,2
136,3
139,1
142,1
143,2
145,2
168,4
172,5
179,2
184,2
196,0
197,0
198,0
199,0
200,0
201,0
202,0
203,0
204,0
205,4
227,0
228,3
246,3
255,4
260,0
261,4
262,0
263,0
264,0
265,6
266,0
269,2
271,5
278,0
279,0
284,0
285,0
302,0
308,3
315,2
324,3
325,3
331,3
332,3
339,3
344,3
348,2
355,0
365,3
370,3
379,3
403,3
408,0
409,5
410,5
411,5
421,3
424,3
427,0
428,0
430,0
431,0
432,0
433,0
434,0
435,0
436,0
437,0
438,0
439,0
440,0
441,0
442,0
443,0
444,0
445,0
446,0
447,0
448,0
450,0
451,3
453,5
454,0
455,3
456,0
457,3
458,0
459,0
461,1
463,0
464,0
465,1
466,3
467,3
468,0
469,0
470,0
471,0
472,0
474,3
475,6
476,0
477,0
478,0
479,0
480,0
481,0
482,0
483,0
484,0
485,0
486,0
487,0
488,0
489,0
490,0
491,6
492,0
493,0
494,0
495,0
496,0
497,0
498,1
499,0
500,4
501,0
502,0
503,3
504,0
506,0
507,3
508,0
509,3
512,4
513,3
514,5
515,0
517,0
518,0
519,0
520,0
521,0
522,0
526,3
527,1
528,1
529,3
530,6
531,0
532,0
533,0
534,0
535,0
536,0
537,0
538,0
539,0
540,0
541,0
542,0
543,2
544,3
545,2
546,3
547,3
548,3
549,3
550,3
552,1
553,3
554,3
555,3
556,3
557,0
558,0
559,0
560,0
561,0
562,0
563,0
564,0
565,0
566,0
567,0
568,6
569,0
570,0
571,0
573,0
574,0
575,0
576,0
577,0
578,0
579,0
580,0
581,0
585,1
586,5
587,6
588,1
589,5
590,1
591,1
592,1
593,5
594,5
595,1
596,1
597,6
598,1
599,1
600,1
601,0
602,1
603,5
604,6
605,5
606,5
607,0
608,0
609,0
610,0
611,0
612,0
613,0
614,0
615,0
616,0
617,0
618,0
619,0
620,0
621,0
622,0
624,0
625,0
626,0
627,0
628,0
629,1
630,1
631,0
632,0
633,1
634,1
635,1
636,1
637,1
638,1
639,1
640,1
641,1
642,1
643,1
644,1
645,1
646,1
647,1
648,1
649,1
650,0
651,0
652,0
653,0
654,0
655,0
656,0
657,0
658,0
659,0
660,0
661,0
662,0
663,0
664,0
665,0
668,0
669,0
670,0
671,0
672,0
673,0
674,0
676,0
677,0
678,1
679,1
680,1
682,0
684,0
685,0
686,5
687,5
688,5
689,5
690,2
691,5
692,5
693,5
694,0
695,5
696,5
697,5
698,5
699,5
700,5
701,2
702,5
703,0
704,5
705,5
706,5
707,2
708,5
709,5
710,5
711,2
712,5
713,0
714,0
715,0
718,0
719,0
720,0
721,0
722,0
723,0
724,1
725,0
726,0
727,0
728,0
729,0
730,0
731,0
732,0
733,0
734,0
735,0
736,0
737,0
738,0
739,0
740,3
741,0
742,0
743,0
744,3
745,0
746,0
747,0
748,0
749,2
750,0
751,0
752,0
753,2
755,5
756,0
757,0
758,2
759,6
761,2
762,2
763,0
764,0
765,4
766,0
767,5
768,0
769,0
770,3
771,3
772,0
773,3
774,3
775,3
776,3
778,3
779,0
780,0
781,0
782,3
783,0
784,0
785,3
786,0
787,0
788,0
789,0
790,0
791,0
792,0
793,0
794,0
795,0
796,0
797,0
798,0
799,0
800,0
801,5
802,3
804,3
805,5
806,0
812,0
813,0
814,0
815,0
816,0
817,0
818,0
819,0
820,0
821,0
822,0
823,0
824,0
825,0
826,0
827,0
828,0
829,0
830,0
831,0
833,0
834,0
835,3
836,0
837,4
838,0
839,3
840,0
841,2
842,0
844,0
845,0
846,0
847,4
848,0
849,3
850,0
851,3
852,0
853,1
854,0
855,3
856,0
857,6
858,0
860,0
861,3
862,0
863,3
864,0
865,4
866,0
867,3
868,0
870,0
871,0
872,0
874,0
876,0
877,3
878,0
879,1
880,0
882,0
883,0
884,0
885,6
886,0
890,0
892,0
894,0
895,2
896,0
897,4
898,0
899,2
900,0
901,3
902,0
903,3
904,0
905,3
906,0
908,0
909,3
910,0
911,2
912,0
913,3
914,0
915,3
916,0
917,3
918,0
920,0
921,0
922,0
923,2
924,0
926,0
928,0
930,3
931,0
932,3
933,0
934,3
935,0
936,0
937,2
938,0
939,3
940,0
943,3
944,0
945,3
946,0
947,3
948,0
949,3
950,0
951,2
952,0
955,3
956,0
957,2
958,0
959,3
960,0
962,0
963,3
964,0
965,5
966,3
967,0
968,3
969,0
970,5
971,0
972,1
973,0
974,1
975,0
976,5
977,0
978,3
979,0
980,5
981,0
982,3
983,0
984,1
985,0
986,1
987,0
988,1
989,0
990,6
991,0
992,5
993,0
994,1
995,0
996,1
997,0
998,5
999,0
1000,1
1001,0
1002,3
1003,0
1004,1
1005,0
1006,1
1007,0
1008,6
1009,0
1010,5
1011,0
1012,0
1013,0
1014,5
1015,0
1017,0
1018,3
1019,1
1020,1
1021,0
1022,1
1023,0
1024,1
1025,0
1026,1
1027,0
1028,1
1029,0
1030,1
1031,0
1032,1
1033,0
1034,1
1035,0
1036,1
1037,0
1038,1
1039,0
1042,1
1043,0
1044,1
1045,0
1048,1
1049,0
1050,1
1051,0
1052,1
1053,0
1054,2
1055,0
1056,3
1057,0
1058,3
1059,0
1062,3
1063,0
1064,3
1065,0
1066,0
1069,3
1070,0
1073,1
1074,0
1075,3
1076,0
1079,0
1082,0
1084,2
1085,0
1086,5
1087,0
1088,5
1089,0
1090,5
1091,0
1092,5
1093,0
1094,2
1095,0
1096,2
1097,0
1098,5
1099,0
1101,0
1105,0
1106,5
1107,0
1108,5
1109,0
1110,5
1111,0
1112,5
1113,0
1114,0
1115,0
1116,5
1117,0
1120,5
1121,0
1122,5
1123,0
1124,2
1125,0
1126,3
1127,0
1129,0
1130,6
1131,0
1132,0
1133,0
1134,0
1135,0
1136,1
1137,0
1138,3
1139,4
1140,0
1141,0
1142,0
1146,0
1147,0
1148,0
1149,0
1150,0
1151,0
1152,1
1153,0
1159,0
1160,0
1161,0
1163,0
1164,0
1165,0
1166,0
1167,0
1168,0
1169,0
1171,0
1172,0
1173,0
1174,0
1175,0
1176,0
1177,1
1178,3
1179,3
1180,0
1181,0
1182,0
1183,0
1184,5
1185,0
1186,0
1187,0
1188,0
1189,0
1190,0
1191,0
1192,0
1193,0
1194,0
1195,0
1196,0
1197,0
1198,0
1199,0
1200,0
1201,0
1202,0
1203,0
1205,0
1206,0
1208,0
1209,0
1210,0
1211,0
1212,0
1213,0
1214,0
1217,0
1218,0
1219,0
1220,0
1221,0
1223,0
1224,0
1225,0
1226,0
1227,0
1228,0
1229,0
1231,0
1233,0
1234,0
1236,0
1237,0
1241,0
1242,0
1243,1
1244,1
1245,1
1246,0
1247,0
1248,0
1249,0
1250,0
1251,0
1252,0
1253,0
1254,0
1255,0
1256,0
1257,0
1258,0
1259,0
1260,0
1261,0
1262,0
1263,0
1264,0
1265,0
1266,0
1267,0
1268,0
1269,0
1271,0
1272,0
1275,0
1276,0
1277,0
1278,0
1279,0
1280,0
1281,0
1282,0
1283,0
1284,0
1285,0
1286,0
1287,0
1288,0
1290,0
1291,0
1292,0
1293,0
1295,0
1296,0
1297,0
1298,0
1299,0
1300,0
1301,0
1302,1
1303,0
1304,0
1305,0
1306,0
1307,0
1308,0
1309,0
1310,0
1311,0
1312,0
1313,0
1314,0
1315,0
1316,0
1318,0
1319,0
1320,0
1321,0
1322,0
1323,0
1324,0
1325,0
1326,0
1327,0
1328,0
1329,0
1330,0
1331,0
1332,0
1333,0
1336,0
1337,0
1338,0
1339,0
1340,0
1341,0
1342,0
1343,0
1344,0
1345,0
1348,0
1349,0
1350,0
1351,0
1352,0
1353,0
1354,0
1355,0
1356,0
1357,0
1358,0
1359,0
1360,0
1361,0
1362,0
1363,0
1364,0
1365,0
1366,0
1367,0
1368,0
1369,0
1370,0
1371,0
1372,0
1373,0
1374,0
1375,0
1376,0
1377,0
1378,0
1379,0
1380,0
1381,0
1382,0
1383,0
1384,0
1385,0
1386,0
1387,0
1388,0
1389,0
1390,0
1391,0
1393,0
1394,0
1395,0
1396,0
1397,0
1398,0
1399,0
1401,0
1402,0
1403,0
1404,0
1406,0
1407,0
1408,0
1409,0
1410,0
1411,0
1412,0
1413,0
1414,0
1415,0
1416,0
1417,0
1418,0
1419,0
1420,0
1421,0
1422,0
1423,0
1424,0
1425,0
1426,0
1427,0
1428,0
1429,0
1430,3
1431,0
1432,0
1433,0
1434,0
1435,0
1436,0
1437,0
1439,0
1441,0
1444,0
1445,0
1446,0
1448,0
1449,6
1450,2
1451,2
1452,2
1453,2
1454,5
1455,5
1456,5
1457,2
1459,6
1460,6
1461,6
1462,3
1463,6
1464,0
1465,2
1466,2
1467,0
1468,0
1469,0
1470,0
1471,0
1472,0
1473,0
1474,0
1475,0
1476,0
1477,0
1478,0
1479,0
1481,0
1482,0
1483,0
1484,0
1485,0
1490,5
1491,0
1492,0
1494,0
1495,0
1499,4
1504,0
1505,0
1506,0
1507,0
1508,0
1509,0
1510,6
1513,3
1515,3
1516,0
1522,0
1523,0
1524,0
1525,0
1526,0
1527,0
1528,0
1535,2
1536,0
1538,0
1539,0
1540,0
1542,0
1543,6
1544,0
1545,0
1547,0
1549,0
1552,0
1557,0
1558,0
1559,0
1560,0
1561,0
1563,0
1564,0
1567,0
1568,0
1571,0
1572,0
1573,0
1574,0
1575,0
1579,0
1580,0
1581,0
1582,0
1583,0
1584,0
1588,0
1589,0
1590,0
1591,0
1592,0
1593,0
1598,0
1599,0
1602,0
1603,0
1604,0
1605,0
1606,0
1607,0
1608,0
1609,0
1610,0
1611,0
1612,0
1628,0
1629,0
1630,0
1631,0
1632,0
1633,0
1634,0
1635,0
1640,0
1645,0
1646,0
1647,0
1648,0
1650,0
1663,0
1664,0
1665,0
1666,0
1667,0
1668,0
1669,0
1670,0
1671,0
1672,0
1675,0
1676,0
1677,0
1680,0
1685,0
1698,0
1702,0
1706,1
1707,5
1708,0
1709,0
1710,0
1711,0
1712,0
1713,0
1714,5
1715,0
1716,0
1719,0
1722,0
1725,0
1728,0
1731,0
1732,0
1733,0
1734,0
1735,0
1736,0
1737,0
1738,0
1739,0
1740,0
1741,0
1742,0
1747,0
1748,0
1749,0
1750,0
1751,0
1752,0
1753,0
1754,0
1755,0
1756,0
1757,0
1758,0
1759,0
1760,0
1761,0
1762,0
1763,0
1764,0
1765,0
1766,0
1767,0
1768,0
1769,0
1770,0
1771,0
1772,0
1773,0
1774,0
1775,0
1776,0
1777,0
1780,0
1781,0
1784,0
1785,0
1786,0
1787,0
1789,0
1790,0
1791,0
1792,0
1794,0
1795,0
1796,0
1797,0
1798,0
1799,0
1800,0
1801,0
1802,0
1803,0
1804,0
1805,0
1806,0
1809,0
1810,0
1811,0
1812,0
1813,0
1814,0
1815,0
1817,0
1818,0
1819,0
1820,0
1821,0
1822,0
1823,0
1824,0
1825,0
1826,0
1827,0
1828,0
1829,0
1830,0
1831,0
1833,0
1834,0
1837,0
1838,0
1839,0
1842,0
1843,0
1844,0
1845,0
1846,0
1847,0
1848,0
1849,3
1850,0
1851,0
1852,0
1853,0
1856,0
1857,0
1858,0
1859,0
1860,0
1862,0
1864,0
1865,0
1866,1
1868,0
1869,0
1870,0
1872,0
1873,0
1874,0
1875,1
1876,1
1877,1
1878,0
1879,0
1880,0
1881,0
1882,0
1883,0
1884,0
1885,0
1886,0
1887,0
1888,0
1889,0
1890,0
1891,0
1893,0
1894,0
1895,0
1896,0
1897,0
1898,0
1900,0
1901,0
1902,0
1904,0
1905,0
1906,0
1907,0
1908,1
1909,0
1911,0
1912,0
1913,0
1914,0
1915,0
1916,0
1918,0
1919,0
1920,2
1921,2
1922,2
1923,0
1924,0
1925,0
1926,0
1927,0
1928,0
1929,0
1930,0
1931,0
1932,0
1933,0
1934,0
1935,0
1936,0
1937,0
1938,0
1940,2
1941,5
1942,0
1943,0
1944,0
1945,3
1946,0
1947,5
1948,0
1949,2
1950,0
1952,0
1953,6
1954,0
1955,0
1956,0
1957,0
1958,0
1959,0
1960,0
1963,0
1964,0
1965,0
1966,0
1967,0
1968,0
1969,0
1970,0
1971,0
1972,0
1973,0
1975,0
1976,0
1977,0
1978,3
1979,0
1980,0
1981,0
1982,0
1983,0
1984,0
1985,0
1988,0
1989,0
1990,0
1991,0
1992,0
1993,0
1994,0
1995,0
1996,0
1997,0
1998,0
2000,0
2001,0
2002,0
2003,0
2004,0
2005,0
2006,1
2008,3
2010,1
2011,3
2013,0
2014,0
2016,0
2017,0
2018,0
2020,0
2021,0
2022,0
2023,0
2024,0
2048,1
2049,0
2050,1
2051,0
2052,1
2053,1
2054,1
2055,1
2056,0
2057,0
2058,0
2059,0
2060,1
2061,1
2062,1
2063,1
2064,1
2065,0
2066,0
2067,0
2068,0
2069,0
2070,0
2075,0
2076,0
2090,3
2091,3
2092,0
2093,0
2094,3
2095,0
2096,5
2097,0
2098,0
2108,0
2110,2
2111,2
2112,2
2113,2
2115,0
2116,0
2117,0
2118,0
2119,0
2120,2
2121,2
2123,0
2124,0
2125,0
2128,4
2129,4
2130,4
2131,4
2132,0
2133,0
2134,0
2135,0
2136,2
2137,2
2138,2
2139,6
2140,3
2141,0
2142,0
2143,0
2146,0
2147,3
2148,0
2149,0
2152,0
2153,0
2154,0
2155,0
2156,0
2157,0
2158,0
2159,0
2160,0
2161,0
2162,0
2163,0
2164,0
2165,0
2166,0
2167,0
2168,0
2169,0
2171,0
2172,0
2173,0
2174,0
2175,0
2176,0
2177,0
2178,0
2179,0
2180,0
2181,0
2186,0
2187,0
2188,0
2189,0
2190,0
2191,0
2192,0
2193,0
2194,0
2195,0
2196,0
2197,0
2198,0
2199,0
2200,0
2201,0
2202,0
2203,0
2204,0
2205,0
2206,0
2207,0
2208,0
2209,0
2210,0
2211,0
2212,0
2213,0
2214,0
2215,0
2216,0
2217,0
2218,0
2219,0
2220,0
2221,0
2222,0
2223,0
2224,0
2225,0
2226,0
2227,0
2228,0
2229,0
2230,0
2231,0
2232,0
2233,0
2234,0
2235,0
2236,0
2237,0
2238,0
2239,0
2240,0
2241,0
2242,0
2243,0
2244,0
2245,0
2246,0
2247,0
2248,0
2249,0
2250,0
2251,0
2252,0
2253,0
2254,0
2255,0
2256,0
2257,0
2258,0
2259,0
2260,0
2261,0
2262,0
2263,0
2264,0
2265,0
2266,0
2267,0
2268,0
2269,0
2270,0
2271,0
2272,0
2273,0
2274,0
2275,0
2276,0
2277,0
2278,0
2279,0
2280,0
2281,0
2282,0
2283,0
2284,0
2285,0
2286,0
2287,0
2288,0
2289,0
2290,0
2291,0
2292,0
2293,0
2294,0
2295,0
2296,0
2297,0
2298,0
2299,0
2300,0
2301,0
2302,0
2303,0
2304,0
2305,0
2306,0
2307,0
2308,0
2309,0
2310,0
2311,0
2312,0
2313,3
2314,0
2315,0
2316,0
2317,0
2318,0
2319,0
2320,0
2321,0
2322,0
2323,0
2324,0
2325,0
2326,0
2327,0
2328,0
2329,0
2330,0
2331,0
2332,0
2333,0
2334,0
2335,0
2336,0
2337,0
2338,0
2339,0
2340,0
2341,0
2342,0
2343,0
2344,0
2345,0
2346,0
2351,1
2352,0
2353,1
2354,1
2355,0
2356,0
2357,0
2358,0
2359,0
2360,0
2361,3
2362,5
2363,0
2364,0
2365,0
2366,0
2367,0
2368,0
2369,0
2370,0
2371,0
2372,0
2373,0
2374,0
2375,0
2376,0
2377,0
2378,0
2379,0
2380,0
2381,0
2382,0
2383,0
2385,0
2386,0
2387,0
2389,0
2392,0
2393,0
2394,0
2395,0
2396,0
2397,0
2399,0
2400,0
2401,0
2402,0
2403,0
2406,0
2408,0
2411,0
2414,0
2415,0
2416,0
2417,0
2418,0
2419,0
2421,0
2422,0
2423,0
2424,0
2425,0
2426,0
2427,0
2428,0
2429,0
2430,0
2431,0
2432,0
2433,0
2434,0
2435,0
2436,0
2442,0
2443,0
2444,0
2445,0
2446,0
2452,0
2453,0
2454,0
2455,0
2456,0
2457,0
2458,0
2459,0
2460,0
2463,0
2467,0
2468,0
2469,0
2470,0
2473,0
2479,0
2480,0
2481,0
2484,3
2495,1
2496,0
2497,0
2498,0
2499,0
2500,0
2501,0
2502,0
2503,0
2504,0
2505,0
2506,0
2507,0
2508,0
2509,0
2510,0
2511,0
2512,0
2513,0
2514,0
2515,0
2516,0
2537,0
2538,0
2539,0
2540,0
2541,0
2542,0
2543,0
2544,0
2545,0
2546,0
2547,0
2548,0
2549,0
2550,0
2551,0
2552,0
2553,0
2554,0
2555,0
2556,0
2557,0
2558,0
2559,0
2561,0
2562,0
2563,0
2564,0
2565,0
2566,0
2567,0
2568,0
2569,0
2570,0
2575,0
2576,0
2577,0
2578,0
2579,0
2580,0
2581,0
2582,0
2583,5
2584,0
2585,0
2587,0
2589,0
2590,0
2591,0
2592,0
2593,0
2594,0
2595,0
2596,0
2597,0
2598,0
2599,0
2600,0
2601,2
2602,2
2603,0
2604,0
2605,0
2606,3
2607,3
2608,3
2609,3
2610,3
2611,0
2612,0
2613,0
2614,0
2615,0
2616,3
2617,3
2620,0
2621,0
2626,3
2627,0
2628,0
2629,0
2630,0
2631,0
2632,0
2633,0
2634,0
2635,0
2636,0
2637,3
2638,0
2639,0
2640,0
2641,0
2642,0
2643,0
2644,0
2645,3
2646,0
2647,4
2649,0
2650,0
2651,1
2652,5
2653,2
2654,0
2656,0
2657,0
2658,0
2659,0
2660,0
2661,0
2662,0
2663,0
2664,0
2665,0
2666,0
2667,0
2668,0
2670,0
2671,0
2672,0
2673,0
2674,0
2675,0
2676,0
2677,0
2678,0
2679,0
2680,0
2681,0
2682,0
2683,0
2684,0
2685,0
2686,0
2687,0
2688,0
2689,5
2690,5
2691,5
2692,0
2693,0
2694,0
2695,0
2696,0
2697,0
2698,0
2699,0
2700,0
2701,0
2702,0
2703,0
2704,0
2705,0
2706,0
2707,0
2708,0
2709,0
2710,0
2711,0
2712,0
2713,0
2714,0
2715,0
2716,0
2717,0
2718,0
2719,0
2720,0
2721,0
2722,0
2723,0
2724,0
2725,0
2726,0
2727,0
2728,0
2729,0
2730,0
2731,0
2732,0
2733,0
2734,0
2735,0
2736,0
2737,0
2738,0
2739,0
2740,0
2741,0
2742,0
2743,0
2744,0
2745,0
2746,0
2747,0
2749,0
2750,0
2751,0
2752,0
2753,0
2754,0
2755,0
2756,0
2757,0
2758,0
2759,0
2760,0
2761,0
2762,0
2763,0
2764,0
2765,0
2766,0
2767,5
2768,1
2769,0
2770,1
2771,1
2772,0
2773,0
2780,6
2781,0
2782,6
2783,1
2786,0
2788,0
2791,1
2793,0
2795,0
2796,0
2797,5
2798,0
2799,0
2800,1
2804,0
2808,1
2809,1
2810,0
2811,0
2812,1
2816,0
2817,0
2818,3
2819,3
2823,0
2824,0
2825,0
2826,0
2827,0
2828,0
2829,0
2830,0
2831,0
2832,0
2833,0
2834,0
2835,0
2836,0
2837,0
2838,0
2840,0
2841,0
2842,0
2843,0
2844,0
2845,0
2846,0
2847,0
2848,0
2849,0
2850,0
2851,0
2852,1
2853,0
2854,3
2855,6
2856,0
2857,0
2858,0
2859,0
2860,3
2861,3
2862,0
2863,0
2864,3
2865,0
2866,2
2867,2
2868,0
2869,0
2870,3
2871,3
2874,0
2875,0
2878,3
2879,0
2880,0
2881,0
2882,3
2883,0
2884,0
2886,0
2887,3
2888,3
2889,0
2890,0
2893,3
2894,3
2895,3
2897,0
2898,0
2899,0
2908,3
2910,0
2912,6
2914,0
2916,0
2917,0
2919,0
2920,0
2922,0
2923,0
2924,0
2925,0
2927,0
2928,0
2929,0
2937,5
2939,0
2941,2
2942,0
2943,5
2944,5
2945,0
2946,0
2947,2
2948,2
2949,0
2950,0
2951,2
2952,0
2963,0
2964,0
2965,0
2966,0
2967,0
2969,0
2970,5
2971,0
2972,0
2973,0
2974,0
2975,0
2976,0
2977,0
2978,0
2979,0
2980,0
2981,0
2982,0
2983,0
2984,0
2995,0
2996,0
3005,0
3006,0
3007,0
3009,0
3010,0
3011,2
3013,0
3014,0
3015,0
3016,0
3017,0
3018,0
3019,6
3023,0
3025,3
3026,0
3029,0
3030,0
3031,0
3032,3
3033,3
3034,3
3035,0
3036,0
3037,0
3038,0
3039,0
3040,0
3041,0
3042,0
3043,3
3044,6
3045,6
3046,0
3047,0
3048,0
3049,0
3050,0
3052,2
3053,2
3054,2
3055,2
3061,0
3062,0
3063,0
3064,0
3065,0
3066,0
3067,0
3068,0
3069,0
3070,0
3071,0
3072,0
3073,0
3074,0
3075,0
3077,0
3078,0
3079,0
3080,0
3081,0
3082,0
3083,0
3084,0
3085,0
3086,0
3087,0
3088,0
3089,0
3090,0
3091,0
3092,0
3093,0
3094,0
3095,0
3096,0
3097,0
3098,0
3099,0
3100,0
3101,0
3102,0
3104,0
3105,5
3106,3
3107,5
3108,5
3109,5
3110,2
3111,3
3112,0
3113,0
3114,0
3115,0
3116,0
3117,0
3118,0
3119,0
3120,1
3121,2
3122,0
3124,0
3126,0
3127,0
3128,0
3129,4
3130,4
3131,4
3132,4
3133,3
3134,0
3135,0
3136,3
3137,3
3138,0
3139,0
3140,2
3141,0
3142,0
3143,4
3145,4
3146,0
3147,0
3148,0
3149,0
3150,3
3151,0
3157,0
3158,0
3159,0
3160,0
3161,0
3162,0
3163,0
3164,0
3165,0
3166,0
3167,0
3168,0
3169,0
3170,0
3171,0
3172,0
3173,0
3174,0
3175,0
3176,0
3177,0
3178,0
3179,0
3180,0
3181,0
3182,0
3183,0
3184,0
3185,0
3186,0
3187,0
3188,0
3189,0
3196,0
3204,2
3205,1
3206,1
3207,1
3210,0
3211,0
3212,0
3213,0
3214,0
3215,0
3216,0
3217,0
3218,0
3219,0
3220,0
3221,0
3222,0
3223,0
3229,3
3230,0
3231,0
3232,0
3233,0
3234,5
3235,3
3237,5
3238,0
3240,0
3242,0
3243,0
3245,0
3246,0
3247,0
3248,0
3252,0
3256,5
3258,5
3260,0
3261,2
3263,5
3264,0
3267,0
3268,0
3269,5
3271,5
3273,0
3274,0
3275,0
3276,0
3277,0
3278,0
3279,0
3280,0
3281,0
3282,0
3283,0
3284,0
3286,0
3287,0
3288,3
3292,0
3293,0
3294,0
3295,0
3296,0
3297,0
3298,0
3299,0
3300,0
3301,0
3302,0
3303,0
3304,0
3307,0
3308,0
3313,0
3314,0
3315,0
3316,0
3317,0
3319,0
3320,0
3321,0
3322,5
3323,0
3324,0
3325,0
3326,0
3328,0
3329,0
3330,0
3331,0
3332,3
3333,0
3334,0
3335,3
3336,0
3337,0
3338,3
3339,3
3340,0
3341,0
3342,0
3343,0
3344,0
3345,0
3346,0
3347,0
3348,0
3349,0
3350,0
3351,0
3352,0
3353,0
3354,0
3355,4
3356,2
3358,3
3359,1
3360,0
3361,0
3362,5
3363,0
3364,0
3365,0
3366,0
3368,1
3369,0
3370,0
3371,0
3372,0
3373,0
3376,0
3377,0
3378,0
3379,0
3380,0
3381,0
3382,0
3383,0
3385,0
3386,0
3387,5
3388,0
3389,0
3390,0
3391,0
3393,0
3394,0
3396,3
3397,0
3398,0
3399,0
3400,0
3401,0
3402,0
3403,0
3404,0
3405,5
3407,3
3408,0
3409,3
3410,3
3411,0
3412,0
3413,0
3416,0
3417,0
3418,0
3419,0
3420,0
3421,0
3422,0
3423,0
3424,0
3427,3
3428,0
3429,5
3433,0
3434,0
3435,0
3436,5
3439,5
3440,0
3442,5
3443,3
3446,0
3447,0
3448,0
3449,0
3450,0
3451,0
3452,0
3453,0
3454,0
3455,0
3456,0
3457,0
3458,0
3459,0
3460,0
3461,0
3463,0
3464,0
3465,0
3466,0
3467,0
3472,1
3473,0
3474,0
3477,5
3479,1
3481,1
3485,5
3486,1
3487,1
3488,0
3490,0
3491,0
3492,0
3493,0
3494,0
3495,0
3496,0
3497,0
3498,0
3499,0
3500,0
3501,0
3502,0
3503,0
3504,0
3505,0
3506,0
3507,0
3508,0
3509,0
3510,0
3511,0
3512,0
3513,0
3514,0
3515,0
3516,0
3517,0
3518,0
3519,0
3520,0
3521,0
3522,0
3524,0
3525,0
3526,0
3527,0
3528,0
3529,0
3530,0
3531,0
3532,0
3533,0
3534,0
3535,0
3536,0
3537,0
3538,0
3539,0
3542,3
3547,0
3549,0
3551,0
3552,6
3553,0
3558,4
3559,0
3560,0
3561,6
3562,6
3563,6
3564,0
3565,6
3566,6
3567,6
3568,0
3569,0
3570,0
3571,0
3574,0
3576,0
3577,0
3578,0
3579,0
3580,0
3581,0
3582,0
3583,3
3584,3
3585,3
3586,3
3587,3
3589,5
3591,1
3592,3
3593,0
3594,0
3595,0
3596,0
3597,0
3598,0
3599,2
3600,3
3602,2
3603,0
3604,0
3605,0
3606,2
3607,5
3609,0
3611,0
3612,0
3615,5
3616,0
3617,0
3618,0
3621,0
3627,3
3628,0
3629,5
3630,0
3631,3
3635,0
3636,0
3637,0
3639,0
3644,0
3648,3
3650,0
3651,0
3652,6
3653,0
3655,0
3657,0
3658,0
3659,0
3660,0
3661,3
3662,3
3663,0
3664,0
3666,0
3667,0
3668,0
3669,0
3670,0
3671,0
3672,0
3673,0
3674,5
3675,0
3678,0
3680,3
3682,0
3684,0
3686,0
3688,0
3690,0
3691,0
3692,0
3693,0
3694,0
3695,0
3696,0
3697,0
3698,5
3699,5
3700,5
3701,0
3702,0
3703,0
3704,0
3705,0
3706,0
3707,0
3710,0
3712,5
3713,0
3714,0
3715,0
3716,5
3717,5
3718,2
3719,0
3720,0
3721,0
3722,0
3723,0
3724,0
3725,0
3726,0
3727,0
3728,0
3729,0
3730,0
3731,0
3732,0
3733,0
3734,0
3735,0
3737,0
3738,0
3739,0
3740,0
3741,0
3742,3
3743,0
3744,0
3745,0
3746,0
3747,1
3748,0
3750,0
3751,0
3752,0
3753,0
3755,0
3756,0
3757,0
3758,0
3759,0
3760,0
3761,0
3762,0
3763,0
3764,0
3765,0
3766,0
3767,0
3768,0
3769,0
3770,0
3771,0
3772,0
3773,0
3774,0
3775,0
3776,0
3777,0
3778,0
3779,0
3780,0
3781,0
3782,0
3783,0
3784,0
3785,0
3786,0
3787,0
3788,0
3789,0
3790,0
3792,0
3793,0
3794,0
3795,0
3796,0
3797,0
3798,0
3799,0
3800,0
3801,0
3802,0
3803,0
3804,0
3805,0
3806,0
3807,0
3808,0
3810,0
3811,0
3812,0
3813,0
3814,0
3815,3
3816,0
3817,0
3818,0
3819,0
3820,0
3821,0
3822,2
3823,0
3825,5
3826,5
3827,0
3837,0
3839,0
3840,0
3841,0
3842,0
3843,0
3844,0
3845,0
3847,0
3848,0
3849,0
3850,0
3851,0
3852,0
3854,0
3855,0
3856,0
3857,0
3858,0
3859,0
3860,0
3861,0
3862,0
3863,0
3864,0
3865,0
3866,0
3868,0
3869,0
3870,0
3871,0
3872,0
3873,0
3874,0
3875,0
3876,0
3877,0
3878,0
3879,0
3880,0
3881,0
3882,0
3884,0
3885,0
3886,0
3887,0
3888,0
3889,0
3890,0
3891,0
3892,0
3893,0
3894,0
3895,0
3896,0
3897,0
3898,0
3899,0
3900,0
3901,0
3902,0
3903,0
3904,0
3905,0
3906,0
3908,0
3909,0
3910,0
3911,0
3912,0
3913,0
3914,0
3915,0
3916,0
3917,0
3918,0
3919,0
3920,0
3921,0
3922,0
3923,0
3924,0
3925,0
3926,0
3928,0
3929,0
3930,0
3931,0
3932,0
3933,0
3934,0
3936,0
3937,0
3938,0
3939,0
3940,0
3941,0
3942,0
3944,0
3945,0
3946,0
3947,0
3949,0
3950,0
3952,0
3953,0
3954,0
3955,0
3956,0
3957,0
3958,0
3959,0
3960,0
3961,0
3962,0
3963,0
3964,0
3965,0
3966,0
3967,0
3968,0
3969,0
3971,0
3972,0
3973,0
3974,0
3975,0
3976,0
3977,0
3978,0
3979,0
3980,0
3981,0
3982,0
3983,0
3984,0
3985,0
3986,0
3987,0
3988,0
3990,0
3991,0
3992,0
3993,0
3994,0
3995,0
3997,0
3998,0
3999,0
4000,0
4001,0
4002,0
4003,0
4005,0
4006,0
4007,0
4008,0
4009,0
4010,0
4011,0
4012,0
4013,0
4014,0
4015,0
4016,0
4017,0
4018,0
4019,0
4020,0
4021,0
4022,0
4023,0
4024,0
4025,0
4026,0
4027,0
4028,0
4029,0
4030,0
4031,0
4032,0
4033,0
4034,0
4035,0
4036,0
4037,0
4038,0
4039,0
4040,0
4041,0
4042,0
4043,2
4044,0
4045,0
4048,0
4049,0
4050,2
4051,0
4052,0
4054,2
4055,0
4056,0
4057,2
4058,0
4060,6
4061,2
4062,2
4063,0
4064,2
4065,2
4066,2
4067,2
4068,2
4069,2
4070,0
4071,0
4072,0
4073,0
4074,0
4075,0
4077,4
4078,0
4079,3
4080,4
4081,4
4083,0
4084,4
4085,0
4086,0
4089,0
4090,0
4091,0
4092,0
4093,0
4094,0
4095,0
4096,0
4097,0
4098,0
4099,0
4100,0
4101,0
4102,0
4104,0
4105,0
4107,0
4108,0
4109,0
4111,0
4112,0
4113,0
4114,0
4115,0
4116,0
4117,0
4118,0
4119,0
4120,0
4121,0
4122,0
4123,0
4124,0
4125,0
4126,0
4127,0
4128,0
4129,0
4130,0
4131,0
4132,0
4133,0
4134,0
4135,0
4136,0
4137,0
4138,0
4139,0
4140,0
4141,0
4142,0
4143,0
4144,0
4146,0
4147,0
4148,0
4149,0
4150,0
4152,0
4153,0
4154,0
4159,0
4160,0
4161,0
4164,0
4165,0
4166,0
4167,0
4168,0
4169,0
4170,2
4171,0
4172,0
4173,0
4174,0
4175,0
4176,0
4177,0
4178,0
4179,0
4180,0
4181,0
4182,0
4183,0
4184,0
4185,0
4186,0
4187,0
4188,0
4189,0
4190,0
4191,0
4192,0
4193,0
4194,0
4195,0
4196,0
4197,0
4198,0
4199,0
4200,0
4201,0
4202,0
4204,0
4205,0
4206,0
4207,0
4208,0
4209,1
4210,0
4211,0
4212,0
4213,0
4214,0
4215,0
4216,0
4217,0
4218,0
4219,0
4220,0
4221,1
4222,0
4223,0
4224,0
4225,0
4226,0
4227,0
4228,0
4229,0
4230,0
4231,0
4232,0
4233,0
4234,0
4235,0
4236,0
4237,0
4238,0
4239,0
4240,0
4241,0
4242,0
4243,0
4244,0
4245,0
4246,0
4247,0
4248,0
4249,0
4250,0
4251,0
4252,0
4253,0
4254,0
4255,0
4256,0
4257,0
4258,0
4259,0
4260,0
4261,0
4262,0
4263,0
4264,0
4265,0
4266,0
4267,0
4268,0
4269,0
4270,0
4271,0
4272,0
4273,0
4274,0
4275,0
4276,0
4277,0
4278,0
4279,0
4280,0
4281,0
4282,0
4283,0
4284,0
4285,0
4286,3
4287,0
4288,0
4289,0
4290,0
4291,0
4292,0
4293,0
4294,0
4295,0
4296,0
4297,0
4298,0
4299,0
4300,0
4301,0
4302,0
4303,0
4304,0
4305,0
4306,0
4307,0
4308,0
4309,0
4310,0
4311,0
4312,0
4313,0
4314,0
4315,0
4316,0
4317,0
4318,0
4319,0
4320,4
4321,0
4328,0
4329,0
4330,0
4331,0
4332,0
4333,0
4334,0
4335,0
4336,0
4337,0
4338,0
4339,0
4340,0
4341,0
4342,0
4343,0
4344,0
4345,0
4346,0
4347,0
4348,0
4349,0
4350,0
4351,0
4352,0
4353,0
4354,0
4355,0
4356,0
4357,0
4358,0
4359,0
4360,0
4361,0
4362,0
4363,0
4364,0
4365,0
4366,0
4367,0
4368,0
4369,0
4370,0
4371,0
4372,0
4373,0
4374,0
4375,0
4376,0
4377,0
4378,0
4379,0
4380,0
4381,0
4382,0
4383,0
4384,0
4385,0
4386,0
4387,0
4388,0
4389,0
4390,0
4391,0
4392,0
4393,0
4394,0
4395,0
4396,0
4397,0
4398,0
4399,0
4400,0
4401,0
4402,0
4403,0
4404,0
4405,0
4406,0
4407,0
4408,0
4409,0
4410,0
4411,0
4412,0
4413,0
4414,0
4415,0
4416,0
4417,0
4418,0
4419,0
4420,0
4421,0
4422,0
4423,0
4424,0
4425,0
4426,0
4427,0
4428,0
4429,0
4430,0
4431,0
4433,0
4434,0
4435,0
4436,2
4437,0
4438,0
4439,0
4440,0
4441,0
4442,0
4443,0
4444,0
4445,0
4446,0
4447,0
4448,0
4449,0
4450,0
4451,0
4452,0
4453,0
4454,0
4455,0
4456,0
4457,0
4458,0
4459,0
4460,0
4461,0
4462,0
4463,0
4464,0
4465,0
4466,0
4467,0
4468,0
4469,0
4470,0
4471,0
4472,0
4473,0
4474,0
4475,0
4476,0
4477,0
4478,0
4479,0
4480,0
4481,0
4482,0
4483,0
4484,0
4485,0
4486,0
4487,0
4488,0
4489,0
4490,0
4491,0
4492,0
4493,0
4494,0
4495,0
4496,0
4497,0
4498,0
4499,0
4500,0
4501,0
4502,0
4503,0
4504,1
4505,1
4506,3
4507,0
4508,0
4509,0
4511,0
4512,0
4513,0
4514,5
4517,0
4518,0
4519,0
4520,0
4521,0
4522,0
4523,0
4524,0
4525,0
4526,0
4527,0
4528,0
4529,0
4530,0
4531,0
4532,0
4533,0
4534,0
4535,0
4536,0
4537,0
4538,5
4539,0
4540,0
4541,0
4542,0
4543,0
4544,0
4545,0
4546,0
4547,0
4548,0
4549,0
4550,0
4551,0
4552,0
4553,0
4554,0
4555,0
4556,0
4557,0
4558,0
4559,0
4560,0
4561,0
4562,0
4563,0
4564,0
4565,0
4566,0
4567,0
4568,0
4569,0
4570,0
4571,0
4572,0
4573,0
4574,0
4575,0
4576,0
4577,0
4578,0
4579,0
4580,0
4581,0
4582,0
4583,0
4584,0
4585,0
4586,0
4587,0
4588,0
4589,0
4590,0
4591,0
4592,0
4593,0
4594,0
4595,0
4596,0
4597,0
4598,0
4599,0
4600,0
4601,0
4602,0
4603,0
4604,0
4605,0
4606,0
4607,0
4608,0
4609,0
4610,0
4611,0
4612,0
4613,0
4614,0
4615,0
4616,0
4617,0
4618,0
4619,0
4620,0
4621,0
4622,0
4623,0
4624,0
4625,0
4626,0
4627,0
4628,0
4629,2
4630,0
4631,0
4632,0
4633,0
4634,0
4635,0
4636,0
4637,0
4638,0
4639,0
4640,0
4641,0
4642,0
4643,0
4644,0
4645,0
4646,0
4647,0
4648,0
4649,0
4650,0
4651,0
4652,0
4653,0
4654,0
4655,0
4656,0
4657,0
4658,0
4659,0
4660,0
4661,0
4662,0
4663,0
4664,0
4665,0
4666,0
4667,0
4668,0
4669,0
4670,0
4671,0
4672,0
4673,0
4674,0
4675,0
4676,0
4678,0
4679,0
4680,0
4681,0
4683,0
4684,0
4685,0
4687,0
4688,0
4689,0
4690,0
4691,0
4692,0
4693,0
4694,0
4695,0
4697,0
4698,0
4699,0
4700,0
4701,0
4702,0
4703,0
4705,0
4706,0
4707,0
4708,0
4709,0
4710,0
4711,0
4712,0
4713,0
4714,0
4715,0
4716,0
4717,0
4718,0
4719,0
4720,0
4721,0
4722,0
4723,0
4724,0
4725,0
4726,0
4727,0
4728,0
4729,0
4730,0
4731,0
4732,0
4733,0
4734,0
4735,0
4736,0
4737,0
4739,0
4740,0
4741,0
4742,0
4743,0
4744,0
4745,0
4746,0
4747,0
4748,0
4750,0
4751,0
4752,0
4753,0
4754,0
4755,0
4756,0
4757,0
4758,0
4759,0
4760,0
4761,0
4762,0
4763,0
4764,0
4765,0
4766,0
4767,0
4768,0
4769,0
4770,0
4771,0
4772,0
4773,0
4774,0
4775,0
4776,0
4777,0
4778,0
4779,0
4780,0
4781,0
4782,0
4783,0
4785,0
4786,0
4787,0
4788,0
4789,0
4790,0
4791,0
4792,0
4793,0
4794,0
4795,0
4796,0
4797,0
4798,0
4799,0
4800,0
4801,0
4802,0
4803,0
4804,0
4805,0
4806,0
4807,0
4808,0
4809,0
4810,0
4811,0
4812,0
4813,0
4814,0
4815,0
4816,0
4817,0
4818,0
4819,0
4820,0
4821,0
4822,0
4823,0
4824,0
4825,0
4826,0
4827,0
4828,0
4829,0
4830,0
4831,0
4832,0
4833,0
4834,0
4835,0
4836,0
4837,0
4838,0
4839,0
4840,0
4841,0
4842,0
4843,0
4844,0
4845,0
4846,0
4847,0
4848,0
4849,0
4850,0
4851,0
4852,0
4853,0
4854,0
4855,0
4856,0
4857,0
4858,0
4859,0
4860,0
4861,0
4862,0
4863,0
4864,0
4865,0
4866,0
4867,0
4868,0
4869,0
4870,0
4871,0
4872,0
4873,0
4874,0
4875,0
4876,0
4877,0
4878,0
4879,0
4880,0
4881,0
4882,0
4883,0
4884,0
4885,0
4886,0
4887,0
4888,0
4889,0
4890,0
4891,0
4892,0
4893,0
4894,0
4895,0
4896,0
4897,0
4898,0
4899,0
4900,0
4901,0
4902,0
4903,0
4904,0
4905,0
4906,0
4907,0
4909,0
4910,0
4911,0
4912,0
4913,0
4914,0
4915,0
4916,0
4917,0
4918,0
4919,0
4920,0
4921,0
4922,0
4923,0
4924,0
4925,0
4926,0
4928,0
4929,0
4930,0
4931,0
4932,0
4933,0
4934,0
4935,0
4936,0
4937,0
4938,0
4940,3
4941,0
4942,0
4943,0
4945,0
4946,0
4947,0
4948,3
4950,0
4951,0
4952,0
4954,0
4955,0
4960,0
4961,1
4962,0
4970,0
4971,0
4972,0
4974,5
4975,0
4976,0
4977,0
4978,0
4979,0
4980,0
4981,0
4982,0
4983,0
4984,0
4985,0
4986,0
4987,1
4990,0
4993,0
4996,0
4997,0
4998,0
4999,0
5000,0
5001,0
5002,0
5003,0
5004,0
5005,0
5006,0
5007,0
5008,0
5009,0
5010,2
5011,0
5012,0
5016,0
5017,0
5019,0
5020,0
5021,0
5023,0
5024,0
5025,0
5026,0
5027,0
5028,0
5029,0
5030,0
5031,0
5032,0
5033,0
5034,0
5035,0
5036,0
5037,0
5038,0
5039,0
5040,0
5041,0
5042,0
5043,0
5044,0
5045,0
5046,0
5047,0
5048,0
5049,0
5050,0
5051,0
5052,0
5053,0
5054,0
5055,0
5056,0
5057,0
5058,0
5059,0
5060,0
5061,0
5062,0
5063,0
5064,0
5065,0
5066,0
5067,0
5068,0
5069,0
5070,0
5071,0
5072,0
5073,0
5074,0
5075,0
5076,0
5077,0
5078,0
5079,0
5080,0
5081,0
5082,0
5084,0
5085,0
5086,0
5087,0
5088,0
5089,0
5090,0
5091,0
5092,0
5093,0
5094,0
5095,0
5096,0
5097,0
5099,0
5100,3
5101,0
5102,0
5103,4
5104,0
5105,3
5106,0
5107,0
5108,5
5110,0
5111,0
5113,2
5115,3
5116,6
5117,0
5118,3
5119,0
5120,0
5121,0
5122,0
5123,0
5124,0
5125,0
5126,0
5127,0
5128,0
5129,0
5130,0
5131,0
5133,0
5134,0
5137,5
5138,5
5139,0
5140,0
5141,0
5142,0
5143,6
5144,6
5145,6
5146,0
5147,0
5148,0
5149,0
5150,0
5151,4
5154,1
5155,1
5156,1
5157,1
5158,1
5159,2
5161,3
5162,0
5164,0
5165,0
5166,0
5167,0
5169,0
5170,0
5171,0
5172,0
5174,1
5175,0
5176,3
5177,3
5178,3
5179,3
5180,3
5181,0
5182,0
5183,0
5184,0
5185,3
5186,3
5187,3
5188,3
5189,3
5190,0
5191,0
5192,0
5193,0
5194,0
5195,3
5196,3
5197,0
5198,3
5199,0
5200,0
5201,0
5202,0
5203,0
5204,0
5205,0
5206,0
5208,3
5209,0
5210,0
5211,0
5212,0
5213,2
5214,0
5215,0
5216,0
5217,0
5218,0
5219,5
5220,0
5221,0
5222,0
5223,0
5224,0
5225,0
5226,0
5227,0
5228,0
5229,0
5230,0
5231,0
5232,3
5233,0
5234,3
5235,0
5236,3
5237,0
5238,0
5239,0
5240,0
5241,0
5242,0
5243,0
5244,0
5245,0
5246,0
5247,0
5248,0
5249,4
5250,0
5251,0
5252,5
5253,0
5254,3
5255,0
5256,0
5257,0
5258,0
5259,0
5260,0
5262,0
5263,2
5264,0
5265,0
5266,0
5267,0
5268,0
5269,0
5270,0
5271,5
5272,0
5273,0
5274,0
5275,0
5276,4
5277,0
5278,0
5280,3
5281,1
5283,0
5285,0
5286,0
5287,0
5289,0
5290,0
5291,0
5292,0
5294,0
5295,0
5296,0
5297,0
5298,0
5299,0
5300,0
5301,0
5302,0
5303,0
5304,0
5305,0
5306,4
5307,0
5308,0
5309,0
5310,0
5311,0
5312,0
5316,0
5320,3
5321,3
5322,3
5323,3
5324,3
5325,3
5333,0
5334,0
5335,0
5337,3
5338,0
5339,0
5340,0
5341,0
5342,0
5343,0
5344,0
5345,0
5346,0
5348,0
5349,0
5350,0
5351,0
5352,0
5353,0
5354,0
5355,0
5356,0
5357,0
5358,0
5359,0
5360,0
5361,0
5363,0
5364,0
5365,0
5366,0
5367,0
5368,0
5369,0
5370,0
5371,1
5372,1
5373,0
5374,1
5375,1
5376,0
5377,0
5378,0
5380,0
5381,0
5382,0
5383,0
5384,0
5385,0
5386,0
5387,0
5388,3
5389,0
5390,0
5391,3
5392,0
5394,4
5395,0
5396,0
5397,0
5398,0
5399,0
5400,3
5401,3
5402,0
5403,4
5404,0
5405,0
5406,0
5407,3
5408,0
5409,0
5412,3
5413,3
5414,3
5416,3
5419,3
5420,0
5421,3
5422,0
5424,0
5426,0
5427,0
5428,0
5429,0
5430,0
5431,0
5432,0
5433,0
5448,0
5449,0
5450,0
5451,0
5452,0
5453,0
5454,0
5455,0
5456,0
5457,0
5458,0
5459,0
5460,0
5461,0
5462,0
5463,0
5464,0
5465,0
5466,0
5467,0
5468,0
5469,0
5470,0
5471,0
5472,0
5473,0
5474,0
5475,0
5476,0
5477,0
5478,0
5479,0
5480,0
5481,0
5482,0
5483,0
5484,5
5486,0
5487,0
5488,0
5489,0
5490,0
5491,0
5492,0
5493,0
5494,0
5496,0
5497,0
5498,0
5499,0
5500,5
5501,0
5502,1
5503,0
5504,6
5505,6
5506,6
5507,0
5508,0
5509,0
5510,0
5511,0
5512,0
5513,0
5514,5
5515,0
5516,0
5517,0
5518,0
5519,0
5520,0
5521,0
5522,0
5524,0
5525,0
5526,0
5527,0
5528,0
5529,0
5530,0
5531,0
5532,0
5533,0
5534,0
5535,0
5536,0
5537,0
5538,0
5539,0
5540,0
5541,0
5542,0
5543,0
5545,0
5546,0
5547,0
5548,0
5549,0
5550,0
5551,0
5552,0
5553,0
5554,0
5555,0
5556,0
5557,0
5558,0
5559,0
5560,0
5561,0
5562,0
5563,0
5564,0
5565,0
5566,0
5567,0
5568,0
5569,1
5570,3
5571,0
5572,0
5573,1
5574,0
5575,1
5576,1
5577,0
5578,1
5579,0
5580,1
5581,0
5582,0
5583,0
5584,0
5585,0
5586,0
5587,0
5588,1
5589,1
5590,0
5591,0
5592,1
5593,0
5594,0
5595,0
5596,0
5597,0
5598,0
5599,1
5600,0
5601,1
5602,1
5603,0
5604,0
5605,0
5606,1
5607,0
5608,0
5609,1
5610,0
5611,0
5613,0
5614,1
5615,1
5616,0
5617,0
5618,1
5620,0
5621,0
5626,0
5627,3
5628,3
5629,0
5630,0
5631,0
5632,0
5633,0
5634,0
5635,0
5636,0
5637,0
5638,0
5639,0
5640,0
5641,0
5642,0
5643,0
5644,0
5645,1
5647,0
5648,0
5649,0
5650,0
5651,0
5652,0
5653,0
5654,0
5655,0
5656,0
5657,0
5658,0
5659,0
5660,0
5661,0
5662,0
5663,0
5664,0
5665,0
5666,0
5667,0
5668,0
5669,0
5670,0
5671,0
5672,3
5675,4
5676,2
5677,3
5678,0
5679,2
5680,0
5682,0
5683,0
5684,0
5685,0
5686,0
5687,0
5688,0
5689,0
5690,0
5691,0
5692,0
5693,0
5694,0
5696,0
5697,5
5698,0
5699,5
5700,0
5701,5
5702,0
5703,0
5704,5
5705,0
5707,0
5708,0
5709,0
5715,0
5716,0
5717,0
5718,0
5719,0
5720,0
5722,0
5723,0
5724,0
5725,0
5726,0
5727,0
5728,3
5729,3
5730,3
5731,0
5732,3
5733,3
5734,3
5735,0
5736,0
5737,5
5738,0
5739,5
5740,2
5741,0
5742,0
5743,0
5744,0
5745,0
5746,0
5747,0
5748,0
5749,0
5750,0
5751,0
5752,0
5753,0
5754,0
5755,0
5756,0
5757,0
5758,0
5759,0
5760,3
5761,0
5762,0
5763,0
5764,0
5765,0
5766,0
5767,0
5768,0
5769,0
5770,0
5771,0
5772,0
5773,0
5774,0
5775,0
5776,0
5777,0
5778,0
5779,0
5780,0
5781,0
5782,5
5783,0
5784,5
5785,0
5786,0
5787,0
5788,0
5789,0
5790,0
5791,0
5792,0
5793,0
5794,0
5795,0
5796,0
5797,0
5798,0
5799,0
5800,0
5801,0
5802,0
5803,0
5804,0
5805,0
5806,0
5807,0
5809,0
5810,0
5811,0
5812,0
5813,0
5814,0
5815,0
5816,0
5817,0
5818,0
5819,0
5820,0
5821,0
5822,0
5823,0
5824,0
5825,0
5826,0
5827,0
5828,0
5829,0
5830,0
5831,0
5832,0
5833,0
5834,0
5835,0
5837,0
5838,0
5839,0
5840,0
5841,0
5842,0
5843,0
5844,0
5845,0
5846,0
5847,0
5848,0
5849,0
5850,0
5851,0
5852,0
5853,0
5854,0
5855,0
5856,0
5857,2
5858,3
5862,1
5865,0
5866,0
5867,0
5868,0
5869,0
5870,0
5871,0
5872,0
5873,0
5874,0
5875,0
5876,0
5877,0
5878,0
5879,0
5880,0
5881,0
5882,0
5883,0
5884,5
5885,0
5886,0
5887,0
5888,0
5891,0
5892,0
5893,0
5894,0
5896,0
5897,0
5898,0
5899,0
5900,0
5901,0
5902,0
5903,0
5904,0
5905,0
5906,0
5907,0
5908,0
5909,0
5910,0
5911,0
5912,0
5913,0
5914,0
5915,0
5916,0
5917,0
5918,0
5919,0
5920,0
5921,0
5922,0
5923,0
5924,0
5925,0
5926,0
5927,0
5928,0
5929,0
5930,0
5931,0
5932,0
5933,0
5934,0
5935,0
5936,0
5937,0
5938,0
5939,0
5940,0
5941,0
5942,0
5943,0
5944,0
5945,0
5946,0
5947,0
5948,0
5949,0
5950,0
5951,0
5952,0
5953,0
5954,0
5955,0
5956,0
5957,0
5958,0
5959,0
5960,0
5961,0
5962,0
5963,0
5964,0
5965,0
5967,0
5968,0
5969,0
5970,0
5971,0
5972,0
5973,0
5974,0
5975,0
5976,0
5977,0
5978,0
5979,0
5980,0
5981,0
5982,0
5983,0
5984,0
5985,0
5986,0
5987,0
5988,0
5989,0
5990,0
5993,0
5994,0
5995,0
5996,0
5997,0
5998,0
5999,0
6000,0
6001,0
6002,0
6003,0
6004,0
6005,0
6006,0
6007,0
6008,0
6009,0
6010,0
6011,0
6012,0
6013,0
6014,0
6015,0
6016,0
6017,0
6019,0
6020,0
6021,0
6022,0
6023,0
6024,0
6025,0
6026,0
6027,0
6028,0
6029,0
6030,0
6031,0
6032,0
6033,0
6034,0
6035,0
6036,0
6037,0
6038,0
6039,0
6040,0
6041,3
6042,0
6043,0
6057,0
6058,3
6059,0
6060,1
6061,1
6062,0
6063,1
6064,1
6065,1
6066,1
6067,0
6068,0
6069,5
6070,0
6071,0
6072,0
6073,0
6074,1
6075,1
6076,1
6077,1
6078,1
6079,0
6080,0
6081,0
6082,0
6083,0
6084,0
6085,0
6086,0
6087,0
6088,0
6089,0
6090,0
6091,0
6092,0
6093,0
6094,0
6095,0
6096,0
6097,0
6098,0
6099,0
6100,0
6101,0
6102,0
6103,0
6104,0
6105,0
6106,0
6107,0
6108,0
6109,0
6110,0
6111,0
6112,0
6113,0
6114,0
6115,0
6116,0
6117,6
6118,0
6119,0
6120,0
6121,0
6122,0
6123,0
6124,0
6127,6
6128,0
6129,6
6130,0
6131,4
6132,0
6133,0
6134,4
6135,4
6136,4
6137,0
6138,0
6139,6
6140,0
6141,4
6142,0
6143,4
6144,0
6145,0
6146,3
6147,0
6148,4
6149,0
6150,0
6151,0
6152,0
6153,0
6154,0
6155,0
6156,0
6157,0
6158,0
6159,0
6160,0
6161,0
6162,0
6163,0
6164,0
6165,0
6166,0
6167,0
6169,0
6170,0
6171,0
6172,0
6173,0
6174,0
6175,0
6176,0
6177,0
6178,0
6180,0
6184,0
6185,0
6186,0
6187,0
6190,0
6191,0
6192,0
6193,0
6195,0
6196,3
6197,6
6198,0
6199,5
6201,5
6202,5
6203,0
6204,0
6205,5
6206,0
6207,2
6208,2
6209,2
6210,0
6211,0
6212,0
6213,5
6214,0
6215,5
6216,0
6217,5
6218,0
6219,2
6220,0
6221,0
6222,5
6223,5
6224,0
6225,0
6226,5
6227,0
6228,0
6229,5
6230,5
6231,0
6232,0
6233,0
6234,0
6235,0
6236,0
6237,3
6238,0
6239,5
6240,3
6243,0
6245,0
6246,0
6247,0
6249,0
6250,0
6251,0
6252,2
6253,0
6254,3
6255,3
6257,2
6260,0
6261,0
6262,0
6263,0
6264,0
6266,0
6268,0
6270,0
6271,0
6272,0
6273,0
6274,0
6275,0
6276,0
6277,0
6278,3
6280,0
6281,0
6282,0
6283,0
6284,0
6285,0
6286,0
6287,0
6288,0
6289,0
6290,0
6291,0
6292,0
6293,0
6294,0
6295,2
6296,2
6297,2
6298,6
6304,0
6305,2
6306,3
6307,5
6310,0
6311,0
6312,0
6313,0
6314,0
6315,0
6316,0
6317,0
6318,0
6319,0
6320,0
6321,0
6322,0
6323,0
6324,0
6325,0
6327,0
6328,0
6329,0
6330,0
6331,0
6332,0
6333,0
6334,0
6335,0
6336,0
6337,0
6338,0
6339,0
6340,0
6341,0
6342,0
6343,0
6344,3
6345,2
6346,1
6347,5
6348,0
6349,0
6350,2
6351,2
6352,2
6353,2
6354,0
6355,0
6356,0
6357,0
6358,5
6359,0
6360,5
6361,0
6362,0
6363,2
6364,2
6365,2
6366,2
6367,3
6368,3
6369,3
6370,3
6371,3
6372,3
6373,3
6374,3
6375,4
6376,3
6377,4
6378,3
6379,0
6380,0
6381,0
6383,0
6384,0
6385,0
6386,0
6388,3
6390,3
6391,3
6392,3
6393,3
6394,3
6395,3
6397,3
6398,3
6399,3
6400,0
6401,0
6402,0
6403,0
6405,0
6408,0
6409,0
6410,0
6411,3
6412,0
6413,0
6414,0
6415,0
6416,0
6417,0
6418,0
6419,0
6421,0
6422,2
6423,0
6424,0
6425,0
6426,0
6427,0
6428,0
6429,0
6430,0
6431,0
6432,0
6433,0
6434,0
6435,0
6436,0
6440,0
6441,0
6442,0
6443,0
6444,0
6445,0
6446,0
6447,0
6448,0
6449,0
6450,0
6451,0
6452,0
6453,0
6454,0
6455,0
6456,0
6457,0
6458,0
6459,0
6460,0
6461,0
6462,0
6463,0
6464,0
6465,0
6466,0
6467,0
6468,0
6469,2
6470,0
6471,0
6472,0
6473,0
6474,3
6476,0
6477,0
6478,0
6479,0
6480,0
6481,0
6482,0
6483,0
6484,0
6485,0
6487,5
6488,0
6490,0
6492,0
6493,0
6494,0
6495,3
6496,0
6497,0
6498,0
6499,0
6500,0
6501,0
6502,0
6503,0
6504,0
6505,0
6507,0
6509,0
6510,0
6511,0
6512,0
6513,0
6514,0
6515,0
6516,0
6517,0
6518,0
6519,0
6520,0
6521,0
6522,0
6523,3
6524,0
6527,0
6528,0
6529,0
6530,0
6531,3
6533,0
6534,0
6535,3
6536,0
6537,0
6538,0
6539,0
6540,0
6542,0
6543,0
6544,0
6545,0
6546,0
6547,0
6548,0
6549,0
6550,0
6551,0
6552,0
6553,0
6554,0
6555,0
6556,0
6557,0
6558,3
6559,0
6560,2
6561,0
6562,0
6563,0
6564,0
6565,0
6566,0
6567,0
6568,0
6569,0
6570,0
6571,0
6572,0
6573,0
6574,0
6575,0
6576,0
6577,0
6579,0
6580,0
6581,0
6582,0
6583,0
6584,3
6587,0
6588,0
6589,0
6590,0
6591,0
6592,0
6593,0
6594,0
6595,0
6598,0
6600,0
6601,0
6602,0
6603,0
6605,5
6606,0
6607,0
6608,0
6609,0
6610,0
6611,0
6612,0
6613,0
6614,0
6615,0
6617,0
6618,0
6619,0
6620,0
6621,0
6622,0
6623,0
6624,0
6625,0
6626,0
6627,0
6629,0
6630,0
6631,0
6632,0
6634,0
6635,0
6636,2
6637,0
6638,0
6639,0
6641,0
6642,0
6643,0
6644,0
6645,0
6647,3
6648,0
6650,0
6651,0
6652,0
6653,0
6654,0
6655,0
6656,0
6657,0
6658,0
6659,0
6660,0
6661,0
6662,0
6664,0
6666,0
6667,0
6668,0
6669,0
6671,0
6672,0
6673,0
6674,0
6677,0
6681,0
6685,2
6686,0
6687,0
6688,0
6689,0
6690,0
6691,0
6692,0
6693,0
6694,0
6695,0
6696,0
6700,0
6701,0
6702,0
6703,0
6704,0
6705,0
6706,0
6707,0
6708,0
6709,0
6711,0
6712,0
6713,0
6714,0
6716,0
6717,0
6718,0
6719,0
6724,1
6725,2
6726,3
6727,3
6728,3
6730,0
6733,0
6734,0
6735,0
6736,0
6737,0
6739,1
6740,0
6741,0
6742,3
6743,0
6744,0
6745,0
6746,0
6747,0
6748,0
6749,0
6750,0
6751,3
6752,0
6753,0
6754,0
6755,0
6756,3
6757,0
6758,0
6759,0
6760,0
6761,0
6762,0
6763,0
6764,0
6765,0
6766,0
6767,5
6768,0
6769,0
6770,0
6771,0
6772,0
6773,0
6774,0
6775,0
6777,0
6778,3
6779,0
6780,3
6781,0
6782,0
6783,0
6784,0
6785,0
6786,0
6787,0
6788,1
6789,5
6790,0
6791,0
6792,0
6793,0
6794,0
6795,0
6796,0
6798,0
6799,0
6800,0
6801,0
6802,0
6803,0
6805,0
6806,0
6807,0
6808,0
6809,0
6810,0
6811,0
6812,0
6813,0
6814,3
6816,0
6817,0
6818,0
6819,0
6820,0
6821,0
6822,0
6823,0
6844,0
6864,0
6866,3
6867,3
6869,3
6870,3
6871,3
6873,4
6894,5
6896,0
6897,0
6898,0
6899,0
6900,0
6902,0
6903,0
6905,0
6907,3
6909,5
6910,5
6913,3
6917,3
6918,0
6920,0
6921,0
6922,5
6923,0
6924,0
6925,0
6927,0
6940,1
6941,0
6942,3
6945,5
6946,5
6947,5
6949,4
6950,3
6951,3
6954,0
6955,0
6957,3
6958,5
6960,3
6961,0
6962,0
6963,0
6964,0
6965,6
6966,0
6967,0
6969,0
6970,0
6973,0
6974,0
6975,0
6976,0
6977,0
6978,0
6979,2
6980,2
6981,0
6982,3
6983,0
6984,4
6985,4
6986,0
6987,0
6991,0
6992,0
6993,0
6994,0
6995,0
6996,2
6997,0
6998,0
6999,0
7000,0
7001,1
7020,0
7022,0
7023,0
7027,0
7028,0
7029,0
7030,0
7031,0
7032,0
7033,0
7034,0
7035,0
7036,0
7038,5
7039,5
7040,5
7041,5
7042,5
7043,5
7044,5
7045,5
7046,5
7047,5
7048,5
7049,5
7050,5
7051,5
7053,5
7054,5
7056,0
7057,5
7067,0
7068,5
7069,5
7072,5
7074,5
7076,0
7077,0
7078,0
7079,0
7081,1
7082,2
7083,0
7084,0
7090,3
7092,0
7093,5
7095,0
7098,5
7099,5
7101,2
7102,5
7103,5
7104,0
7105,0
7106,5
7107,5
7108,1
7109,0
7120,1
7121,5
7122,5
7124,5
7125,3
7126,0
7127,5
7128,1
7129,0
7130,0
7131,0
7132,0
7133,0
7134,0
7135,0
7136,5
7137,0
7139,5
7140,5
7141,0
7143,0
7144,0
7145,0
7146,0
7147,0
7148,0
7149,0
7150,0
7151,0
7152,0
7153,0
7154,5
7155,0
7156,0
7157,0
7159,0
7160,0
7162,1
7164,0
7165,0
7178,3
7179,0
7180,0
7181,0
7182,0
7183,0
7184,0
7198,0
7199,0
7200,0
7201,0
7203,0
7204,0
7205,0
7206,0
7207,0
7208,0
7209,0
7210,0
7211,0
7212,0
7213,0
7214,0
7215,0
7216,0
7217,0
7218,0
7219,0
7220,0
7221,0
7222,0
7223,0
7224,0
7225,0
7226,0
7227,0
7228,0
7229,0
7230,2
7231,2
7232,2
7233,2
7234,2
7235,5
7236,4
7237,4
7238,4
7239,4
7240,4
7241,5
7242,5
7243,5
7244,5
7245,1
7246,1
7247,1
7248,1
7249,1
7250,3
7251,3
7252,3
7253,3
7254,3
7255,0
7256,0
7257,0
7258,0
7259,0
7260,0
7261,0
7262,0
7263,0
7264,0
7265,0
7266,0
7267,0
7268,6
7269,6
7270,6
7272,3
7273,3
7276,0
7277,0
7278,0
7279,3
7280,0
7285,0
7288,2
7289,0
7290,5
7291,0
7293,0
7294,1
7295,5
7296,1
7297,0
7300,4
7301,4
7302,4
7320,4
7321,4
7322,4
7323,0
7324,0
7325,1
7326,0
7327,0
7328,1
7329,0
7330,0
7331,1
7336,0
7337,0
7338,0
7339,0
7340,0
7341,0
7342,0
7344,0
7353,0
7355,0
7356,0
7357,3
7358,0
7359,0
7361,0
7363,2
7364,0
7365,3
7366,0
7367,3
7369,0
7370,0
7371,0
7372,0
7373,0
7374,0
7375,0
7376,0
7377,0
7378,0
7379,0
7380,0
7381,0
7382,0
7383,4
7384,0
7385,0
7386,0
7389,0
7390,0
7391,0
7392,0
7393,3
7394,0
7395,2
7396,0
7398,0
7399,5
7400,0
7401,0
7402,0
7403,0
7404,0
7405,0
7406,0
7407,0
7408,0
7409,0
7411,0
7412,0
7413,0
7414,0
7415,0
7416,0
7417,0
7418,0
7419,0
7420,0
7421,0
7422,0
7423,0
7426,0
7427,0
7428,0
7429,0
7430,0
7431,0
7433,0
7434,0
7436,0
7437,0
7438,0
7439,0
7441,0
7442,0
7443,0
7444,0
7445,0
7446,0
7447,0
7448,0
7449,0
7450,0
7451,0
7452,0
7454,0
7455,0
7456,0
7457,0
7459,0
7461,0
7462,0
7464,0
7465,0
7466,0
7468,0
7469,0
7470,0
7471,0
7472,0
7473,0
7474,0
7475,0
7476,0
7477,0
7478,0
7479,0
7481,5
7482,0
7483,5
7484,5
7485,5
7486,5
7487,5
7488,5
7489,5
7490,0
7491,0
7492,0
7493,0
7494,0
7495,0
7496,0
7497,0
7498,0
7499,0
7500,0
7501,0
7502,0
7503,0
7504,0
7505,0
7506,0
7507,0
7508,0
7509,0
7511,0
7513,0
7514,0
7515,0
7516,0
7517,0
7518,0
7520,0
7522,0
7523,0
7524,0
7525,0
7526,0
7527,0
7529,0
7530,0
7531,0
7532,0
7533,0
7534,0
7535,0
7536,0
7537,0
7538,0
7539,0
7540,0
7541,0
7542,0
7543,0
7544,0
7545,0
7546,0
7547,0
7548,0
7549,0
7550,0
7551,0
7552,0
7553,0
7554,0
7555,0
7556,0
7557,0
7558,0
7559,0
7560,0
7561,0
7562,0
7563,0
7564,0
7565,0
7566,0
7567,0
7568,0
7569,0
7570,0
7571,0
7572,0
7573,0
7574,0
7575,0
7576,0
7577,0
7578,0
7579,0
7580,0
7581,0
7582,0
7583,0
7584,0
7585,4
7586,5
7587,5
7588,5
7590,0
7591,0
7592,0
7593,0
7594,0
7595,0
7596,0
7597,0
7598,0
7599,0
7600,0
7601,5
7614,5
7615,5
7616,5
7617,5
7618,5
7619,5
7620,0
7621,5
7623,0
7624,0
7626,0
7627,0
7629,0
7630,0
7631,0
7632,0
7633,0
7635,0
7636,0
7637,0
7638,1
7639,0
7640,0
7641,5
7642,0
7643,0
7644,0
7645,5
7646,5
7647,0
7648,5
7649,0
7650,0
7651,5
7652,0
7653,0
7655,5
7656,5
7657,5
7658,5
7659,5
7660,0
7661,0
7662,0
7663,0
7664,0
7665,0
7666,0
7667,3
7668,3
7669,1
7670,0
7671,5
7673,0
7675,0
7676,0
7677,0
7678,0
7679,0
7680,0
7681,0
7683,0
7684,0
7685,0
7686,0
7687,0
7688,0
7689,0
7690,0
7691,0
7692,0
7693,0
7694,0
7695,0
7696,0
7697,0
7698,0
7699,0
7700,0
7701,0
7702,0
7703,0
7704,0
7705,0
7706,0
7707,0
7708,0
7709,0
7710,0
7711,0
7712,2
7713,5
7714,2
7715,2
7716,2
7717,2
7718,2
7719,2
7720,0
7721,0
7722,0
7723,0
7724,0
7725,0
7726,0
7728,0
7729,0
7731,0
7732,0
7733,0
7734,0
7736,0
7737,0
7738,0
7739,2
7741,0
7742,0
7743,0
7744,0
7745,0
7746,0
7747,0
7748,0
7749,0
7750,5
7751,0
7752,0
7753,0
7754,0
7755,0
7756,0
7757,0
7758,0
7759,0
7760,0
7761,5
7762,0
7763,0
7764,3
7765,0
7766,0
7767,0
7768,0
7769,0
7770,0
7771,0
7772,0
7773,0
7776,0
7777,0
7778,0
7779,0
7780,0
7782,0
7783,0
7784,0
7786,0
7787,0
7788,0
7789,0
7791,0
7792,0
7793,0
7794,0
7795,0
7796,0
7797,0
7798,0
7799,2
7800,2
7801,2
7802,2
7803,3
7804,5
7805,5
7806,2
7807,2
7808,2
7809,5
7810,5
7811,5
7812,5
7813,5
7814,5
7815,5
7816,5
7817,0
7818,0
7819,0
7820,0
7821,5
7822,0
7823,0
7824,0
7825,0
7826,0
7827,0
7828,0
7829,0
7830,0
7831,0
7832,0
7833,0
7834,0
7835,0
7836,0
7837,0
7838,0
7839,0
7840,0
7841,0
7842,0
7843,0
7844,2
7845,0
7846,0
7847,0
7848,0
7849,0
7850,0
7851,0
7852,0
7853,0
7854,0
7855,0
7856,0
7857,0
7858,0
7859,0
7860,0
7861,0
7862,0
7863,0
7864,0
7865,0
7866,0
7867,0
7868,0
7870,5
7871,0
7872,0
7873,0
7874,0
7875,0
7876,0
7877,0
7878,0
7879,0
7880,0
7881,0
7882,0
7883,0
7884,0
7885,0
7886,0
7887,0
7889,0
7891,2
7892,0
7893,0
7894,0
7895,0
7896,2
7897,2
7898,0
7901,3
7902,2
7903,0
7904,0
7905,0
7906,0
7907,0
7908,0
7909,0
7910,0
7911,0
7912,0
7913,0
7914,5
7915,0
7916,0
7918,0
7919,0
7920,0
7922,0
7923,0
7924,0
7925,0
7926,0
7927,0
7928,0
7929,0
7930,0
7931,0
7932,3
7933,3
7934,0
7935,0
7936,0
7937,0
7938,0
7939,0
7940,0
7941,0
7942,0
7943,0
7944,0
7945,0
7946,0
7947,3
7948,3
7949,3
7950,0
7951,3
7952,5
7953,0
7954,0
7955,0
7956,0
7957,0
7958,0
7960,3
7961,0
7962,0
7964,0
7965,0
7966,3
7967,5
7968,0
7969,0
7970,0
7971,0
7972,0
7973,0
7974,0
7975,0
7976,0
7977,0
7978,2
7979,0
7992,3
7993,0
7994,5
7997,3
7998,3
7999,3
8000,2
8001,0
8004,3
8005,3
8006,0
8007,0
8008,3
8009,0
8010,3
8011,0
8012,3
8013,0
8014,3
8016,3
8017,3
8018,3
8019,3
8020,0
8021,0
8022,0
8024,2
8025,0
8026,2
8027,2
8028,2
8029,2
8030,2
8031,0
8032,0
8033,4
8034,4
8035,0
8037,4
8038,4
8039,0
8040,5
8041,3
8042,3
8043,0
8044,3
8045,3
8046,3
8047,0
8048,0
8049,0
8050,2
8051,0
8052,2
8053,2
8054,0
8055,0
8056,4
8057,0
8058,4
8059,0
8060,3
8061,0
8063,0
8064,5
8065,1
8066,0
8067,0
8068,3
8070,3
8071,3
8072,3
8073,0
8075,3
8076,3
8077,0
8078,3
8079,2
8080,0
8082,0
8083,0
8084,0
8085,0
8086,0
8087,0
8088,0
8089,0
8090,0
8091,3
8092,5
8093,0
8094,3
8095,3
8096,3
8097,3
8098,3
8099,3
8100,3
8101,3
8102,5
8103,5
8104,5
8105,5
8106,5
8107,0
8108,0
8109,0
8110,0
8111,0
8112,3
8113,3
8114,3
8115,3
8116,3
8117,3
8118,3
8119,3
8120,3
8121,0
8122,5
8123,0
8124,5
8125,0
8126,0
8127,5
8128,3
8129,5
8130,0
8131,5
8132,0
8133,0
8134,3
8135,0
8136,0
8137,3
8138,3
8139,3
8140,5
8141,1
8142,0
8143,3
8144,0
8145,3
8146,3
8147,3
8148,3
8149,0
8150,3
8151,0
8152,0
8153,0
8154,3
8155,3
8156,3
8157,3
8158,0
8159,0
8160,3
8161,3
8162,3
8163,3
8164,0
8165,0
8166,3
8167,3
8168,3
8169,0
8170,3
8171,3
8172,3
8173,0
8176,0
8177,3
8178,3
8179,3
8180,0
8181,2
8182,3
8183,0
8184,4
8185,4
8186,0
8187,2
8188,2
8189,0
8190,2
8191,1
8192,5
8193,0
8194,5
8195,0
8198,0
8199,0
8200,0
8201,0
8202,0
8203,0
8204,0
8205,0
8206,0
8207,0
8208,0
8209,0
8210,0
8211,5
8212,0
8213,0
8214,1
8215,0
8216,0
8217,0
8218,0
8219,0
8220,0
8221,0
8222,0
8223,0
8224,0
8225,5
8226,0
8227,2
8229,2
8230,2
8231,0
8232,3
8233,3
8234,0
8235,3
8236,3
8237,0
8238,0
8239,0
8240,0
8241,0
8242,0
8243,0
8244,0
8245,3
8246,3
8247,5
8248,2
8249,2
8250,2
8251,2
8252,0
8253,2
8255,0
8256,3
8257,3
8258,1
8259,0
8260,0
8262,0
8263,0
8264,2
8265,2
8266,2
8267,5
8268,5
8269,0
8270,0
8271,0
8272,5
8273,0
8274,0
8275,3
8276,0
8277,5
8278,0
8279,0
8281,0
8282,5
8283,5
8285,0
8286,0
8288,5
8289,5
8290,0
8291,0
8292,3
8293,3
8295,0
8296,0
8298,0
8299,0
8312,3
8313,3
8314,0
8315,0
8316,2
8317,2
8318,0
8319,0
8320,5
8321,0
8322,0
8324,0
8325,0
8326,0
8327,0
8328,0
8329,0
8331,2
8332,2
8333,2
8334,0
8336,0
8338,3
8339,0
8341,0
8342,3
8344,0
8345,5
8346,0
8347,0
8348,1
8349,2
8350,2
8351,2
8352,0
8353,0
8354,0
8355,0
8356,0
8357,0
8358,1
8359,0
8360,0
8361,1
8362,1
8363,3
8364,4
8365,0
8366,0
8367,0
8368,0
8369,0
8370,0
8371,0
8372,0
8373,0
8374,0
8375,0
8376,0
8377,0
8378,0
8379,0
8380,0
8381,0
8382,3
8383,2
8384,4
8385,3
8386,0
8387,0
8388,0
8389,0
8390,0
8391,0
8392,0
8393,3
8394,0
8395,0
8396,0
8397,0
8398,4
8399,5
8400,2
8401,2
8402,2
8403,0
8404,0
8405,0
8406,4
8407,4
8408,4
8409,0
8410,0
8411,0
8412,2
8413,2
8414,0
8415,0
8416,6
8417,6
8418,6
8419,6
8420,0
8421,0
8422,2
8423,2
8425,0
8426,0
8427,4
8428,0
8429,6
8430,0
8431,0
8432,5
8433,5
8434,5
8435,3
8437,6
8438,6
8439,6
8440,0
8441,0
8442,0
8443,2
8444,2
8445,2
8446,2
8447,0
8448,0
8449,0
8450,6
8451,6
8452,0
8453,0
8455,6
8456,0
8457,2
8458,2
8459,0
8460,0
8461,4
8462,4
8463,0
8464,0
8465,0
8466,0
8467,0
8468,0
8469,0
8470,5
8471,5
8472,5
8473,5
8474,1
8475,1
8476,1
8477,1
8478,1
8479,6
8480,6
8481,6
8482,0
8483,0
8484,0
8485,0
8486,6
8487,6
8488,6
8489,0
8490,0
8491,0
8492,4
8493,0
8494,6
8495,6
8496,0
8497,0
8498,2
8499,2
8500,0
8501,0
8502,2
8503,2
8504,2
8505,2
8506,2
8507,2
8508,2
8509,2
8510,2
8511,2
8512,3
8513,0
8514,3
8515,3
8516,3
8517,0
8532,0
8552,5
8553,0
8554,0
8555,0
8593,1
8594,0
8595,1
8596,1
8597,0
8598,3
8599,0
8600,3
8601,0
8602,3
8603,0
8604,0
8605,0
8606,0
8607,0
8608,0
8609,0
8611,0
8612,0
8613,0
8615,0
8616,0
8617,0
8618,0
8619,0
8620,0
8621,0
8622,0
8623,0
8624,0
8625,0
8626,0
8627,0
8629,0
8630,0
8631,0
8632,0
8633,0
8634,0
8635,0
8636,0
8637,0
8638,0
8639,0
8640,0
8641,0
8642,0
8643,0
8644,0
8645,0
8646,0
8647,0
8648,0
8649,0
8650,0
8651,0
8652,0
8654,0
8655,0
8656,0
8672,0
8673,0
8674,0
8675,0
8676,0
8677,5
8678,0
8679,0
8680,3
8681,0
8682,0
8685,3
8686,0
8687,0
8688,0
8689,3
8690,0
8691,0
8692,3
8693,0
8694,0
8695,0
8696,0
8697,0
8699,3
8700,0
8701,0
8712,0
8713,3
8714,3
8715,0
8716,0
8717,0
8721,0
8722,5
8723,0
8724,0
8725,0
8727,0
8728,0
8732,3
8733,4
8734,0
8735,0
8736,3
8737,0
8738,0
8739,0
8740,4
8741,4
8742,4
8743,4
8744,4
8745,4
8747,3
8748,5
8749,3
8751,3
8752,3
8753,3
8754,0
8755,0
8756,0
8757,0
8758,0
8759,0
8760,0
8761,0
8762,0
8763,0
8764,0
8765,0
8766,0
8767,0
8768,0
8769,0
8770,0
8771,0
8772,0
8773,0
8774,0
8775,0
8776,0
8777,0
8778,0
8779,0
8780,0
8781,0
8782,0
8783,0
8784,0
8785,0
8786,0
8787,0
8788,3
8789,0
8790,0
8791,0
8793,0
8794,0
8795,0
8796,0
8797,0
8798,0
8799,0
8800,2
8801,0
8802,0
8803,0
8804,0
8805,0
8806,3
8807,0
8809,5
8810,0
8812,1
8813,0
8814,2
8815,3
8816,0
8817,0
8818,0
8820,0
8821,0
8822,0
8823,0
8824,0
8825,0
8826,0
8832,0
8833,5
8834,5
8835,3
8836,3
8837,0
8838,0
8852,3
8853,0
8854,0
8855,0
8856,0
8857,0
8858,2
8872,0
8873,2
8874,0
8875,0
8876,0
8878,0
8879,0
8880,0
8881,0
8892,0
8893,2
8894,0
8895,0
8896,0
8897,0
8898,0
8899,0
8900,0
8901,0
8902,0
8903,3
8904,0
8905,3
8906,0
8907,3
8908,0
8909,0
8910,3
8911,0
8912,0
8913,1
8914,3
8915,0
8916,0
8917,0
8918,3
8919,0
8920,0
8921,6
8922,0
8924,6
8925,6
8926,6
8927,6
8928,6
8929,6
8930,0
8931,0
8932,0
8933,0
8934,0
8935,0
8936,3
8937,0
8938,3
8939,3
8940,3
8941,3
8942,0
8943,0
8944,0
8945,0
8946,3
8947,0
8949,6
8950,6
8951,6
8952,0
8953,0
8954,0
8955,3
8956,0
8972,0
8973,0
8974,0
8975,0
8976,0
8977,0
8978,0
8979,0
8980,0
8981,0
8983,0
8984,0
8985,0
8986,0
8988,3
8989,0
8990,1
8992,0
8993,0
8994,5
8995,0
8996,0
8997,0
8998,0
8999,0
9000,0
9001,0
9002,2
9003,2
9004,2
9005,0
9006,0
9007,0
9008,0
9009,2
9010,0
9012,0
9032,0
9033,0
9034,2
9035,5
9036,0
9052,0
9053,2
9055,0
9056,0
9057,2
9058,0
9059,0
9060,0
9061,0
9062,0
9063,0
9064,0
9065,0
9066,0
9067,0
9068,0
9069,0
9070,0
9071,0
9072,0
9073,0
9074,0
9075,0
9076,0
9077,0
9078,0
9079,0
9080,0
9081,5
9082,0
9084,0
9092,0
9093,3
9095,0
9096,0
9097,0
9098,0
9099,0
9100,0
9101,0
9102,0
9103,0
9104,0
9105,0
9106,0
9107,0
9108,0
9109,0
9110,0
9111,0
9112,0
9113,0
9114,0
9115,0
9116,0
9117,0
9118,0
9119,0
9120,0
9121,0
9122,0
9123,0
9124,0
9125,0
9127,0
9128,0
9132,0
9133,0
9134,0
9135,0
9136,0
9137,0
9138,0
9139,0
9140,0
9141,0
9142,0
9143,2
9144,0
9145,0
9146,0
9147,0
9148,0
9149,0
9150,0
9151,0
9152,0
9153,0
9154,0
9155,0
9156,0
9157,0
9159,5
9160,5
9161,0
9162,4
9163,1
9172,0
9173,0
9174,1
9175,0
9176,1
9177,0
9178,4
9179,0
9192,3
9193,0
9194,0
9195,0
9196,0
9197,0
9198,0
9199,3
9200,3
9201,0
9202,0
9204,0
9205,0
9206,0
9207,0
9208,0
9209,0
9210,0
9211,0
9212,0
9213,0
9214,0
9215,0
9216,0
9217,0
9218,0
9219,0
9220,3
9221,0
9222,0
9223,0
9224,0
9232,0
9233,2
9234,3
9235,0
9252,0
9253,0
9256,5
9257,1
9258,0
9259,0
9260,0
9261,0
9262,0
9263,0
9264,0
9265,0
9266,0
9267,0
9268,0
9269,0
9270,0
9271,0
9272,0
9273,0
9274,0
9275,2
9276,0
9292,0
9293,0
9294,0
9295,0
9296,0
9297,0
9298,0
9299,4
9300,4
9301,4
9302,4
9303,4
9304,4
9305,4
9306,4
9307,4
9308,4
9309,1
9310,1
9311,1
9312,1
9313,1
9314,0
9315,0
9316,0
9317,0
9318,0
9319,5
9320,5
9321,5
9322,5
9323,5
9324,5
9325,5
9326,5
9327,5
9328,5
9329,0
9330,0
9331,0
9332,0
9333,0
9334,0
9335,0
9336,0
9337,3
9338,3
9339,3
9340,3
9341,3
9342,3
9343,3
9344,3
9345,3
9346,3
9347,0
9348,0
9349,0
9350,0
9351,0
9352,0
9353,0
9354,0
9355,0
9356,0
9357,0
9358,0
9359,0
9360,0
9361,0
9372,0
9373,5
9392,0
9393,0
9394,0
9395,0
9396,0
9397,0
9398,0
9399,0
9400,0
9401,0
9402,0
9403,0
9404,0
9405,0
9406,0
9407,0
9408,0
9409,0
9410,0
9411,0
9412,0
9413,0
9414,0
9415,0
9416,0
9417,0
9433,6
9435,2
9436,0
9437,0
9438,1
9439,0
9440,0
9452,0
9453,0
9454,0
9455,1
9456,3
9457,0
9458,0
9459,3
9460,3
9461,0
9462,0
9463,0
9464,3
9472,1
9473,1
9474,1
9475,0
9476,0
9477,0
9478,0
9481,1
9482,2
9483,0
9484,1
9485,1
9486,0
9487,2
9488,2
9489,0
9490,0
9491,0
9492,0
9493,0
9494,0
9495,0
9512,0
9513,0
9514,0
9515,0
9532,3
9552,2
9572,3
9573,2
9574,2
9575,2
9576,0
9577,0
9578,5
9579,5
9580,0
9581,0
9582,0
9583,0
9584,0
9586,0
9587,3
9590,0
9591,3
9592,5
9593,0
9594,0
9595,0
9596,0
9612,0
9613,5
9614,5
9615,0
9616,3
9617,0
9632,0
9633,0
9634,0
9635,3
9636,0
9653,0
9654,3
9657,5
9658,2
9672,4
9712,5
9733,0
9734,1
9735,0
9736,0
9737,0
9738,0
9739,3
9740,0
9741,0
9743,0
9744,0
9745,0
9746,0
9747,0
9748,0
9749,3
9750,3
9751,0
9752,0
9753,0
9754,0
9755,0
9756,3
9757,0
9758,3
9759,0
9760,0
9761,0
9762,0
9763,0
9764,0
9765,0
9766,0
9767,0
9768,0
9769,3
9770,3
9771,3
9772,0
9773,2
9774,0
9775,3
9776,3
9777,1
9778,0
9779,2
9781,0
9782,0
9783,0
9784,0
9785,0
9786,0
9787,0
9788,0
9789,0
9790,0
9791,0
9793,0
9794,0
9795,0
9796,3
9797,0
9798,3
9799,0
9800,1
9801,0
9806,3
9808,0
9810,0
9811,0
9812,0
9813,0
9814,0
9815,0
9817,0
9818,0
9819,0
9820,0
9821,0
9822,0
9823,0
9824,0
9825,0
9826,0
9827,0
9828,0
9829,0
9830,0
9831,0
9832,0
9833,6
9834,6
9835,6
9836,0
9837,0
9838,0
9839,3
9840,3
9841,3
9842,0
9843,0
9844,0
9845,0
9846,0
9847,0
9848,0
9849,0
9850,0
9851,0
9852,3
9853,3
9854,0
9855,0
9856,3
9857,3
9858,3
9859,0
9860,0
9861,0
9862,3
9863,3
9864,0
9865,0
9866,0
9867,0
9868,0
9869,0
9870,0
9871,0
9872,0
9873,0
9874,2
9875,6
9876,6
9877,0
9878,0
9879,2
9880,0
9881,0
9882,0
9883,0
9884,3
9885,3
9886,0
9887,0
9888,3
9889,3
9890,0
9891,0
9892,0
9893,0
9894,0
9895,0
9896,0
9897,0
9898,0
9899,0
9900,0
9901,3
9902,0
9903,0
9904,0
9905,0
9906,0
9907,3
9908,0
9909,0
9910,3
9911,0
9912,3
9913,0
9914,0
9915,4
9916,0
9917,0
9918,0
9920,0
9921,0
9922,0
9924,0
9925,0
9926,0
9927,0
9928,0
9929,0
9930,3
9931,0
9932,0
9933,0
9934,0
9935,0
9936,0
9937,0
9938,0
9939,0
9940,0
9941,0
9942,0
9943,0
9944,0
9945,0
9946,0
9949,0
9950,0
9951,0
9952,0
9953,0
9954,0
9955,0
9956,1
9957,0
9958,0
9959,0
9960,0
9961,0
9962,0
9964,0
9965,0
9966,0
9967,0
9968,0
9969,0
9970,0
9971,0
9972,0
9973,0
9974,0
9976,0
9977,0
9978,0
9979,0
9980,0
9981,0
9982,0
9983,0
9984,0
9985,0
9986,0
9987,0
9988,0
9989,0
9990,0
9991,3
9992,0
9993,0
9994,0
9995,0
9996,0
9997,0
9998,0
9999,3
10000,0
10001,0
10002,0
10003,0
10004,0
10005,0
10006,0
10007,0
10008,0
10009,0
10010,0
10011,0
10012,0
10013,0
10014,0
10015,0
10016,0
10017,4
10018,4
10019,0
10020,0
10021,0
10022,3
10032,0
10052,0
10053,6
10054,6
10055,0
10056,0
10057,0
10058,0
10059,6
10060,1
10061,0
10072,0
10073,0
10074,0
10092,0
10093,0
10094,0
10095,0
10096,0
10097,0
10098,0
10099,0
10100,0
10101,0
10113,0
10132,0
10134,0
10136,3
10137,0
10138,6
10139,6
10140,6
10141,0
10142,0
10143,0
10144,6
10145,6
10146,0
10147,0
10148,2
10149,2
10150,2
10151,2
10152,0
10153,0
10154,0
10155,0
10156,6
10157,6
10158,0
10159,4
10160,4
10161,4
10162,0
10163,0
10164,0
10165,6
10166,6
10167,0
10168,0
10169,6
10170,6
10171,0
10172,0
10173,6
10174,6
10175,0
10176,0
10177,4
10178,0
10179,4
10180,4
10181,4
10182,0
10183,0
10184,0
10185,4
10186,4
10187,4
10188,0
10189,0
10190,0
10191,6
10192,6
10193,6
10194,0
10195,0
10196,0
10197,2
10198,0
10199,2
10200,0
10201,6
10202,6
10203,0
10204,0
10205,2
10206,2
10207,2
10208,0
10209,0
10210,0
10211,6
10212,6
10213,0
10214,0
10215,2
10216,2
10217,0
10218,0
10219,4
10220,4
10221,0
10222,0
10223,2
10224,0
10225,2
10226,0
10227,0
10228,6
10229,0
10230,4
10231,0
10232,6
10233,0
10234,5
10235,0
10236,0
10237,0
10238,0
10239,0
10240,0
10241,0
10242,0
10244,0
10245,0
10246,0
10247,0
10248,0
10249,0
10250,0
10251,3
10252,0
10253,4
10254,0
10255,0
10256,0
10257,0
10258,0
10259,0
10260,5
10263,0
10264,0
10265,0
10266,0
10267,5
10268,0
10269,1
10270,1
10271,0
10272,0
10273,6
10274,6
10275,1
10276,0
10277,0
10278,1
10279,0
10280,1
10281,1
10282,0
10283,0
10284,1
10285,1
10286,1
10287,0
10288,0
10289,0
10290,1
10291,1
10292,1
10293,1
10294,1
10295,1
10296,1
10297,1
10298,1
10299,1
10300,1
10301,1
10302,1
10303,1
10304,1
10305,1
10306,1
10307,0
10308,1
10309,0
10310,1
10311,0
10312,1
10313,1
10314,1
10315,0
10316,0
10317,0
10318,1
10319,1
10320,0
10321,0
10322,1
10323,0
10324,1
10325,0
10326,3
10327,0
10328,1
10329,1
10330,0
10331,0
10332,1
10333,1
10334,0
10335,0
10336,0
10337,0
10338,0
10339,0
10340,0
10341,3
10342,0
10343,0
10344,0
10345,5
10346,0
10347,0
10348,0
10351,0
10368,1
10369,0
10370,0
10371,0
10372,0
10373,0
10374,0
10387,0
10388,0
10389,0
10390,0
10391,3
10392,3
10393,0
10394,0
10395,3
10396,3
10397,0
10398,0
10399,3
10400,3
10401,0
10402,0
10403,3
10404,3
10405,3
10406,3
10407,3
10408,3
10409,0
10410,0
10411,0
10412,3
10413,3
10414,3
10415,0
10416,0
10417,0
10418,0
10419,2
10420,2
10421,0
10422,0
10423,3
10424,3
10425,3
10426,3
10427,3
10428,3
10429,0
10430,0
10431,3
10432,3
10433,0
10434,0
10435,2
10436,2
10437,2
10438,2
10439,0
10440,0
10441,3
10442,3
10443,0
10444,2
10445,2
10446,0
10447,2
10448,2
10449,0
10450,0
10451,2
10452,2
10454,0
10455,0
10456,4
10457,0
10458,4
10459,0
10460,3
10461,3
10462,4
10463,4
10464,0
10465,0
10466,3
10467,3
10468,3
10469,0
10470,0
10471,0
10472,4
10473,4
10474,0
10475,0
10476,3
10477,3
10478,2
10479,2
10480,0
10481,0
10482,0
10484,3
10485,0
10486,3
10487,0
10488,0
10490,0
10491,3
10492,0
10493,3
10494,3
10495,4
10496,4
10497,4
10499,0
10500,0
10507,0
10508,0
10509,0
10510,0
10511,0
10512,0
10513,0
10514,0
10515,0
10516,0
10517,0
10518,0
10519,0
10520,0
10521,2
10522,0
10523,2
10524,2
10525,0
10526,2
10527,0
10528,0
10529,0
10530,0
10531,0
10532,0
10533,0
10534,4
10535,4
10536,0
10537,4
10538,4
10540,0
10541,0
10542,0
10543,0
10544,0
10545,0
10546,0
10547,0
10548,0
10549,0
10550,0
10551,0
10552,0
10553,0
10554,0
10555,0
10556,0
10557,0
10558,0
10559,0
10560,0
10561,0
10562,0
10563,0
10564,0
10565,0
10566,0
10567,0
10568,0
10569,0
10570,0
10571,0
10572,0
10573,0
10574,0
10575,0
10576,0
10577,1
10578,2
10579,2
10580,2
10581,2
10582,2
10583,2
10584,2
10585,2
10586,2
10587,2
10588,0
10589,0
10590,0
10591,3
10592,3
10593,0
10594,0
10595,3
10596,3
10597,0
10598,3
10599,3
10600,3
10601,3
10602,0
10603,0
10604,0
10605,3
10607,3
10608,3
10609,3
10610,3
10611,3
10612,3
10613,3
10614,3
10615,0
10616,0
10617,0
10618,1
10619,0
10620,0
10621,0
10622,3
10623,3
10624,0
10625,0
10626,3
10627,3
10628,0
10629,0
10630,0
10631,0
10632,0
10633,0
10647,0
10648,0
10650,0
10651,0
10652,0
10653,0
10654,1
10655,0
10656,0
10657,0
10658,0
10659,0
10660,0
10661,0
10662,0
10663,0
10664,0
10665,0
10666,0
10667,0
10668,0
10669,0
10670,0
10671,0
10672,0
10673,0
10674,0
10675,0
10676,0
10677,0
10678,0
10679,0
10680,0
10681,0
10682,0
10683,0
10684,0
10685,0
10686,0
10687,0
10688,0
10689,0
10690,0
10691,0
10692,0
10693,0
10694,0
10695,0
10696,0
10697,0
10698,0
10699,0
10700,0
10701,0
10702,0
10703,0
10704,0
10705,0
10706,0
10707,0
10708,0
10709,0
10710,0
10711,0
10712,0
10713,0
10714,0
10715,0
10716,0
10717,0
10718,0
10719,0
10720,0
10721,0
10722,0
10723,3
10727,0
10729,0
10730,0
10731,0
10732,0
10733,2
10734,4
10737,4
10738,0
10747,0
10767,0
10768,0
10769,0
10770,0
10771,2
10772,0
10787,0
10788,0
10789,0
10790,0
10792,0
10793,0
10794,5
10795,0
10796,0
10797,6
10798,0
10799,0
10800,0
10801,0
10802,0
10803,0
10804,0
10805,0
10807,0
10828,0
10829,0
10830,4
10831,0
10832,0
10833,6
10834,0
10835,0
10836,0
10837,0
10838,0
10839,0
10840,0
10841,0
10842,0
10843,0
10844,0
10845,0
10846,0
10847,0
10848,1
10849,0
10850,0
10851,0
10852,0
10853,1
10854,2
10855,3
10856,3
10857,5
10858,0
10859,0
10860,0
10861,0
10863,0
10864,0
10865,5
10866,0
10867,5
10868,4
10869,2
10870,2
10872,3
10873,0
10874,5
10875,5
10876,5
10877,0
10878,0
10879,0
10880,1
10881,1
10882,0
10883,0
10884,1
10885,1
10886,0
10887,0
10888,5
10889,0
10890,5
10891,0
10892,5
10893,5
10894,5
10895,0
10896,0
10897,0
10898,1
10899,1
10900,1
10901,1
10902,0
10903,0
10904,0
10905,0
10906,0
10907,0
10908,0
10909,5
10910,0
10911,5
10912,5
10913,0
10914,0
10915,1
10916,1
10917,1
10918,0
10919,0
10920,0
10921,0
10927,1
10928,1
10929,1
10930,0
10931,0
10932,0
10933,1
10934,1
10935,0
10936,0
10937,1
10938,1
10939,0
10940,0
10941,5
10942,5
10943,0
10944,0
10945,5
10946,5
10947,5
10948,0
10949,0
10950,0
10951,1
10952,1
10953,5
10954,0
10955,1
10956,0
10957,5
10958,5
10959,0
10960,1
10961,1
10962,0
10963,1
10964,1
10965,1
10966,0
10967,0
10968,0
10969,0
10987,4
11007,0
11008,0
11009,0
11010,0
11011,0
11012,0
11013,0
11014,1
11015,0
11016,5
11017,5
11018,0
11019,3
11020,0
11021,2
11023,0
11024,1
11025,0
11026,0
11027,0
11048,0
11067,0
11068,0
11069,2
11070,0
11071,4
11078,0
11080,0
11082,3
11083,2
11084,3
11085,3
11086,0
11087,5
11088,5
11089,0
11094,0
11095,0
11100,2
11103,2
11108,0
11113,2
11115,2
11119,0
11120,0
11124,2
11129,2
11130,0
11131,4
11132,0
11147,0
11151,4
11160,4
11165,0
11170,0
11175,0
11180,0
11185,0
11189,0
11190,0
11195,0
11196,0
11197,0
11198,0
11199,0
11200,0
11201,3
11202,0
11203,0
11204,0
11205,0
11206,0
11207,4
11209,0
11210,6
11213,6
11222,6
11232,6
11237,0
11242,0
11247,0
11252,0
11255,0
11262,0
11264,4
11267,0
11268,0
11269,0
11270,0
11271,0
11272,0
11273,0
11274,0
11275,0
11276,0
11277,0
11278,0
11279,0
11280,0
11281,0
11282,0
11283,0
11284,0
11285,0
11286,0
11287,0
11288,0
11289,0
11290,0
11291,0
11292,0
11293,0
11294,0
11295,0
11296,0
11297,0
11298,0
11299,0
11300,0
11301,0
11302,0
11303,0
11304,0
11305,0
11306,2
11307,2
11308,2
11309,2
11310,2
11311,2
11312,2
11313,2
11314,2
11315,2
11316,0
11317,0
11318,0
11319,0
11327,0
11328,0
11329,0
11330,0
11331,0
11332,0
11333,0
11334,0
11335,3
11336,3
11337,3
11338,0
11339,0
11340,0
11341,0
11342,0
11343,0
11344,0
11345,0
11346,0
11348,0
11349,0
11350,2
11351,2
11352,0
11353,3
11354,3
11355,0
11356,0
11357,0
11358,0
11359,1
11360,0
11361,0
11362,0
11363,0
11364,0
11365,0
11366,2
11367,2
11368,2
11369,2
11370,2
11371,3
11372,4
11374,3
11387,0
11389,0
11390,0
11391,2
11392,3
11393,0
11394,0
11395,0
11396,0
11397,3
11398,3
11399,0
11400,0
11401,0
11402,0
11403,5
11404,0
11405,0
11406,1
11407,0
11409,0
11410,0
11411,0
11412,0
11413,0
11414,0
11415,0
11416,6
11417,6
11418,6
11419,6
11420,6
11421,0
11422,0
11423,0
11424,0
11425,0
11426,4
11427,0
11428,0
11430,0
11431,3
11433,5
11434,0
11435,0
11436,6
11437,0
11438,0
11440,0
11441,0
11442,5
11443,5
11444,1
11445,5
11446,5
11447,0
11448,0
11449,0
11450,0
11451,0
11452,0
11453,0
11454,0
11456,0
11457,0
11458,0
11459,0
11460,0
11461,0
11462,0
11463,0
11464,0
11465,0
11466,0
11467,0
11468,0
11469,3
11470,3
11471,3
11472,0
11473,0
11474,2
11475,0
11476,0
11477,0
11478,0
11479,0
11480,0
11481,2
11482,0
11483,0
11484,0
11485,0
11486,0
11487,0
11488,0
11490,0
11491,0
11492,0
11493,0
11494,0
11495,0
11496,0
11497,0
11498,0
11499,0
11500,0
11501,0
11503,0
11504,0
11505,0
11506,0
11507,0
11508,0
11509,0
11510,0
11511,0
11512,0
11513,0
11515,3
11518,0
11519,0
11520,0
11521,0
11522,0
11523,0
11524,0
11525,0
11526,0
11527,0
11528,0
11529,0
11530,0
11531,0
11532,0
11533,0
11534,0
11535,0
11536,0
11537,0
11538,4
11539,3
11540,0
11541,0
11542,0
11543,0
11544,0
11545,0
11547,0
11548,0
11549,0
11550,0
11551,0
11552,0
11553,0
11554,0
11555,0
11556,0
11557,0
11558,0
11559,0
11560,0
11561,0
11562,0
11563,0
11564,0
11565,0
11566,0
11567,0
11568,0
11570,0
11571,0
11572,0
11573,0
11574,0
11575,0
11576,0
11577,0
11578,0
11579,0
11580,0
11581,0
11582,0
11583,0
11584,0
11585,0
11586,0
11587,0
11588,0
11589,0
11590,0
11591,0
11592,0
11593,0
11594,0
11595,0
11596,0
11597,0
11598,0
11599,0
11600,0
11601,0
11602,0
11603,0
11604,0
11605,0
11606,0
11607,0
11608,0
11609,0
11610,0
11611,0
11612,0
11629,0
11630,0
11631,0
11632,0
11633,0
11634,0
11635,0
11636,0
11637,0
11638,3
11639,5
11640,1
11641,3
11642,1
11643,0
11644,0
11645,0
11647,1
11649,0
11650,0
11651,0
11652,0
11654,0
11655,0
11657,0
11658,5
11659,5
11660,5
11661,5
11662,0
11663,0
11664,0
11665,2
11666,0
11667,2
11668,2
11669,0
11670,0
11671,5
11672,5
11673,0
11674,0
11675,5
11676,0
11677,2
11678,2
11679,0
11680,0
11681,2
11682,2
11683,2
11684,2
11685,0
11686,0
11687,5
11688,5
11689,5
11690,0
11691,0
11692,0
11693,5
11694,5
11695,5
11696,0
11697,0
11698,0
11699,5
11700,5
11701,0
11702,0
11703,5
11704,5
11705,0
11706,0
11707,5
11708,5
11709,0
11710,0
11711,5
11712,5
11713,5
11714,0
11715,0
11716,0
11717,5
11718,0
11719,5
11720,0
11721,5
11722,5
11723,0
11724,0
11725,5
11726,5
11727,0
11728,0
11729,5
11730,5
11731,0
11732,0
11733,5
11734,5
11735,5
11736,0
11737,0
11738,0
11739,5
11740,5
11741,0
11742,0
11743,5
11755,0
11756,0
11757,0
11758,0
11759,0
11760,0
11761,0
11762,2
11763,2
11764,0
11765,0
11766,5
11767,5
11768,0
11769,0
11770,2
11771,2
11772,0
11773,0
11774,5
11775,5
11776,0
11777,0
11778,5
11779,5
11780,5
11781,0
11782,0
11783,0
11784,5
11785,5
11786,0
11787,0
11788,0
11789,3
11790,3
11791,0
11792,0
11794,0
11795,0
11796,0
11797,0
11798,0
11799,0
11800,0
11801,0
11802,0
11803,0
11804,0
11815,2
11816,0
11817,0
11818,0
11819,0
11820,0
11821,0
11822,0
11823,0
11824,3
11825,3
11826,0
11828,3
11829,2
11830,0
11831,4
11835,1
11836,4
11837,0
11838,0
11839,2
11840,0
11841,3
11855,0
11876,0
11877,0
11878,0
11879,0
11884,0
11885,0
11886,0
11887,0
11888,0
11889,0
11890,5
11891,1
11892,0
11893,5
11894,5
11895,1
11898,0
11899,0
11900,0
11901,0
11902,0
11903,0
11904,0
11918,3
11919,0
11920,0
11921,2
11922,3
11923,0
11939,5
11958,4
11959,0
11960,5
11961,5
11962,2
11963,5
11964,3
11966,2
11968,2
11969,2
11970,2
11971,0
11972,0
11974,1
11975,6
11976,0
11977,0
11978,0
11980,5
11981,5
11983,3
11984,2
11985,2
11986,3
11988,2
11989,2
11990,2
11992,0
11993,0
11994,0
11998,0
12001,5
12002,3
12018,0
12019,0
12020,5
12021,0
12022,6
12023,0
12024,0
12038,3
12039,1
12040,5
12042,6
12043,0
12044,0
12045,0
12046,0
12047,0
12048,0
12049,0
12050,0
12051,6
12052,0
12053,0
12054,0
12055,0
12056,0
12057,0
12058,3
12059,0
12060,0
12061,0
12062,0
12063,0
12064,0
12065,0
12066,0
12067,0
12068,0
12069,0
12070,0
12071,0
12072,0
12073,0
12074,0
12075,0
12076,0
12077,0
12078,0
12079,0
12080,0
12081,0
12082,0
12083,0
12084,0
12085,0
12086,0
12087,0
12088,0
12089,0
12090,0
12091,0
12092,0
12093,0
12094,3
12095,0
12096,5
12097,0
12098,5
12099,0
12100,0
12101,0
12102,0
12103,0
12104,0
12105,0
12106,0
12109,0
12110,0
12111,0
12112,0
12113,0
12114,0
12115,0
12116,0
12117,0
12118,0
12119,0
12120,0
12121,0
12122,0
12123,0
12124,0
12125,0
12126,0
12127,0
12128,0
12129,0
12130,0
12131,0
12132,0
12133,0
12134,0
12135,0
12136,0
12137,0
12138,0
12139,0
12140,0
12141,0
12142,0
12143,0
12145,0
12146,0
12147,0
12148,0
12149,0
12150,0
12151,0
12158,0
12159,0
12160,3
12161,0
12162,0
12163,0
12165,0
12166,0
12167,3
12168,0
12169,0
12170,0
12171,0
12172,0
12173,0
12174,3
12175,3
12176,3
12177,3
12178,3
12179,3
12180,0
12181,0
12182,0
12183,0
12184,0
12185,0
12186,0
12187,3
12188,3
12189,0
12198,0
12199,0
12218,0
12241,0
12242,0
12243,0
12244,5
12245,3
12246,3
12248,5
12250,0
12251,3
12252,0
12253,0
12254,0
12255,5
12256,0
12257,2
12258,0
12259,0
12260,0
12261,0
12278,2
12279,5
12280,3
12281,0
12282,0
12283,0
12284,0
12285,0
12286,0
12287,0
12288,0
12289,0
12290,0
12292,0
12294,0
12295,0
12296,0
12297,0
12298,0
12299,0
12300,0
12301,0
12302,0
12303,0
12304,0
12307,0
12308,0
12310,0
12311,0
12312,0
12313,0
12317,0
12318,0
12319,0
12320,0
12321,0
12322,0
12323,0
12324,0
12325,0
12326,0
12327,0
12328,0
12329,0
12330,0
12331,0
12332,0
12338,2
12339,2
12340,2
12341,2
12342,0
12343,0
12344,0
12345,0
12346,0
12347,0
12348,0
12349,0
12350,0
12351,2
12352,2
12353,2
12354,2
12355,2
12357,2
12358,2
12359,2
12360,2
12378,2
12379,0
12380,0
12398,2
12399,2
12400,2
12418,0
12419,2
12420,0
12421,2
12438,0
12458,0
12459,0
12460,0
12461,0
12463,0
12464,0
12466,2
12467,0
12468,2
12469,0
12470,2
12471,5
12472,0
12473,0
12475,0
12479,5
12480,5
12483,5
12484,4
12485,4
12486,4
12487,0
12488,0
12489,0
12490,0
12491,3
12492,3
12493,5
12494,4
12495,0
12496,4
12497,4
12498,4
12499,4
12500,6
12501,6
12502,6
12503,6
12504,0
12505,2
12506,0
12507,0
12508,0
12509,0
12510,0
12511,0
12512,0
12518,4
12519,4
12520,0
12521,0
12522,2
12523,2
12524,2
12525,2
12526,2
12527,2
12528,3
12529,4
12530,5
12531,4
12533,3
12534,0
12535,0
12536,6
12537,0
12538,0
12539,0
12540,0
12541,0
12542,5
12543,2
12544,4
12545,5
12546,5
12548,4
12549,3
12550,3
12551,4
12552,5
12553,3
12554,5
12555,0
12556,4
12557,4
12559,2
12560,0
12561,2
12562,2
12564,5
12565,0
12566,0
12567,0
12568,0
12569,0
12570,0
12571,0
12573,0
12574,6
12575,6
12576,6
12577,6
12578,0
12579,4
12580,0
12584,0
12585,0
12586,0
12587,0
12589,0
12590,0
12591,0
12592,6
12593,6
12594,0
12595,0
12596,0
12597,0
12598,0
12599,0
12600,0
12601,0
12602,0
12603,0
12604,0
12605,0
12606,0
12607,0
12608,1
12609,0
12610,0
12611,4
12612,0
12613,0
12614,0
12615,0
12616,0
12617,0
12618,0
12619,0
12620,0
12621,0
12622,0
12623,0
12624,0
12625,3
12626,3
12627,3
12628,0
12629,0
12630,0
12631,0
12632,0
12633,0
12634,0
12635,0
12636,0
12637,0
12638,0
12639,0
12640,0
12641,0
12642,0
12643,0
12644,0
12645,0
12646,0
12647,0
12648,0
12649,0
12650,0
12651,0
12652,0
12653,0
12654,2
12655,5
12656,0
12657,0
12658,0
12659,0
12660,0
12663,0
12664,0
12665,0
12666,0
12667,5
12668,0
12670,0
12671,0
12672,4
12674,4
12675,4
12676,0
12677,0
12678,0
12679,0
12680,0
12681,0
12682,0
12683,0
12684,0
12685,0
12686,0
12687,0
12688,0
12689,0
12690,0
12691,0
12692,0
12693,5
12694,0
12695,0
12696,0
12697,0
12699,0
12700,0
12701,0
12702,0
12703,0
12704,0
12705,0
12706,0
12707,0
12708,0
12709,0
12710,0
12711,0
12712,0
12713,0
12714,0
12715,0
12716,0
12717,0
12718,0
12719,0
12720,0
12721,0
12722,0
12723,0
12724,0
12725,0
12726,0
12727,0
12728,0
12730,0
12731,0
12732,3
12733,0
12734,0
12735,0
12736,0
12737,4
12738,5
12739,5
12740,0
12741,5
12742,2
12743,2
12744,2
12745,5
12746,5
12747,3
12748,4
12749,0
12750,0
12751,0
12752,0
12753,0
12754,0
12755,0
12758,0
12759,0
12760,0
12761,0
12762,0
12763,0
12764,0
12765,0
12766,3
12767,0
12768,0
12769,0
12770,0
12771,0
12772,0
12773,0
12774,0
12775,0
12776,0
12777,0
12778,0
12779,0
12780,0
12781,0
12782,0
12783,0
12784,0
12785,0
12787,0
12788,0
12789,0
12790,5
12791,0
12792,0
12795,0
12796,2
12797,0
12798,0
12799,0
12800,0
12802,0
12803,0
12804,0
12805,0
12806,0
12807,0
12808,0
12809,0
12810,0
12811,0
12812,0
12813,0
12814,0
12815,0
12816,0
12818,0
12821,0
12822,0
12823,0
12824,6
12825,6
12826,6
12827,0
12828,0
12829,0
12830,0
12831,0
12832,0
12833,0
12834,0
12835,0
12836,0
12837,0
12838,0
12839,6
12840,6
12841,6
12842,6
12843,5
12844,1
12845,3
12846,0
12847,0
12848,0
12849,0
12850,0
12851,0
12852,0
12853,0
12854,0
12855,0
12856,0
12857,0
12858,0
12860,0
12861,0
12862,0
12863,0
12864,0
12865,0
12866,0
12867,0
12868,0
12871,2
12872,0
12873,0
12874,0
12875,0
12876,0
12877,0
12878,0
12879,0
12880,0
12881,0
12882,3
12883,0
12884,3
12885,0
12886,0
12887,0
12888,5
12889,5
12890,5
12891,3
12894,0
12895,0
12896,2
12897,0
12898,2
12899,0
12900,0
12901,0
12902,0
12903,0
12904,0
12905,0
12906,0
12907,0
12908,0
12909,0
12910,0
12911,0
12912,0
12913,0
12914,0
12915,0
12916,0
12917,0
12918,0
12919,0
12938,1
12939,6
12941,0
12942,0
12943,0
12944,0
12945,0
12946,0
12947,0
12948,0
12949,0
12950,0
12952,4
12953,4
12954,4
12956,5
12957,4
12958,0
12959,0
12960,0
12961,0
12962,0
12963,0
12964,0
12966,0
12967,0
12968,0
12969,0
12970,0
12971,0
12972,0
12973,0
12974,0
12975,0
12976,0
12980,0
12981,0
12982,0
12983,0
12984,0
12985,0
12998,0
12999,0
13000,0
13001,0
13002,0
13003,0
13004,0
13005,1
13006,0
13007,1
13008,1
13009,0
13010,0
13011,0
13012,0
13013,0
13014,0
13015,0
13016,0
13017,0
13018,2
13019,2
13020,2
13021,2
13022,6
13023,0
13024,0
13025,0
13026,0
13027,0
13028,0
13029,0
13030,0
13031,4
13032,4
13033,4
13034,4
13035,4
13036,4
13037,0
13038,0
13039,0
13040,0
13041,0
13042,0
13043,0
13044,0
13045,0
13046,0
13047,0
13048,0
13049,0
13058,0
13059,0
13078,0
13099,0
13119,0
13120,0
13138,0
13139,0
13140,2
13141,0
13142,0
13143,0
13158,0
13159,3
13160,0
13161,3
13162,0
13163,3
13164,0
13165,3
13166,0
13167,0
13168,0
13169,0
13180,0
13181,0
13183,2
13184,2
13198,0
13218,3
13219,0
13220,0
13221,0
13222,3
13223,3
13224,3
13225,0
13226,0
13227,0
13228,0
13229,0
13230,0
13231,0
13232,0
13233,0
13234,0
13235,5
13236,3
13237,2
13238,2
13239,2
13240,0
13241,2
13258,0
13259,0
13260,0
13261,2
13262,0
13278,0
13279,0
13280,0
13281,3
13298,3
13299,0
13318,0
13319,2
13320,0
13321,5
13322,4
13323,0
13325,0
13326,3
13327,0
13338,5
13339,2
13340,2
13341,2
13342,2
13358,0
13360,0
13361,0
13362,0
13363,0
13364,0
13365,0
13366,0
13368,0
13369,0
13370,0
13371,0
13372,0
13373,0
13374,2
13375,2
13376,2
13377,2
13378,0
13380,0
13381,2
13382,2
13383,0
13384,0
13385,0
13386,0
13387,0
13388,0
13389,0
13390,0
13391,0
13392,0
13393,0
13398,0
13399,0
13418,0
13419,0
13420,0
13421,0
13422,0
13424,3
13438,2
13439,4
13440,5
13441,2
13442,2
13443,0
13444,0
13445,0
13446,0
13459,5
13461,0
13462,0
13463,0
13464,0
13465,0
13466,2
13478,0
13479,2
13480,5
13481,3
13482,3
13483,5
13484,0
13485,0
13486,0
13487,0
13488,5
13489,0
13490,0
13491,0
13492,0
13493,0
13494,0
13495,0
13496,0
13497,0
13498,0
13499,0
13500,0
13501,0
13502,0
13503,0
13504,0
13518,3
13519,1
13520,0
13522,0
13523,0
13524,5
13525,0
13526,3
13527,3
13528,3
13529,0
13530,5
13531,0
13532,3
13533,0
13534,0
13535,3
13536,0
13537,0
13538,0
13539,0
13540,0
13541,0
13542,3
13543,3
13544,3
13545,0
13546,0
13547,0
13548,0
13549,3
13550,3
13551,3
13552,3
13553,3
13554,3
13555,3
13556,0
13557,0
13558,0
13559,0
13560,0
13561,0
13562,0
13563,0
13564,0
13565,0
13566,0
13567,0
13578,2
13579,0
13582,3
13583,5
13584,0
13585,3
13586,4
13587,0
13589,0
13590,0
13591,0
13592,0
13593,0
13594,0
13595,0
13596,0
13597,0
13598,0
13599,0
13601,0
13602,0
13603,0
13604,0
13605,0
13606,0
13607,0
13608,0
13609,0
13611,0
13612,0
13613,0
13614,0
13615,0
13616,5
13617,0
13618,0
13619,5
13620,0
13621,0
13622,0
13623,0
13624,0
13625,0
13626,0
13627,0
13628,0
13629,0
13630,0
13631,0
13632,0
13633,0
13634,0
13635,0
13636,0
13637,0
13638,0
13639,0
13640,0
13641,0
13642,0
13643,0
13644,0
13645,0
13646,0
13647,0
13648,0
13649,0
13650,0
13651,0
13652,2
13653,0
13654,0
13655,0
13656,0
13657,0
13658,0
13659,0
13660,0
13661,0
13662,0
13663,0
13664,0
13665,0
13666,0
13667,0
13668,0
13669,0
13670,0
13671,0
13672,0
13673,0
13674,0
13675,0
13676,0
13677,0
13678,0
13679,3
13680,3
13681,3
13682,3
13687,0
13688,0
13689,0
13690,0
13691,0
13692,0
13693,0
13694,0
13695,0
13696,0
13697,0
13698,0
13699,0
13700,0
13701,0
13702,0
13703,0
13704,5
13705,0
13706,0
13707,0
13709,0
13710,0
13711,0
13712,0
13713,0
13714,0
13715,0
13716,6
13727,0
13728,3
13729,2
13730,0
13732,0
13733,0
13735,0
13736,0
13737,0
13738,0
13739,0
13740,0
13741,0
13742,0
13743,0
13744,2
13745,6
13746,0
13747,6
13748,6
13749,0
13750,0
13752,3
13754,0
13767,0
13787,5
13788,0
13789,0
13790,0
13791,0
13792,0
13793,0
13794,0
13795,2
13796,0
13797,2
13798,0
13799,0
13800,0
13801,0
13802,0
13803,0
13804,0
13805,0
13806,0
13807,0
13808,2
13809,4
13810,4
13811,0
13812,2
13813,2
13814,0
13815,0
13816,0
13817,0
13818,0
13819,1
13820,0
13821,2
13822,0
13823,0
13824,0
13825,0
13826,0
13827,0
13828,0
13829,0
13830,0
13831,4
13832,0
13835,1
13836,0
13837,0
13838,0
13839,0
13840,0
13841,0
13842,0
13843,0
13844,0
13845,0
13846,0
13847,0
13848,0
13849,0
13850,0
13851,0
13852,0
13853,0
13854,0
13855,0
13856,0
13857,1
13858,0
13859,0
13860,5
13861,0
13862,0
13863,0
13864,1
13865,0
13866,0
13867,0
13868,0
13869,0
13872,0
13874,1
13875,0
13876,0
13877,0
13878,2
13879,2
13880,2
13881,3
13882,0
13883,0
13884,3
13886,0
13887,0
13888,0
13889,0
13890,0
13891,0
13895,2
13896,5
13897,2
13898,0
13899,2
13900,2
13901,6
13902,0
13903,1
13904,0
13905,0
13906,0
13907,1
13908,1
13909,0
13910,0
13912,6
13913,0
13914,0
13915,0
13916,0
13917,0
13918,0
13919,0
13920,0
13921,0
13922,0
13923,0
13927,0
13928,0
13930,0
13931,0
13932,0
13933,0
13934,0
13935,0
13936,0
13937,0
13938,0
13939,0
13940,0
13941,0
13942,0
13943,0
13944,0
13945,0
13946,0
13947,0
13948,0
13949,0
13950,0
13951,5
13952,1
13953,1
13954,0
13958,0
13959,3
13960,0
13961,0
13962,0
13963,0
13964,0
13965,0
13966,0
13967,0
13968,0
13969,0
13970,0
13971,0
13972,0
13973,0
13974,0
13975,0
13976,0
13977,0
13978,0
13979,0
13980,0
13981,0
13982,0
13983,0
13987,4
14008,0
14027,0
14030,0
14032,5
14033,5
14034,2
14047,3
14048,0
14049,0
14050,0
14051,0
14052,0
14053,1
14054,3
14055,3
14056,0
14057,0
14058,0
14059,0
14060,0
14061,0
14062,0
14063,0
14064,0
14065,0
14066,0
14067,0
14068,0
14069,0
14070,0
14071,0
14072,0
14073,0
14074,0
14075,0
14076,0
14077,0
14078,0
14079,0
14080,0
14081,0
14082,0
14083,0
14084,0
14085,0
14087,0
14088,0
14089,0
14091,0
14092,0
14093,0
14094,0
14095,0
14097,0
14098,0
14099,0
14100,0
14102,0
14103,2
14104,0
14105,4
14106,5
14108,3
14109,3
14110,3
14111,0
14112,0
14113,0
14114,0
14115,0
14116,0
14117,0
14118,0
14119,3
14120,0
14121,0
14122,5
14124,0
14125,0
14126,0
14127,3
14128,0
14129,1
14130,0
14132,0
14133,0
14134,1
14135,0
14136,0
14137,0
14138,0
14139,0
14140,0
14141,0
14142,0
14143,0
14144,0
14145,2
14146,5
14147,3
14148,0
14149,0
14150,0
14151,0
14152,0
14153,0
14154,0
14155,0
14156,0
14157,0
14158,0
14159,0
14160,0
14161,0
14162,0
14163,0
14164,0
14165,0
14166,0
14167,0
14168,0
14169,0
14170,0
14171,0
14172,0
14173,0
14174,0
14175,0
14176,0
14177,0
14178,3
14179,0
14180,3
14181,0
14183,0
14185,0
14186,0
14189,0
14190,0
14193,0
14194,0
14195,0
14198,0
14199,0
14200,3
14201,0
14202,0
14203,0
14204,0
14205,0
14206,0
14207,4
14208,0
14209,0
14210,0
14227,0
14247,0
14248,3
14249,0
14250,0
14251,0
14252,0
14253,3
14254,3
14255,0
14256,0
14257,0
14258,0
14259,0
14260,0
14261,0
14262,0
14263,0
14264,0
14265,0
14266,0
14267,0
14268,0
14269,0
14270,0
14271,0
14272,0
14273,0
14274,6
14275,3
14276,3
14277,3
14278,0
14279,3
14280,3
14281,6
14282,6
14283,6
14284,6
14285,6
14286,6
14287,6
14288,0
14289,0
14290,0
14291,0
14292,0
14293,0
14294,6
14295,6
14296,5
14297,5
14298,2
14299,2
14300,2
14301,2
14302,2
14303,2
14304,2
14305,2
14307,0
14308,4
14309,4
14310,4
14311,4
14313,0
14314,2
14315,2
14316,2
14317,2
14318,3
14319,3
14320,3
14321,3
14322,3
14323,6
14324,6
14325,6
14326,3
14327,3
14329,0
14330,0
14331,0
14332,0
14333,0
14334,0
14335,0
14336,0
14337,0
14338,0
14339,0
14340,0
14341,0
14342,0
14343,0
14344,0
14345,0
14346,0
14347,0
14348,0
14349,0
14350,0
14351,0
14352,0
14353,0
14354,0
14355,0
14356,0
14357,0
14358,0
14359,0
14360,0
14361,0
14362,0
14363,0
14364,0
14365,0
14366,0
14367,0
14368,0
14369,0
14370,0
14371,0
14372,0
14373,0
14374,0
14375,0
14376,0
14377,0
14378,0
14379,0
14380,0
14381,0
14382,0
14383,0
14384,0
14385,0
14386,0
14387,0
14388,0
14389,0
14390,0
14391,0
14392,0
14393,0
14394,0
14395,0
14396,0
14397,0
14398,0
14399,0
14400,0
14401,0
14402,0
14403,0
14404,0
14405,0
14406,0
14407,0
14408,0
14409,0
14410,0
14411,0
14412,0
14413,0
14414,0
14415,0
14416,0
14417,0
14418,0
14419,0
14420,0
14421,0
14422,0
14423,0
14424,0
14425,0
14426,0
14427,0
14428,0
14429,0
14430,0
14431,0
14432,0
14433,0
14434,0
14435,0
14436,0
14437,0
14438,0
14439,0
14440,0
14441,0
14442,0
14443,6
14444,0
14445,0
14446,0
14447,0
14448,0
14449,0
14450,0
14451,0
14452,0
14453,0
14454,0
14455,0
14456,0
14457,0
14458,0
14459,0
14460,0
14461,0
14462,0
14463,0
14464,0
14465,0
14466,0
14467,0
14468,0
14469,0
14470,0
14471,0
14472,0
14473,0
14474,0
14475,0
14476,0
14477,0
14478,0
14479,0
14480,0
14481,0
14482,0
14483,0
14484,0
14485,0
14486,0
14487,0
14488,0
14489,0
14490,0
14491,0
14492,0
14493,0
14494,0
14495,0
14496,0
14497,0
14498,0
14499,0
14500,0
14501,0
14502,0
14503,0
14504,0
14505,0
14506,0
14507,0
14508,0
14509,0
14510,0
14511,0
14512,0
14514,3
14515,5
14516,0
14517,0
14518,0
14520,0
14521,0
14522,0
14523,0
14524,0
14525,0
14526,0
14527,0
14528,0
14529,0
14530,0
14531,0
14532,3
14533,3
14534,3
14535,3
14537,0
14538,5
14539,3
14540,0
14541,0
14542,0
14543,0
14544,0
14545,0
14546,0
14547,0
14548,0
14549,0
14550,0
14551,0
14552,0
14553,0
14554,0
14555,0
14556,0
14557,0
14558,0
14559,0
14560,0
14561,0
14562,0
14563,0
14564,0
14565,0
14566,0
14567,0
14568,0
14569,0
14570,0
14571,0
14572,0
14573,0
14574,0
14575,0
14576,0
14577,0
14578,0
14579,0
14580,0
14581,0
14582,0
14583,0
14584,0
14585,0
14586,0
14587,0
14588,0
14589,0
14590,0
14591,0
14592,0
14593,0
14594,0
14595,0
14596,0
14597,0
14598,0
14599,0
14600,0
14601,0
14602,0
14603,0
14604,0
14605,0
14606,0
14607,0
14608,0
14609,0
14610,0
14611,0
14612,0
14613,0
14614,0
14615,0
14616,0
14617,0
14618,0
14619,0
14620,0
14621,0
14622,0
14623,0
14624,0
14625,0
14626,0
14627,0
14628,0
14629,0
14630,0
14631,0
14632,0
14633,0
14634,0
14635,0
14636,0
14637,0
14638,0
14639,0
14640,0
14641,0
14642,0
14643,0
14644,0
14645,0
14646,0
14647,0
14648,0
14649,0
14650,0
14651,0
14652,0
14653,0
14654,0
14655,0
14656,0
14657,0
14658,0
14659,0
14660,0
14661,0
14662,0
14663,0
14664,0
14665,0
14666,0
14667,0
14668,0
14669,0
14670,0
14671,0
14672,0
14673,0
14674,0
14675,0
14676,0
14677,0
14678,0
14679,0
14680,0
14681,0
14682,0
14683,0
14684,0
14685,0
14686,0
14687,0
14688,0
14689,0
14690,0
14691,0
14692,0
14693,0
14694,0
14695,0
14696,0
14697,0
14698,0
14699,0
14700,0
14701,0
14702,0
14703,0
14704,0
14705,0
14706,0
14707,0
14708,0
14709,0
14710,0
14711,0
14712,0
14713,0
14714,0
14715,0
14716,0
14717,0
14718,0
14719,0
14720,0
14721,0
14722,0
14723,0
14724,0
14725,0
14726,0
14727,0
14728,0
14729,0
14730,0
14731,0
14732,0
14733,0
14734,0
14735,0
14736,0
14737,0
14738,0
14739,0
14740,0
14741,0
14742,0
14743,1
14744,0
14746,0
14747,0
14748,0
14749,0
14750,0
14751,0
14752,1
14767,0
14768,0
14769,0
14770,0
14771,0
14772,0
14773,0
14774,0
14775,0
14776,0
14777,0
14778,0
14779,0
14780,0
14781,0
14782,0
14783,0
14784,0
14785,0
14786,0
14787,0
14788,0
14789,0
14790,0
14791,0
14792,3
14793,5
14794,5
14795,3
14796,2
14797,2
14798,3
14799,3
14801,0
14802,0
14803,0
14804,0
14805,0
14806,1
14807,0
14808,0
14809,0
14810,0
14811,0
14812,0
14813,0
14814,0
14815,0
14816,0
14817,0
14818,1
14819,1
14820,0
14821,0
14822,0
14823,0
14824,0
14825,0
14826,0
14827,0
14828,0
14829,0
14847,0
14867,0
14868,5
14869,0
14870,0
14871,5
14872,0
14873,0
14874,0
14875,5
14887,5
14888,0
14889,0
14890,0
14891,0
14892,0
14893,1
14894,0
14895,0
14897,3
14898,0
14899,0
14900,3
14901,0
14902,0
14903,0
14904,0
14905,0
14907,4
14908,0
14909,0
14910,0
14911,0
14912,0
14913,0
14914,1
14915,0
14916,0
14917,0
14918,0
14919,0
14920,0
14921,0
14922,0
14923,0
14924,0
14925,0
14926,0
14927,0
14928,0
14929,0
14930,0
14931,0
14932,0
14933,0
14934,0
14935,0
14936,0
14937,0
14938,0
14939,0
14940,0
14941,0
14942,0
14943,0
14944,0
14945,0
14946,0
14947,0
14948,0
14949,0
14950,0
14951,0
14952,0
14953,0
14954,0
14955,0
14956,0
14957,0
14958,0
14959,0
14960,0
14961,0
14962,0
14963,0
14964,0
14965,0
14966,0
14967,0
14968,0
14969,0
14970,0
14971,0
14972,0
14973,0
14974,0
14975,0
14976,0
14977,0
14978,0
14979,0
14980,0
14981,0
14982,0
14983,0
14984,0
14985,0
14986,0
14987,0
14988,0
14989,0
14990,0
14991,0
14992,0
14993,0
14994,0
14995,0
15007,0
15008,0
15009,0
15010,0
15011,0
15012,0
15013,0
15014,0
15015,0
15016,0
15017,0
15018,0
15019,0
15020,0
15022,0
15024,0
15025,0
15026,0
15027,0
15028,0
15029,0
15030,0
15031,0
15033,0
15034,0
15035,0
15036,2
15037,2
15038,2
15039,2
15040,2
15041,2
15042,5
15043,4
15044,4
15047,4
15048,0
15049,0
15050,0
15051,0
15052,4
15053,4
15054,0
15055,0
15056,0
15057,0
15058,0
15059,0
15060,0
15061,0
15062,0
15063,4
15064,0
15065,0
15066,0
15067,0
15068,1
15087,0
15088,0
15089,4
15090,1
15091,2
15092,0
15093,0
15094,0
15095,2
15096,2
15097,0
15107,3
15108,3
15109,3
15110,3
15111,3
15112,3
15113,0
15114,0
15115,0
15116,0
15117,3
15118,0
15119,0
15120,0
15122,6
15123,2
15124,6
15125,0
15126,0
15127,0
15128,2
15147,0
15148,0
15149,0
15150,0
15151,0
15167,3
15187,0
15207,3
15208,3
15209,0
15210,0
15211,0
15227,0
15228,2
15229,1
15230,6
15231,3
15232,5
15233,3
15234,3
15235,6
15236,3
15237,1
15238,1
15239,2
15241,2
15242,2
15243,2
15244,4
15245,5
15247,0
15248,0
15249,0
15250,0
15252,0
15253,6
15254,6
15255,0
15256,0
15257,0
15258,5
15259,0
15260,0
15261,1
15262,1
15263,1
15264,1
15265,1
15266,1
15267,1
15268,0
15269,5
15270,0
15271,5
15272,0
15273,0
15274,0
15275,0
15276,0
15277,1
15278,1
15279,3
15280,0
15281,0
15282,0
15283,0
15284,0
15285,2
15286,5
15288,3
15290,5
15292,0
15293,0
15294,0
15295,0
15296,0
15297,0
15298,0
15299,0
15301,0
15302,0
15303,0
15304,0
15305,3
15306,3
15307,0
15308,0
15309,0
15310,0
15311,0
15312,0
15313,0
15314,0
15316,0
15317,0
15318,0
15320,0
15321,0
15322,0
15323,0
15324,0
15325,0
15326,0
15327,0
15328,0
15329,0
15330,0
15331,0
15332,0
15333,0
15334,0
15335,0
15336,0
15337,0
15338,0
15340,0
15341,0
15342,0
15343,0
15344,0
15345,0
15346,1
15347,1
15349,0
15350,0
15351,0
15352,0
15353,0
15354,0
15355,0
15356,0
15357,1
15359,1
15360,1
15361,1
15362,0
15363,0
15364,0
15365,0
15366,3
15367,0
15388,0
15389,0
15390,0
15391,0
15392,0
15393,0
15394,0
15396,0
15397,0
15398,5
15399,0
15400,0
15401,0
15402,0
15403,0
15404,0
15405,0
15406,0
15407,5
15408,0
15427,0
15428,0
15429,0
15430,1
15431,1
15432,1
15433,1
15434,0
15435,0
15436,0
15437,0
15438,6
15439,0
15440,0
15441,0
15442,0
15444,0
15445,0
15446,0
15447,0
15448,0
15449,0
15450,0
15451,6
15452,0
15453,6
15454,0
15455,0
15456,0
15457,0
15458,0
15459,0
15460,0
15461,0
15462,0
15463,0
15464,0
15465,0
15466,0
15467,0
15468,0
15470,5
15471,0
15472,5
15473,5
15474,0
15475,3
15487,5
15488,0
15489,0
15490,0
15491,0
15493,1
15494,0
15495,2
15496,0
15497,4
15498,1
15499,4
15500,3
15501,3
15502,0
15503,1
15504,1
15505,2
15506,2
15507,3
15508,0
15509,0
15529,2
15530,4
15531,4
15532,4
15533,0
15534,0
15535,3
15536,2
15537,5
15538,2
15539,0
15547,0
15548,3
15549,3
15550,0
15567,3
15568,3
15569,3
15570,2
15571,0
15572,0
15573,2
15574,2
15575,2
15576,0
15577,0
15578,0
15579,0
15580,0
15581,0
15582,0
15583,0
15584,0
15585,1
15586,1
15587,5
15588,3
15589,0
15590,0
15591,0
15592,2
15593,0
15594,0
15595,0
15596,0
15597,0
15598,2
15599,2
15600,0
15601,0
15602,0
15603,0
15604,6
15605,3
15607,0
15608,0
15609,0
15610,0
15611,3
15612,3
15613,0
15614,0
15615,0
15616,2
15617,0
15618,0
15619,0
15620,0
15621,0
15622,0
15623,0
15627,0
15628,0
15629,6
15630,6
15631,6
15632,6
15633,0
15634,0
15635,0
15636,2
15637,0
15638,0
15639,0
15640,0
15641,0
15642,0
15643,2
15644,0
15646,6
15647,0
15648,0
15649,0
15650,2
15651,2
15652,0
15653,3
15654,5
15655,0
15656,3
15657,0
15658,0
15659,3
15660,0
15661,2
15662,2
15663,0
15664,3
15665,2
15666,0
15667,0
15668,2
15687,0
15688,0
15689,0
15690,0
15691,0
15692,0
15693,0
15694,0
15695,0
15696,0
15697,1
15698,0
15699,0
15700,0
15701,0
15702,0
15708,0
15709,0
15710,0
15711,0
15712,0
15713,0
15714,3
15715,3
15716,0
15717,0
15727,0
15728,5
15729,6
15730,5
15731,5
15732,2
15733,2
15734,0
15735,6
15736,6
15737,0
15739,0
15740,0
15741,0
15742,2
15743,2
15744,2
15745,0
15746,0
15748,0
15749,0
15750,0
15752,0
15753,0
15754,0
15755,0
15756,0
15757,0
15758,0
15759,0
15760,0
15761,0
15762,0
15763,0
15764,0
15765,0
15766,0
15767,0
15768,0
15769,0
15770,0
15771,0
15772,0
15773,0
15774,0
15775,0
15776,0
15777,0
15778,0
15779,0
15780,0
15781,0
15782,0
15783,4
15784,4
15785,5
15786,3
15787,2
15788,6
15789,2
15790,6
15791,6
15792,6
15793,0
15794,6
15795,0
15797,3
15798,6
15799,3
15800,5
15801,3
15802,0
15804,0
15805,0
15806,0
15807,0
15808,0
15809,0
15810,0
15811,0
15812,0
15813,0
15814,0
15815,0
15816,0
15817,0
15818,0
15819,0
15820,0
15821,0
15822,5
15823,0
15824,0
15825,0
15826,0
15827,0
15828,0
15829,0
15830,0
15831,0
15832,0
15833,0
15834,0
15847,0
15848,3
15849,4
15850,4
15851,2
15852,0
15853,0
15854,0
15855,0
15856,0
15857,0
15858,0
15859,5
15860,0
15861,0
15862,0
15863,0
15864,0
15865,0
15866,0
15867,2
15869,0
15870,0
15871,0
15872,0
15873,0
15874,0
15875,0
15876,4
15877,0
15878,4
15879,0
15880,0
15881,0
15882,0
15883,0
15884,0
15885,0
15886,0
15887,0
15888,0
15889,0
15890,0
15891,0
15892,0
15893,0
15894,0
15895,0
15896,0
15897,0
15898,0
15899,0
15900,0
15901,0
15902,0
15903,0
15904,0
15905,0
15906,0
15907,0
15908,0
15909,0
15910,0
15911,0
15912,0
15913,0
15914,0
15915,0
15916,0
15917,0
15918,0
15919,0
15920,0
15921,0
15922,0
15923,0
15924,0
15925,0
15926,0
15927,0
15928,0
15929,0
15930,0
15931,0
15933,0
15934,0
15935,0
15936,0
15937,0
15938,0
15939,0
15940,0
15941,0
15942,0
15943,0
15944,0
15945,0
15946,0
15947,0
15948,0
15949,0
15950,0
15951,0
15952,0
15953,0
15954,0
15955,0
15956,0
15957,0
15958,0
15967,0
15968,5
15969,5
15970,5
15971,0
15972,0
15973,0
15974,0
15975,0
15976,0
15978,0
15979,6
15980,5
15981,3
15982,3
15983,0
15984,0
15985,0
15986,0
15987,0
15988,0
15989,0
15990,0
15991,0
15992,0
15993,0
15994,0
15995,0
15996,0
15997,0
15998,0
15999,0
16000,0
16001,0
16002,0
16003,2
16004,0
16005,2
16006,3
16007,0
16027,0
16028,0
16029,0
16031,0
16032,0
16033,3
16034,3
16035,0
16036,0
16037,0
16038,0
16039,0
16040,0
16041,0
16043,0
16044,0
16045,0
16046,2
16047,0
16048,0
16049,0
16050,3
16051,0
16052,0
16053,1
16054,0
16055,0
16056,0
16057,0
16058,0
16059,0
16060,0
16067,6
16068,0
16069,0
16070,6
16071,2
16072,0
16073,0
16074,0
16075,0
16076,0
16077,0
16078,0
16079,2
16080,0
16081,0
16082,0
16083,0
16084,0
16085,0
16086,0
16088,0
16089,0
16090,0
16092,0
16093,0
16094,4
16095,0
16096,0
16097,3
16098,5
16099,4
16100,0
16101,2
16102,2
16103,0
16104,0
16105,0
16106,0
16107,0
16108,0
16109,0
16110,0
16111,0
16112,0
16113,0
16114,0
16115,0
16116,0
16117,0
16118,0
16119,0
16120,0
16121,0
16122,0
16123,0
16127,0
16128,3
16129,0
16130,0
16131,0
16132,0
16133,0
16134,0
16135,0
16136,0
16138,0
16139,0
16140,0
16141,0
16142,0
16143,5
16144,2
16145,0
16146,2
16147,2
16153,0
16154,0
16156,0
16157,0
16158,0
16159,0
16160,0
16161,0
16162,0
16163,0
16164,0
16166,3
16167,0
16168,2
16169,0
16170,3
16171,0
16172,0
16173,0
16176,0
16177,1
16178,0
16179,0
16180,0
16181,0
16182,0
16183,0
16184,0
16185,0
16186,3
16187,0
16188,0
16189,0
16190,4
16191,3
16192,4
16193,4
16194,0
16195,0
16196,0
16197,0
16198,0
16199,0
16200,0
16201,0
16202,0
16203,0
16204,0
16205,0
16206,0
16207,0
16208,0
16209,0
16210,0
16211,0
16212,0
16213,0
16214,0
16215,0
16216,0
16217,0
16218,0
16219,0
16220,0
16221,0
16222,0
16223,0
16224,0
16225,0
16226,0
16227,0
16228,0
16229,0
16230,0
16231,5
16232,0
16233,0
16234,0
16235,0
16236,1
16237,1
16238,1
16239,1
16240,0
16241,0
16242,0
16243,5
16244,0
16245,0
16246,6
16247,5
16248,5
16249,4
16250,2
16251,0
16252,0
16253,0
16254,0
16255,0
16256,0
16257,0
16258,0
16259,0
16260,0
16261,0
16262,0
16263,0
16264,0
16265,0
16266,0
16268,0
16269,0
16271,0
16272,0
16273,0
16274,0
16277,0
16278,0
16279,0
16280,0
16281,0
16282,0
16283,0
16284,0
16285,0
16286,0
16287,0
16288,0
16289,0
16290,0
16291,0
16292,0
16293,0
16294,0
16295,0
16296,0
16297,0
16298,0
16299,0
16300,0
16301,0
16302,0
16303,0
16304,0
16305,0
16306,0
16307,0
16308,0
16309,0
16310,0
16311,3
16312,3
16313,3
16314,3
16315,3
16316,3
16317,0
16318,0
16319,0
16320,0
16321,0
16322,3
16323,3
16324,0
16325,4
16326,2
16327,6
16328,0
16329,1
16331,0
16332,0
16333,5
16334,0
16335,0
16336,5
16337,6
16339,2
16340,4
16341,2
16342,2
16343,2
16344,2
16345,3
16346,3
16347,0
16348,0
16349,0
16350,4
16351,0
16352,4
16353,4
16354,0
16355,4
16356,4
16357,0
16358,0
16359,3
16361,3
16362,3
16363,0
16364,0
16365,0
16366,0
16367,3
16368,2
16369,0
16370,0
16371,0
16372,0
16373,0
16375,5
16378,0
16379,0
16380,6
16381,5
16387,2
16388,2
16389,2
16390,2
16391,0
16392,0
16393,0
16394,0
16395,0
16396,2
16397,0
16398,0
16399,0
16400,3
16401,3
16402,5
16403,0
16404,0
16405,0
16406,0
16407,4
16408,5
16409,5
16410,5
16411,0
16412,2
16413,2
16414,5
16415,2
16416,0
16418,0
16419,2
16420,0
16421,0
16423,0
16424,0
16426,0
16427,3
16428,0
16429,5
16430,5
16431,5
16432,3
16433,0
16447,0
16448,0
16449,0
16450,0
16451,5
16452,0
16453,0
16454,2
16455,2
16456,2
16457,0
16458,0
16459,0
16460,0
16461,0
16462,0
16463,0
16464,0
16465,0
16466,0
16467,0
16468,0
16469,0
16470,0
16472,3
16473,0
16474,0
16487,0
16488,0
16489,0
16490,0
16491,0
16492,0
16493,0
16494,0
16495,0
16496,0
16497,2
16498,3
16499,0
16502,0
16503,0
16504,0
16507,0
16508,0
16509,0
16510,0
16511,0
16513,0
16514,0
16515,0
16527,0
16528,3
16529,0
16530,0
16531,0
16532,0
16533,0
16534,0
16536,2
16537,3
16538,0
16539,0
16540,0
16541,0
16542,0
16544,0
16546,0
16547,0
16548,0
16549,0
16550,0
16551,0
16552,3
16553,0
16554,3
16555,0
16556,0
16557,0
16558,0
16559,2
16560,2
16561,3
16562,0
16563,0
16564,3
16565,5
16566,0
16567,5
16568,5
16569,5
16570,6
16572,0
16573,3
16574,0
16575,0
16576,5
16577,3
16578,0
16579,0
16580,0
16581,0
16582,0
16583,5
16587,5
16588,1
16589,0
16590,0
16591,0
16592,5
16593,0
16594,0
16595,0
16596,2
16597,6
16598,6
16599,6
16600,6
16601,6
16602,6
16603,5
16604,6
16606,6
16608,5
16609,0
16610,0
16611,0
16612,0
16613,0
16614,3
16615,0
16616,0
16617,0
16618,0
16619,0
16620,0
16621,1
16622,0
16623,0
16624,0
16627,5
16628,5
16629,6
16630,0
16631,0
16633,5
16634,0
16635,2
16636,0
16637,5
16638,0
16639,0
16640,0
16641,0
16642,0
16643,0
16644,0
16645,0
16646,0
16647,0
16648,0
16649,0
16650,0
16651,0
16652,0
16653,0
16654,0
16655,0
16656,0
16657,0
16658,0
16659,0
16660,0
16661,0
16662,0
16663,0
16664,0
16665,0
16666,5
16667,0
16668,0
16669,0
16670,0
16671,0
16672,0
16673,0
16674,0
16675,0
16676,0
16677,0
16678,0
16679,0
16680,0
16681,0
16682,0
16683,0
16684,0
16685,0
16686,0
16687,0
16688,0
16689,3
16690,0
16691,0
16692,0
16693,0
16694,0
16695,0
16696,0
16697,0
16698,0
16707,3
16708,3
16709,3
16710,0
16711,6
16712,6
16713,6
16714,5
16715,5
16716,0
16717,0
16718,0
16719,0
16720,0
16721,0
16722,0
16723,0
16724,0
16725,0
16726,0
16727,0
16728,0
16729,0
16730,0
16731,0
16732,0
16733,3
16734,0
16735,0
16736,0
16737,0
16738,0
16739,0
16740,0
16741,0
16742,0
16743,0
16744,0
16745,0
16746,0
16747,0
16748,0
16749,0
16750,0
16751,0
16752,0
16753,0
16754,0
16755,0
16756,0
16757,0
16758,0
16759,0
16760,0
16761,0
16762,0
16763,0
16765,0
16766,0
16767,0
16768,0
16769,0
16770,0
16771,0
16772,0
16773,0
16774,0
16775,0
16776,0
16777,0
16778,0
16779,0
16780,0
16781,0
16782,3
16783,5
16784,5
16785,2
16786,0
16787,0
16788,2
16789,0
16790,0
16791,0
16792,0
16793,5
16794,0
16795,0
16796,0
16798,5
16799,4
16800,0
16801,0
16803,4
16804,2
16805,2
16806,2
16807,0
16809,0
16810,3
16811,3
16812,3
16813,3
16814,0
16815,0
16816,0
16817,0
16818,0
16819,0
16820,0
16821,0
16822,0
16823,0
16824,0
16825,0
16827,0
16828,0
16829,0
16830,0
16831,0
16832,0
16833,0
16834,0
16835,0
16836,0
16837,3
16838,5
16839,0
16840,0
16841,0
16842,0
16843,2
16844,2
16845,0
16846,0
16847,0
16848,0
16849,0
16850,0
16855,3
16856,0
16857,3
16858,0
16859,0
16860,0
16861,0
16862,0
16864,3
16865,0
16866,3
16867,5
16868,5
16869,4
16870,3
16871,5
16872,0
16873,1
16874,5
16875,1
16876,6
16877,3
16878,3
16880,0
16881,3
16882,5
16883,0
16884,0
16885,0
16886,3
16887,0
16888,0
16889,0
16890,0
16891,5
16892,1
16893,3
16894,2
16895,4
16896,0
16897,0
16898,2
16899,0
16900,0
16901,0
16902,0
16903,0
16904,0
16905,0
16906,0
16908,6
16909,0
16910,0
16911,0
16912,0
16913,0
16914,3
16915,0
16916,1
16918,0
16919,0
16920,0
16921,3
16922,0
16923,0
16924,0
16925,0
16926,0
16927,4
16928,5
16929,0
16930,0
16931,0
16932,0
16933,0
16934,0
16935,0
16936,0
16937,0
16938,0
16939,5
16940,0
16941,0
16942,0
16943,0
16944,0
16945,0
16946,0
16947,0
16948,0
16949,0
16950,0
16951,0
16952,0
16953,0
16954,0
16955,0
16956,0
16957,0
16958,0
16959,0
16960,0
16961,0
16962,0
16963,0
16964,0
16965,0
16966,0
16967,0
16968,0
16969,0
16970,0
16971,0
16972,0
16973,0
16974,0
16975,0
16976,0
16977,0
16978,0
16979,0
16980,0
16982,2
16983,0
16984,0
16985,0
16986,0
16987,0
16988,0
16989,0
16990,0
16991,0
16992,0
16993,0
16994,0
16995,0
16996,0
16997,3
16998,0
16999,0
17000,0
17001,0
17002,0
17003,0
17004,0
17005,0
17006,0
17007,0
17008,6
17009,0
17010,4
17011,4
17012,6
17013,0
17014,0
17015,0
17016,0
17017,0
17018,0
17019,0
17020,0
17021,0
17022,0
17023,0
17024,0
17025,0
17026,0
17027,0
17028,0
17029,0
17030,0
17031,0
17032,0
17033,0
17034,0
17035,0
17036,0
17037,0
17038,0
17039,0
17040,0
17041,0
17042,0
17043,0
17044,0
17045,0
17047,0
17048,0
17050,0
17051,0
17052,0
17053,0
17054,0
17055,0
17056,0
17057,0
17058,0
17059,0
17060,0
17061,0
17063,0
17064,0
17065,0
17066,0
17067,0
17068,0
17069,0
17070,0
17071,0
17072,0
17073,0
17074,0
17075,0
17076,0
17077,0
17078,0
17079,0
17080,0
17081,0
17082,0
17083,0
17084,0
17085,0
17086,2
17087,2
17088,2
17089,2
17090,2
17091,2
17092,2
17093,2
17094,2
17095,2
17097,2
17098,0
17099,0
17100,0
17101,0
17102,0
17103,0
17104,0
17105,5
17106,0
17107,0
17108,0
17109,0
17110,0
17111,0
17112,0
17113,0
17114,0
17115,0
17116,0
17117,0
17118,0
17119,0
17120,0
17121,0
17122,0
17123,0
17124,0
17130,0
17131,0
17132,0
17133,0
17134,0
17135,0
17136,0
17137,1
17138,1
17139,1
17140,2
17141,2
17142,2
17143,1
17144,3
17145,2
17146,5
17147,1
17148,0
17149,1
17150,3
17151,5
17152,0
17153,0
17154,3
17155,0
17156,0
17157,3
17158,3
17159,0
17160,0
17161,0
17162,0
17163,0
17164,5
17165,5
17166,0
17167,0
17168,0
17169,0
17170,3
17171,5
17172,3
17173,5
17174,6
17175,6
17176,0
17177,1
17178,0
17179,0
17180,0
17181,0
17182,0
17183,3
17184,0
17186,0
17187,0
17188,0
17189,0
17190,0
17191,0
17192,0
17193,0
17194,5
17195,2
17196,3
17197,3
17198,0
17199,0
17200,0
17201,1
17202,0
17203,2
17204,0
17205,0
17206,0
17207,0
17208,0
17209,0
17210,0
17211,0
17212,0
17213,5
17214,0
17215,0
17216,0
17217,0
17218,0
17219,0
17220,0
17221,0
17222,0
17223,0
17224,5
17225,0
17226,0
17227,5
17228,5
17229,0
17230,3
17231,6
17232,1
17233,1
17234,5
17235,0
17236,5
17237,5
17238,5
17239,5
17240,5
17241,5
17242,5
17243,6
17244,5
17245,0
17246,0
17247,0
17248,0
17249,0
17250,0
17251,0
17252,0
17253,0
17254,0
17255,0
17256,0
17257,0
17258,0
17259,0
17260,0
17261,0
17262,0
17263,0
17264,0
17265,0
17266,0
17267,0
17268,0
17269,0
17270,0
17271,0
17272,0
17273,2
17274,2
17275,2
17276,2
17277,2
17278,2
17279,6
17280,3
17281,0
17282,2
17283,2
17284,1
17285,0
17286,1
17287,5
17288,5
17289,5
17290,2
17291,1
17292,3
17293,2
17294,2
17307,0
17308,0
17310,0
17311,5
17312,5
17313,5
17314,5
17315,0
17316,0
17317,0
17318,0
17319,0
17320,0
17321,0
17322,0
17323,0
17324,0
17325,0
17327,0
17328,6
17329,3
17330,3
17331,3
17332,3
17333,3
17334,0
17347,0
17348,0
17350,0
17351,0
17352,0
17353,0
17354,4
17355,3
17356,4
17357,4
17358,4
17359,4
17360,3
17361,4
17362,0
17363,0
17364,0
17366,2
17367,3
17368,0
17369,0
17370,0
17371,0
17372,0
17373,0
17374,0
17375,0
17376,0
17387,3
17388,3
17389,3
17390,3
17391,3
17392,3
17393,5
17394,0
17395,0
17396,0
17397,0
17398,0
17399,5
17400,0
17401,3
17402,3
17403,0
17404,0
17405,6
17406,0
17407,0
17408,0
17427,0
17428,0
17429,0
17430,0
17431,0
17432,0
17433,0
17434,5
17435,5
17436,0
17437,0
17438,0
17439,5
17441,0
17442,0
17443,0
17445,2
17446,5
17447,2
17448,1
17449,0
17450,0
17451,0
17452,0
17453,0
17454,0
17455,0
17456,0
17457,0
17458,0
17459,0
17460,0
17461,0
17462,0
17463,0
17464,0
17465,0
17466,5
17467,5
17468,0
17469,0
17470,0
17471,5
17472,5
17473,5
17474,0
17475,5
17476,5
17477,5
17478,5
17479,5
17480,5
17481,0
17482,0
17483,5
17484,5
17485,0
17486,0
17487,0
17488,0
17489,0
17490,0
17491,0
17492,2
17493,3
17494,6
17495,0
17496,0
17497,0
17498,0
17499,0
17500,0
17501,2
17503,4
17504,0
17505,5
17506,5
17507,0
17508,0
17509,5
17510,5
17511,3
17512,0
17513,0
17527,0
17528,0
17529,0
17530,0
17531,0
17533,0
17534,0
17535,0
17536,0
17537,0
17538,0
17539,0
17540,0
17543,2
17544,4
17545,1
17546,3
17547,0
17548,5
17549,2
17550,0
17551,0
17552,0
17553,0
17554,0
17555,0
17556,0
17557,0
17559,0
17560,0
17561,0
17562,0
17563,0
17564,0
17565,0
17566,0
17567,0
17568,0
17570,0
17571,0
17572,0
17573,0
17574,0
17575,0
17576,0
17577,0
17578,0
17579,0
17580,0
17581,0
17582,0
17583,0
17584,0
17585,0
17586,0
17587,0
17588,0
17589,0
17590,0
17591,0
17592,0
17593,0
17594,0
17595,0
17596,0
17597,0
17598,0
17599,0
17600,0
17601,0
17602,0
17603,0
17604,0
17605,0
17606,0
17607,0
17608,0
17609,0
17610,0
17611,0
17612,0
17613,1
17615,5
17616,5
17617,0
17618,5
17619,0
17620,5
17621,0
17622,0
17623,0
17624,3
17625,0
17626,0
17627,0
17628,0
17629,0
17630,5
17631,5
17632,0
17633,6
17634,0
17635,0
17636,0
17637,0
17638,0
17639,5
17640,0
17641,0
17642,0
17643,0
17644,0
17645,0
17646,0
17647,0
17648,0
17649,0
17650,1
17651,0
17652,5
17653,0
17667,2
17668,3
17669,3
17670,0
17671,0
17672,0
17673,0
17674,0
17675,0
17676,0
17677,0
17678,0
17679,0
17680,0
17681,0
17682,6
17683,0
17684,0
17685,0
17686,3
17687,0
17688,3
17689,3
17690,3
17691,0
17692,5
17694,0
17695,5
17697,5
17698,5
17707,0
17708,0
17709,0
17710,0
17711,0
17712,0
17713,0
17715,5
17716,5
17727,5
17728,5
17729,5
17730,5
17731,2
17732,0
17733,0
17734,3
17735,5
17736,0
17737,0
17738,5
17739,3
17740,6
17741,6
17742,3
17743,0
17744,0
17745,3
17746,0
17747,0
17748,0
17749,0
17750,5
17751,5
17752,5
17753,0
17754,0
17755,0
17767,5
17768,0
17769,0
17770,0
17771,5
17772,0
17773,5
17774,0
17775,0
17776,0
17777,0
17778,0
17779,0
17780,0
17781,0
17782,0
17783,0
17784,0
17785,0
17786,0
17787,0
17788,0
17789,0
17790,0
17791,0
17792,0
17793,0
17794,5
17796,0
17797,5
17798,5
17799,5
17800,5
17801,0
17802,0
17803,0
17804,0
17805,0
17806,0
17807,0
17808,0
17809,2
17810,0
17811,0
17812,0
17813,0
17814,0
17815,0
17816,0
17818,0
17819,0
17820,5
17821,0
17822,0
17823,0
17824,0
17825,0
17826,0
17827,0
17828,0
17829,0
17830,0
17831,5
17832,0
17833,0
17834,0
17835,0
17836,0
17837,0
17838,0
17839,0
17840,0
17841,0
17842,0
17843,1
17844,0
17845,0
17846,0
17847,0
17848,0
17849,0
17850,5
17851,5
17852,5
17853,5
17854,5
17855,0
17856,0
17857,0
17859,0
17860,0
17862,5
17863,0
17864,0
17865,0
17866,0
17867,0
17868,0
17869,0
17870,0
17871,0
17872,0
17873,0
17874,0
17875,0
17876,0
17877,5
17878,0
17879,0
17880,0
17881,0
17882,0
17883,2
17884,0
17885,0
17886,0
17887,0
17889,4
17890,4
17891,4
17892,4
17893,4
17894,4
17895,4
17896,4
17897,4
17898,4
17899,4
17900,4
17901,4
17902,4
17903,4
17904,2
17905,4
17906,4
17907,4
17908,4
17909,4
17910,4
17911,4
17912,5
17913,3
17914,4
17915,6
17916,1
17917,0
17918,0
17919,2
17920,2
17921,2
17922,2
17923,2
17924,2
17925,5
17926,5
17927,0
17928,5
17929,0
17930,0
17931,0
17932,0
17933,2
17934,2
17935,2
17936,2
17937,5
17938,0
17939,0
17940,2
17941,5
17942,2
17943,0
17944,0
17945,2
17946,0
17947,2
17948,0
17949,2
17950,0
17951,2
17952,2
17953,2
17954,0
17955,0
17956,0
17957,0
17958,0
17959,0
17960,0
17961,6
17962,2
17963,0
17967,5
17987,0
17988,0
17989,0
17990,0
17991,0
17992,0
17993,0
17994,0
17995,0
17996,0
17997,0
17998,0
17999,0
18000,0
18001,0
18002,0
18003,0
18004,0
18005,0
18006,0
18007,0
18008,0
18009,0
18010,0
18011,0
18012,0
18013,0
18014,0
18015,0
18016,0
18017,0
18018,0
18019,0
18020,0
18021,0
18022,0
18023,0
18024,0
18025,0
18026,0
18027,0
18028,0
18029,0
18030,0
18031,0
18032,0
18033,0
18034,0
18035,0
18036,0
18037,0
18038,0
18039,0
18040,0
18041,0
18042,0
18043,0
18044,0
18045,0
18046,0
18047,0
18048,0
18049,3
18050,3
18052,3
18053,3
18054,3
18055,3
18056,3
18057,3
18058,3
18060,0
18061,0
18062,0
18063,0
18064,0
18065,3
18066,0
18067,0
18068,0
18069,0
18070,0
18071,0
18072,0
18073,2
18074,0
18075,0
18076,0
18077,3
18078,0
18079,0
18080,0
18081,3
18082,2
18083,2
18084,5
18085,4
18086,2
18087,0
18088,5
18089,3
18090,0
18091,6
18092,4
18093,2
18094,0
18095,0
18096,2
18097,5
18098,0
18099,4
18100,4
18101,4
18103,0
18104,3
18105,2
18106,0
18107,0
18108,2
18109,0
18110,0
18111,5
18112,2
18113,0
18114,6
18115,0
18116,0
18118,2
18119,0
18120,0
18121,0
18122,0
18123,0
18124,0
18125,0
18126,0
18127,0
18128,0
18129,0
18130,0
18131,0
18132,0
18133,0
18134,0
18135,0
18136,0
18137,5
18138,5
18139,0
18140,0
18141,0
18142,0
18144,0
18145,0
18146,4
18147,3
18148,3
18149,3
18150,3
18151,3
18152,5
18153,0
18154,0
18155,0
18156,0
18157,0
18158,0
18159,6
18160,0
18161,0
18162,0
18163,6
18164,5
18165,2
18166,0
18167,2
18169,0
18170,0
18171,0
18172,0
18173,2
18174,0
18175,0
18176,0
18177,0
18178,0
18179,0
18180,0
18181,0
18182,0
18183,0
18184,0
18185,0
18186,2
18187,2
18188,0
18189,6
18190,0
18191,0
18192,0
18193,0
18194,0
18195,0
18196,0
18197,3
18198,0
18199,2
18200,0
18201,0
18202,0
18203,3
18204,4
18205,5
18206,0
18207,0
18208,3
18209,0
18210,0
18211,5
18212,0
18213,0
18214,5
18217,5
18218,0
18219,0
18220,5
18222,0
18223,5
18229,0
18230,0
18231,0
18232,0
18233,0
18234,0
18235,5
18236,5
18237,5
18238,0
18239,0
18240,0
18241,0
18242,0
18243,0
18244,0
18245,0
18246,0
18247,0
18248,0
18249,0
18250,0
18251,0
18252,0
18253,0
18254,0
18255,0
18256,0
18257,0
18258,0
18259,0
18260,0
18261,0
18262,0
18263,0
18264,6
18265,5
18266,5
18267,5
18268,2
18269,0
18270,3
18271,0
18272,0
18273,0
18274,0
18275,0
18276,4
18277,5
18278,3
18279,5
18280,5
18281,0
18282,0
18287,4
18288,5
18289,3
18307,0
18308,0
18309,3
18310,0
18311,0
18312,0
18313,0
18327,3
18328,0
18347,0
18348,0
18349,0
18350,0
18351,2
18352,2
18353,2
18354,2
18355,2
18356,2
18357,2
18358,2
18359,2
18360,2
18361,2
18362,0
18363,0
18364,2
18367,0
18368,0
18369,0
18371,5
18372,0
18373,0
18374,2
18375,0
18376,5
18377,0
18378,6
18379,6
18380,0
18381,0
18382,0
18383,0
18384,0
18385,0
18386,1
18387,0
18388,0
18389,0
18390,0
18391,0
18392,2
18393,0
18394,5
18395,0
18396,6
18397,0
18398,4
18399,2
18400,0
18401,0
18402,0
18403,0
18404,0
18405,0
18406,0
18407,0
18408,0
18409,0
18410,0
18411,0
18412,0
18413,0
18414,0
18415,0
18416,0
18417,0
18418,0
18419,0
18420,0
18421,0
18422,0
18423,0
18424,0
18425,0
18427,0
18428,0
18429,0
18430,0
18431,0
18432,2
18433,0
18434,0
18435,2
18436,0
18437,0
18438,0
18439,0
18440,0
18441,0
18442,0
18443,0
18444,0
18445,0
18446,0
18447,0
18448,0
18449,0
18450,0
18451,0
18452,0
18453,0
18454,0
18455,0
18456,0
18457,0
18458,0
18459,0
18460,0
18461,0
18462,0
18463,0
18464,0
18465,0
18466,0
18467,0
18468,0
18469,6
18470,0
18471,0
18472,0
18473,0
18474,0
18475,0
18476,0
18477,0
18478,0
18479,0
18480,0
18481,0
18482,0
18487,0
18488,0
18489,0
18490,0
18491,0
18492,0
18493,0
18494,0
18495,0
18496,0
18497,0
18498,0
18499,0
18500,0
18501,0
18502,6
18503,3
18507,0
18508,0
18509,0
18510,0
18511,0
18512,0
18513,0
18514,0
18515,0
18516,0
18517,0
18518,0
18519,0
18520,1
18521,0
18522,0
18523,1
18524,0
18525,0
18526,0
18527,0
18528,0
18529,0
18530,0
18531,0
18532,0
18533,0
18534,0
18535,0
18536,0
18537,0
18538,0
18539,0
18540,5
18541,0
18542,2
18543,2
18544,0
18545,3
18546,0
18547,0
18548,0
18549,0
18550,0
18551,0
18552,0
18553,0
18554,0
18555,0
18556,0
18557,5
18559,0
18560,0
18561,0
18562,3
18563,0
18564,2
18565,2
18566,2
18567,2
18568,2
18569,2
18570,2
18571,2
18572,2
18573,2
18574,2
18575,2
18576,2
18578,2
18579,2
18580,2
18581,2
18582,2
18583,2
18584,2
18585,2
18586,2
18587,2
18588,2
18589,2
18590,2
18591,2
18592,2
18593,2
18594,2
18595,2
18596,2
18597,2
18598,2
18599,2
18600,2
18601,2
18602,2
18603,2
18604,2
18605,2
18606,2
18607,2
18608,0
18609,2
18610,0
18611,2
18612,2
18613,2
18614,2
18615,2
18616,2
18617,2
18618,2
18619,2
18620,2
18621,2
18622,2
18623,2
18624,2
18625,2
18626,2
18627,2
18628,2
18629,0
18630,0
18631,0
18632,0
18633,5
18634,0
18647,5
18648,0
18649,5
18650,0
18651,6
18652,5
18653,5
18654,5
18655,0
18656,5
18657,3
18658,3
18659,0
18660,0
18661,0
18662,5
18663,5
18664,0
18665,0
18666,0
18667,0
18668,0
18669,0
18670,0
18671,5
18672,0
18673,0
18674,0
18675,0
18676,0
18677,0
18678,0
18679,0
18680,0
18681,0
18682,0
18683,0
18684,0
18685,0
18686,0
18687,0
18688,0
18689,0
18690,0
18691,0
18692,0
18693,0
18694,0
18695,0
18696,0
18697,0
18698,0
18699,0
18700,0
18701,0
18702,0
18703,0
18704,0
18705,0
18706,0
18707,0
18708,5
18709,0
18710,0
18711,0
18727,0
18728,0
18729,0
18730,0
18731,0
18733,0
18734,5
18735,0
18736,0
18737,0
18738,0
18739,0
18740,0
18741,0
18742,0
18743,0
18744,0
18745,0
18746,0
18747,0
18748,0
18749,0
18750,0
18751,0
18752,0
18753,0
18754,0
18755,0
18756,0
18757,0
18758,0
18759,5
18761,5
18762,0
18763,4
18764,3
18765,0
18767,0
18768,0
18769,0
18770,0
18771,0
18772,0
18773,0
18774,0
18775,0
18787,1
18788,5
18789,2
18790,5
18791,5
18792,5
18793,0
18794,0
18795,0
18796,2
18797,0
18798,4
18799,4
18800,0
18801,0
18802,4
18803,0
18804,2
18805,6
18806,0
18807,5
18808,0
18809,2
18810,0
18811,0
18812,0
18813,0
18814,5
18815,0
18816,0
18817,5
18818,2
18819,1
18820,6
18821,0
18822,0
18823,0
18824,0
18825,0
18826,0
18827,0
18828,5
18829,0
18830,0
18831,3
18832,0
18833,2
18847,3
18848,0
18849,0
18867,5
18868,5
18869,5
18870,5
18871,5
18872,0
18873,0
18874,2
18875,0
18876,0
18877,0
18878,0
18879,5
18880,5
18881,5
18887,0
18907,0
18908,0
18927,0
18928,0
18929,0
18930,2
18931,2
18932,2
18933,0
18934,0
18935,0
18936,0
18937,5
18938,5
18939,0
18940,0
18941,0
18942,2
18943,0
18944,0
18945,0
18946,0
18947,2
18948,5
18949,3
18950,0
18951,0
18952,0
18953,0
18954,0
18955,0
18956,5
18957,5
18958,2
18959,0
18960,6
18967,0
18968,2
18969,0
18970,0
18971,0
18972,6
18973,0
18974,0
18975,4
18976,0
18977,4
18978,4
18979,3
18980,3
18983,3
18984,1
18985,0
18986,0
18987,0
18988,0
18989,0
18990,0
18991,0
18992,0
18993,0
18994,0
18995,0
18996,0
18997,0
19007,0
19027,0
19028,5
19029,0
19030,3
19031,0
19032,0
19033,0
19047,0
19048,0
19049,0
19050,0
19051,0
19052,0
19053,0
19054,0
19055,0
19057,0
19058,0
19059,0
19060,0
19061,0
19062,0
19063,0
19064,0
19065,0
19066,0
19067,0
19068,0
19069,0
19070,0
19071,0
19072,0
19073,0
19074,0
19075,0
19076,0
19077,0
19078,0
19079,0
19080,0
19081,0
19082,0
19083,0
19084,0
19085,0
19086,0
19087,0
19088,0
19089,0
19090,0
19091,0
19092,0
19093,0
19094,0
19095,0
19096,0
19097,0
19098,0
19099,4
19100,0
19101,0
19102,0
19103,0
19104,0
19105,0
19106,0
19107,0
19108,0
19109,0
19127,0
19128,0
19129,0
19130,0
19131,0
19132,0
19133,4
19134,0
19135,0
19136,3
19137,6
19138,0
19147,0
19148,0
19149,0
19150,0
19151,0
19152,0
19153,0
19154,0
19155,0
19156,0
19157,0
19158,0
19159,0
19160,0
19161,0
19162,0
19163,0
19164,0
19165,0
19166,0
19167,0
19168,0
19169,0
19170,0
19171,0
19172,0
19173,0
19174,0
19175,0
19176,0
19177,0
19178,0
19179,0
19180,0
19181,0
19184,0
19185,0
19186,0
19187,0
19188,0
19189,0
19190,0
19191,0
19192,0
19193,0
19194,0
19195,0
19196,0
19197,0
19198,0
19199,0
19200,0
19201,0
19202,0
19203,0
19204,0
19205,0
19206,0
19207,0
19208,0
19209,0
19210,0
19211,0
19212,0
19213,0
19214,0
19215,0
19216,0
19217,0
19218,0
19219,0
19220,0
19221,0
19222,0
19223,0
19224,0
19225,0
19226,0
19227,0
19228,0
19229,0
19230,0
19231,2
19232,0
19233,0
19234,0
19235,0
19236,1
19237,2
19238,1
19239,0
19240,1
19241,1
19242,1
19243,1
19244,5
19245,0
19246,0
19247,0
19248,0
19249,5
19250,0
19251,5
19252,5
19253,5
19254,5
19255,0
19256,0
19257,0
19258,0
19259,0
19260,4
19261,5
19262,5
19263,0
19264,5
19265,5
19266,5
19267,5
19268,5
19269,5
19270,5
19271,5
19272,2
19273,5
19274,5
19275,5
19276,5
19277,5
19278,5
19279,5
19280,5
19281,5
19282,5
19283,5
19284,5
19285,5
19286,0
19287,0
19288,0
19289,1
19290,0
19291,1
19292,1
19293,1
19294,0
19295,0
19296,6
19297,0
19298,0
19299,6
19300,0
19301,0
19302,6
19303,6
19304,6
19305,6
19306,0
19307,0
19308,5
19309,5
19310,5
19311,5
19312,5
19313,0
19314,0
19315,0
19316,0
19317,0
19318,0
19319,0
19320,0
19321,0
19322,0
19323,0
19324,0
19325,0
19326,0
19327,0
19328,0
19329,0
19330,0
19331,0
19332,0
19333,0
19334,0
19335,0
19336,0
19337,0
19338,0
19339,0
19340,0
19341,0
19342,0
19343,0
19344,0
19345,0
19346,0
19347,0
19348,0
19349,0
19350,0
19351,0
19352,0
19353,0
19354,0
19355,0
19356,0
19357,0
19358,0
19359,0
19360,0
19361,0
19362,0
19363,0
19364,0
19365,5
19366,2
19367,2
19368,0
19369,5
19370,0
19371,0
19372,5
19373,0
19374,0
19375,0
19376,0
19377,0
19378,0
19379,0
19380,0
19381,0
19382,0
19383,0
19384,0
19385,0
19386,3
19387,0
19388,0
19389,0
19390,0
19391,2
19392,0
19393,2
19394,0
19395,0
19396,0
19397,0
19407,0
19408,5
19409,5
19410,0
19411,0
19412,0
19413,0
19414,0
19415,0
19416,0
19417,0
19418,0
19419,0
19420,0
19421,0
19422,0
19423,0
19424,0
19425,0
19426,0
19427,0
19428,2
19429,0
19430,0
19431,0
19432,0
19433,0
19434,0
19435,0
19436,0
19437,0
19438,5
19439,0
19440,5
19441,5
19442,5
19443,5
19444,0
19445,0
19446,0
19447,0
19448,3
19449,2
19450,2
19451,0
19452,3
19453,0
19454,0
19455,0
19456,0
19457,0
19458,0
19459,0
19460,5
19461,0
19462,0
19463,3
19464,0
19465,0
19466,0
19467,0
19468,0
19469,3
19470,0
19471,0
19472,0
19473,0
19474,2
19475,0
19476,6
19477,0
19478,5
19479,5
19480,5
19481,0
19482,0
19483,2
19484,0
19485,0
19486,0
19487,0
19488,0
19489,0
19490,0
19491,0
19492,0
19493,0
19494,0
19496,2
19497,2
19498,0
19499,0
19500,0
19501,0
19502,0
19503,0
19505,5
19506,6
19507,0
19508,0
19509,0
19510,0
19511,0
19512,0
19513,3
19514,3
19515,0
19516,0
19527,0
19548,3
19549,0
19550,0
19551,0
19552,0
19553,0
19554,0
19555,0
19556,0
19557,0
19558,0
19559,0
19560,0
19561,0
19562,0
19563,0
19564,0
19565,0
19566,0
19567,0
19568,0
19569,0
19570,0
19571,0
19572,0
19573,0
19574,0
19575,0
19577,3
19578,3
19579,3
19580,0
19581,0
19582,0
19583,0
19584,0
19585,0
19586,0
19587,0
19588,0
19589,0
19590,0
19591,0
19592,0
19593,0
19594,3
19595,6
19596,0
19597,3
19598,0
19599,0
19600,0
19601,0
19602,0
19603,0
19604,0
19605,0
19606,0
19607,0
19608,0
19609,0
19610,0
19611,0
19612,0
19613,0
19614,0
19615,0
19616,0
19617,0
19618,0
19619,0
19620,0
19621,0
19622,0
19623,0
19624,0
19625,0
19626,2
19627,2
19628,2
19629,0
19630,2
19631,2
19632,0
19633,0
19634,3
19635,0
19636,0
19637,2
19638,6
19639,0
19640,0
19641,2
19642,0
19643,0
19644,0
19645,5
19646,0
19647,5
19648,0
19649,0
19650,0
19651,0
19652,5
19653,5
19654,5
19655,5
19656,5
19657,0
19658,5
19659,2
19660,5
19661,0
19662,0
19663,0
19664,0
19665,2
19666,0
19667,0
19668,0
19669,0
19670,0
19671,0
19672,0
19673,0
19674,3
19675,0
19676,3
19677,3
19678,3
19679,3
19680,3
19681,3
19682,3
19683,3
19684,3
19685,3
19686,3
19687,3
19688,3
19689,3
19690,6
19691,0
19692,3
19693,3
19694,3
19695,0
19696,3
19697,3
19698,2
19699,3
19700,3
19701,0
19702,5
19703,5
19704,3
19705,0
19706,0
19707,0
19708,0
19709,0
19710,0
19711,0
19712,6
19713,6
19714,6
19715,6
19716,5
19717,2
19718,0
19719,0
19720,0
19721,0
19722,0
19723,0
19725,3
19726,1
19727,3
19728,5
19729,5
19730,0
19731,5
19732,5
19733,5
19734,5
19735,5
19736,5
19737,0
19738,0
19739,0
19740,1
19741,0
19742,1
19743,0
19744,1
19745,0
19746,1
19747,0
19748,1
19749,0
19750,1
19751,0
19752,1
19753,1
19754,0
19755,5
19767,0
19768,0
19769,2
19770,0
19771,0
19772,0
19773,0
19774,2
19775,5
19776,5
19777,5
19778,0
19779,2
19780,2
19781,2
19784,2
19785,0
19786,0
19787,0
19788,0
19790,0
19791,0
19792,0
19793,0
19794,0
19795,0
19796,0
19797,0
19798,0
19799,0
19800,0
19801,3
19802,0
19804,0
19805,0
19806,0
19808,0
19809,0
19810,0
19811,2
19812,0
19813,0
19814,0
19815,0
19816,2
19817,0
19818,0
19819,0
19820,0
19821,6
19822,0
19823,2
19824,6
19825,0
19826,0
19827,0
19828,0
19829,6
19830,0
19831,0
19832,5
19833,0
19834,1
19835,1
19836,1
19837,1
19838,1
19839,0
19840,0
19841,0
19842,0
19843,0
19844,0
19845,0
19846,0
19847,0
19848,0
19849,0
19850,1
19851,0
19852,1
19853,1
19854,1
19855,0
19856,0
19857,0
19858,0
19859,0
19860,0
19861,0
19862,0
19863,0
19864,0
19865,0
19866,0
19867,0
19868,0
19869,0
19870,0
19871,0
19872,3
19873,0
19874,3
19875,0
19876,1
19877,0
19878,0
19879,0
19880,0
19881,0
19882,0
19883,0
19884,0
19885,0
19886,0
19887,0
19888,1
19889,0
19890,0
19891,1
19892,0
19893,0
19894,0
19895,1
19896,1
19897,1
19898,1
19899,1
19900,1
19901,0
19902,0
19903,0
19904,0
19905,0
19906,0
19907,0
19908,0
19909,0
19927,0
19929,0
19930,0
19931,0
19932,0
19933,0
19934,0
19935,0
19936,0
19937,6
19938,0
19939,1
19940,1
19941,1
19942,1
19943,1
19944,0
19945,0
19946,0
19947,0
19948,0
19949,0
19950,0
19951,0
19952,2
19953,0
19968,1
19970,3
19971,3
19972,3
19973,3
19974,3
19975,3
19976,1
19977,1
19978,1
19979,1
19980,1
19981,1
19982,1
19983,0
19984,0
19985,0
19986,0
19987,0
19988,0
19989,0
19990,0
19991,0
19992,0
19993,1
19994,0
19995,0
19996,0
19997,0
19998,1
19999,1
20000,0
20001,0
20002,0
20003,0
20004,5
20005,4
20006,5
20007,1
20008,0
20009,0
20010,0
20011,0
20012,0
20013,0
20014,0
20015,0
20016,0
20017,0
20018,5
20019,2
20020,0
20021,2
20022,5
20023,0
20024,0
20025,0
20026,0
20027,0
20028,0
20029,0
20030,0
20031,0
20032,0
20033,0
20034,0
20035,0
20036,0
20037,2
20038,2
20039,0
20040,0
20041,0
20042,0
20043,3
20044,0
20045,0
20046,0
20047,0
20048,0
20049,0
20050,0
20051,0
20052,0
20053,0
20054,0
20055,0
20056,0
20057,0
20058,0
20059,0
20060,0
20061,0
20062,0
20063,0
20064,0
20065,0
20066,1
20067,0
20068,0
20069,0
20070,0
20071,0
20072,0
20073,0
20074,0
20075,0
20076,0
20077,0
20078,0
20079,0
20080,0
20081,0
20082,0
20083,0
20084,0
20085,0
20086,0
20087,0
20088,0
20089,0
20090,0
20091,0
20092,0
20093,0
20094,0
20095,0
20096,0
20097,0
20098,0
20099,0
20100,0
20101,0
20102,0
20103,0
20104,0
20105,0
20106,0
20107,0
20108,0
20109,0
20110,0
20111,0
20112,0
20113,0
20114,0
20115,0
20116,1
20117,0
20118,0
20119,0
20120,0
20121,0
20127,0
20128,0
20130,0
20131,0
20132,0
20133,0
20134,0
20135,0
20136,0
20137,0
20138,0
20139,0
20140,0
20141,0
20142,0
20143,0
20144,0
20145,0
20146,0
20147,0
20148,0
20149,0
20150,0
20151,0
20152,0
20153,2
20154,1
20155,0
20156,0
20157,0
20158,0
20159,0
20160,0
20161,0
20162,1
20163,1
20164,1
20165,1
20166,1
20167,1
20168,1
20169,1
20170,1
20171,6
20172,0
20173,0
20174,0
20175,0
20177,0
20178,0
20179,0
20180,0
20181,0
20182,0
20183,1
20184,1
20185,1
20186,1
20187,1
20188,1
20189,0
20190,3
20191,0
20192,0
20193,0
20194,0
20195,0
20196,0
20197,0
20198,0
20199,0
20200,0
20201,0
20202,0
20203,2
20204,1
20205,0
20206,0
20207,0
20208,0
20209,0
20210,0
20211,0
20212,0
20213,0
20214,0
20215,0
20216,1
20217,1
20218,1
20219,0
20220,0
20221,0
20222,0
20223,6
20224,0
20225,0
20226,0
20228,2
20229,2
20230,0
20231,0
20232,0
20233,1
20234,0
20235,0
20236,1
20237,0
20238,0
20239,0
20240,0
20241,0
20242,0
20243,0
20244,0
20245,0
20246,0
20247,0
20248,0
20249,0
20250,0
20251,0
20252,0
20253,0
20254,0
20255,0
20256,0
20257,0
20258,0
20259,0
20260,0
20261,0
20262,0
20263,0
20264,0
20265,0
20266,0
20267,1
20268,1
20269,0
20270,0
20271,1
20272,0
20273,1
20274,0
20275,1
20276,0
20277,0
20279,0
20280,1
20281,1
20282,1
20283,1
20284,1
20285,1
20286,1
20287,1
20288,1
20289,1
20290,1
20291,1
20292,1
20293,1
20294,2
20295,3
20296,2
20297,4
20298,5
20299,3
20300,1
20301,1
20302,1
20303,1
20304,1
20305,1
20306,1
20307,1
20308,1
20309,1
20310,5
20311,0
20312,0
20313,0
20314,0
20315,0
20316,0
20317,0
20318,0
20319,0
20320,0
20321,0
20322,0
20323,0
20324,0
20326,0
20327,0
20329,0
20330,0
20331,0
20332,0
20333,1
20334,1
20335,0
20336,0
20337,0
20338,0
20339,0
20340,1
20341,1
20342,1
20343,1
20344,1
20345,1
20346,1
20347,1
20348,1
20349,1
20350,1
20351,1
20352,1
20353,1
20354,1
20355,1
20356,1
20357,1
20358,1
20359,0
20360,0
20361,0
20362,0
20363,0
20364,0
20367,0
20368,0
20369,0
20370,0
20371,0
20372,0
20373,0
20374,0
20375,1
20376,4
20377,0
20378,0
20379,0
20380,0
20381,0
20382,0
20383,0
20384,0
20385,0
20386,0
20387,0
20388,0
20389,0
20390,0
20391,0
20392,0
20393,0
20394,0
20395,0
20396,0
20397,0
20398,0
20399,0
20400,0
20401,0
20402,0
20403,0
20404,0
20405,0
20406,0
20407,0
20408,0
20409,0
20410,0
20411,1
20412,1
20413,1
20414,1
20415,0
20416,0
20417,0
20418,0
20419,1
20420,2
20421,1
20422,1
20423,1
20424,1
20425,1
20426,0
20427,0
20428,0
20429,0
20430,0
20431,0
20432,0
20433,0
20434,0
20435,0
20436,0
20437,0
20438,0
20439,0
20440,0
20441,0
20442,0
20443,0
20444,0
20445,0
20446,0
20447,0
20448,0
20449,0
20450,0
20451,0
20452,0
20453,0
20454,0
20455,0
20456,0
20457,0
20458,0
20459,0
20460,0
20461,0
20462,0
20463,0
20464,0
20465,0
20466,0
20467,1
20468,0
20469,0
20470,0
20471,0
20472,0
20473,1
20474,0
20475,2
20476,2
20477,0
20478,0
20479,2
20480,0
20481,0
20482,0
20483,2
20484,3
20485,0
20487,0
20488,0
20489,0
20490,0
20491,0
20492,0
20493,0
20494,0
20495,0
20496,0
20497,0
20498,0
20499,0
20500,0
20501,0
20502,0
20503,0
20504,0
20505,0
20506,0
20507,0
20508,0
20509,0
20510,0
20511,0
20512,3
20513,0
20514,0
20527,2
20528,0
20529,0
20530,0
20531,0
20532,2
20533,2
20534,2
20535,3
20536,3
20537,6
20538,0
20539,0
20540,0
20541,0
20542,3
20543,3
20544,0
20545,3
20546,0
20547,2
20548,0
20549,0
20550,0
20551,0
20552,0
20553,0
20554,0
20555,0
20556,0
20557,0
20558,0
20559,0
20560,0
20561,0
20562,0
20563,0
20564,2
20565,2
20566,2
20567,0
20568,2
20569,0
20570,2
20571,0
20572,0
20573,0
20574,0
20575,0
20576,0
20577,0
20578,0
20579,0
20580,0
20582,0
20583,0
20584,0
20585,0
20586,3
20587,0
20589,0
20590,0
20591,0
20592,0
20593,0
20594,0
20595,0
20596,0
20597,0
20598,0
20599,0
20600,0
20602,2
20603,5
20604,5
20605,0
20606,0
20607,0
20608,3
20609,3
20610,3
20611,0
20612,0
20613,0
20614,0
20615,0
20616,0
20617,0
20618,2
20619,6
20620,5
20621,0
20622,0
20623,2
20624,0
20625,0
20626,0
20627,3
20628,0
20629,3
20630,3
20631,3
20647,0
20648,0
20649,0
20650,0
20651,0
20652,0
20653,0
20654,3
20655,3
20656,3
20657,3
20658,0
20660,0
20661,0
20662,0
20663,5
20664,3
20665,3
20666,0
20667,3
20668,3
20669,5
20671,0
20672,0
20676,2
20677,0
20678,2
20679,2
20680,4
20681,0
20682,6
20683,1
20684,0
20685,0
20686,0
20687,6
20688,2
20690,6
20691,0
20692,2
20693,0
20694,1
20695,1
20696,1
20697,1
20698,3
20699,3
20700,0
20701,3
20702,0
20703,0
20704,0
20705,6
20706,1
20707,5
20708,0
20709,0
20710,0
20711,0
20712,2
20713,0
20714,2
20715,0
20716,6
20717,6
20718,0
20719,0
20720,6
20721,0
20722,0
20723,0
20724,0
20725,0
20726,0
20729,1
20730,0
20731,0
20732,0
20733,5
20734,0
20735,6
20736,6
20737,0
20738,0
20739,3
20740,5
20741,5
20742,3
20743,5
20744,0
20745,0
20746,0
20747,3
20748,3
20749,0
20750,0
20751,0
20752,5
20753,0
20754,2
20755,5
20756,5
20757,5
20758,0
20759,0
20760,0
20761,0
20762,5
20763,5
20764,5
20765,5
20766,0
20767,0
20768,0
20769,0
20770,1
20771,0
20772,1
20773,1
20774,0
20775,0
20776,3
20777,3
20778,0
20779,0
20780,0
20781,0
20782,0
20783,0
20784,0
20785,0
20786,0
20787,2
20788,6
20789,3
20790,3
20791,5
20792,4
20793,2
20794,2
20795,2
20797,2
20798,5
20799,0
20800,2
20801,2
20802,3
20804,0
20805,3
20806,4
20807,5
20808,2
20809,5
20810,5
20811,2
20812,5
20813,2
20814,0
20815,2
20816,5
20817,5
20818,0
20819,4
20820,1
20821,3
20822,4
20823,2
20824,3
20825,5
20826,2
20827,2
20828,4
20829,6
20830,5
20831,3
20832,2
20847,0
20848,0
20849,0
20850,0
20851,0
20852,0
20853,0
20854,0
20855,0
20856,0
20857,0
20858,0
20859,0
20860,0
20861,0
20862,0
20863,0
20864,0
20865,0
20866,0
20867,0
20868,0
20869,4
20870,0
20871,0
20872,0
20873,0
20874,0
20875,0
20876,0
20877,0
20878,0
20879,0
20880,0
20881,0
20882,5
20883,6
20884,0
20885,3
20886,6
20887,6
20888,6
20889,6
20890,0
20891,0
20892,3
20893,0
20894,3
20895,3
20896,3
20897,0
20898,0
20899,0
20900,0
20901,0
20902,0
20903,0
20904,0
20905,6
20906,6
20907,0
20908,0
20909,0
20910,0
20911,1
20912,1
20913,1
20914,1
20915,1
20916,0
20917,0
20918,1
20919,1
20920,1
20921,0
20922,1
20923,1
20924,1
20925,1
20926,0
20927,1
20928,1
20929,1
20930,1
20931,0
20932,0
20933,0
20934,0
20935,0
20936,1
20937,1
20938,0
20939,0
20940,0
20941,0
20942,0
20943,0
20944,0
20945,0
20946,0
20947,0
20948,0
20949,0
20950,0
20951,0
20952,0
20953,0
20954,0
20955,0
20956,0
20957,0
20958,0
20959,6
20960,0
20961,1
20962,1
20963,1
20964,1
20965,1
20966,1
20967,1
20968,1
20969,3
20987,0
20988,0
20989,5
21007,5
21008,0
21009,0
21010,3
21011,3
21012,0
21013,0
21014,0
21027,3
21029,5
21030,4
21047,3
21048,5
21049,3
21050,0
21051,0
21052,0
21053,0
21054,5
21055,0
21056,5
21057,0
21058,5
21059,3
21060,3
21061,0
21062,3
21063,6
21064,5
21066,5
21067,3
21068,5
21069,3
21070,3
21071,0
21072,2
21073,6
21074,1
21075,6
21076,6
21077,5
21078,0
21079,5
21080,0
21081,0
21082,1
21083,0
21084,1
21085,0
21086,0
21087,0
21088,6
21089,0
21090,0
21091,6
21092,1
21093,6
21094,0
21095,2
21096,4
21097,4
21098,4
21099,4
21100,0
21107,0
21108,0
21109,3
21110,0
21111,0
21112,0
21113,0
21114,0
21115,0
21116,0
21117,0
21118,0
21127,6
21128,0
21129,0
21130,0
21131,2
21132,2
21133,2
21134,6
21135,2
21136,2
21137,2
21138,2
21139,2
21140,0
21141,5
21142,2
21143,0
21144,0
21145,0
21146,0
21147,6
21149,0
21150,0
21151,5
21152,0
21153,5
21154,0
21155,2
21156,0
21157,0
21158,2
21159,2
21160,0
21161,0
21162,2
21163,0
21164,0
21165,0
21167,0
21168,3
21169,3
21170,5
21171,6
21172,0
21173,0
21174,0
21175,0
21176,0
21178,3
21179,3
21180,0
21181,0
21183,1
21184,0
21185,3
21186,0
21187,0
21188,2
21189,3
21190,0
21207,0
21227,0
21228,0
21229,0
21230,0
21247,0
21248,0
21249,0
21267,0
21268,0
21287,0
21288,0
21307,0
21327,0
21330,5
21331,3
21332,0
21333,2
21334,0
21335,3
21336,0
21337,3
21338,0
21339,0
21340,5
21341,5
21342,0
21343,0
21345,3
21346,3
21347,3
21348,3
21349,3
21350,3
21351,0
21352,0
21353,0
21354,0
21355,0
21356,0
21357,0
21358,0
21359,6
21360,6
21361,6
21362,6
21363,6
21364,6
21365,6
21366,6
21367,4
21368,0
21369,4
21370,0
21371,0
21372,0
21387,2
21388,2
21389,0
21390,6
21391,0
21392,0
21393,0
21394,0
21395,0
21396,0
21397,0
21398,0
21399,0
21400,0
21401,4
21402,2
21403,0
21407,0
21408,0
21409,0
21410,0
21411,0
21412,0
21413,0
21414,0
21415,0
21416,0
21417,0
21418,0
21419,0
21420,0
21421,0
21422,0
21423,0
21424,0
21425,6
21426,0
21427,0
21428,0
21429,0
21430,0
21431,0
21432,0
21433,0
21434,0
21435,0
21436,0
21437,0
21438,0
21439,0
21440,0
21441,0
21442,0
21443,0
21444,0
21445,0
21446,0
21447,0
21448,0
21449,0
21450,0
21451,0
21452,0
21453,0
21454,0
21455,0
21456,0
21457,0
21458,0
21459,0
21460,0
21461,0
21462,0
21463,0
21464,0
21465,0
21466,0
21467,0
21468,0
21469,0
21470,0
21471,0
21472,0
21473,0
21474,0
21475,0
21476,0
21477,0
21478,0
21479,0
21480,0
21481,0
21482,0
21483,0
21484,0
21485,0
21486,0
21487,0
21488,0
21489,0
21490,0
21491,0
21492,0
21493,0
21494,0
21495,0
21496,0
21497,0
21498,0
21499,0
21500,0
21501,0
21502,0
21503,0
21504,0
21505,0
21506,0
21507,0
21508,0
21509,0
21510,0
21511,0
21512,0
21513,0
21514,0
21515,0
21516,0
21517,0
21518,0
21519,0
21520,0
21521,0
21522,0
21523,0
21524,0
21525,0
21526,0
21527,0
21528,0
21529,0
21530,0
21531,0
21532,0
21533,0
21534,0
21535,0
21536,0
21537,0
21538,0
21539,0
21540,0
21541,0
21542,0
21543,0
21544,0
21545,0
21546,0
21547,3
21548,0
21549,2
21551,0
21552,0
21553,0
21554,0
21555,0
21556,0
21557,0
21558,0
21559,2
21560,1
21561,0
21562,1
21563,0
21564,1
21565,0
21566,0
21567,0
21568,0
21569,0
21587,3
21588,3
21589,3
21590,3
21592,3
21593,3
21594,3
21595,3
21596,3
21597,3
21598,3
21599,3
21600,3
21601,3
21602,3
21603,3
21604,3
21605,3
21606,3
21607,3
21608,3
21609,3
21610,3
21611,3
21612,3
21613,3
21614,3
21615,3
21616,3
21617,3
21618,6
21619,6
21620,6
21621,6
21622,6
21623,6
21624,6
21625,6
21626,6
21627,6
21628,6
21629,6
21630,6
21631,6
21632,6
21633,6
21634,6
21635,6
21636,6
21637,6
21638,6
21639,6
21640,6
21641,6
21642,6
21643,6
21644,6
21645,0
21646,0
21647,0
21648,0
21649,0
21650,2
21651,0
21652,0
21653,0
21654,0
21655,3
21667,3
21668,6
21669,6
21670,3
21687,3
21688,0
21707,0
21708,0
21709,0
21727,0
21728,0
21729,0
21730,0
21731,0
21732,0
21733,0
21734,0
21735,0
21736,0
21737,0
21740,0
21741,0
21744,1
21745,0
21747,0
21748,3
21749,3
21750,4
21751,0
21767,0
21787,3
21788,3
21789,0
21790,4
21791,3
21792,0
21793,3
21794,0
21795,0
21807,3
21808,0
21809,0
21827,0
21828,0
21829,0
21830,0
21831,0
21832,0
21833,2
21834,0
21835,0
21836,0
21837,0
21838,0
21840,0
21841,0
21847,0
21848,0
21849,3
21850,3
21851,0
21852,0
21853,0
21854,0
21855,0
21856,0
21857,2
21858,2
21859,0
21860,0
21861,0
21862,3
21863,0
21864,0
21865,0
21866,0
21867,0
21868,3
21869,0
21870,3
21871,0
21872,0
21873,0
21874,0
21878,0
21879,0
21880,0
21881,0
21882,0
21883,0
21884,0
21885,0
21886,0
21887,0
21889,1
21890,0
21891,0
21892,6
21893,0
21894,0
21895,0
21896,0
21897,0
21898,5
21899,0
21900,0
21901,0
21902,0
21903,0
21904,0
21905,0
21906,0
21907,0
21908,0
21909,3
21910,2
21911,0
21912,6
21913,0
21914,0
21915,0
21916,0
21917,0
21919,0
21920,4
21921,0
21922,0
21923,0
21924,0
21925,0
21926,0
21927,0
21928,0
21929,0
21930,4
21931,0
21932,0
21933,0
21934,6
21935,0
21936,0
21937,0
21938,0
21939,0
21940,0
21941,0
21942,0
21943,0
21944,0
21945,0
21946,0
21949,0
21950,0
21951,0
21952,3
21953,0
21954,1
21955,3
21956,1
21957,0
21958,0
21959,0
21960,0
21961,0
21962,3
21963,3
21964,3
21965,0
21966,0
21967,0
21968,3
21969,0
21970,6
21971,3
21972,0
21973,0
21975,0
21976,5
21977,0
21978,5
21979,0
21980,0
21987,5
21988,0
21989,0
21990,3
21991,3
21992,3
22007,0
22008,6
22009,1
22010,0
22011,1
22012,1
22027,0
22047,2
22048,2
22049,2
22050,0
22051,0
22052,0
22053,0
22054,0
22067,0
22068,0
22088,2
22089,0
22090,0
22091,0
22092,0
22093,0
22094,0
22095,0
22096,0
22097,0
22098,0
22099,0
22100,0
22101,0
22102,0
22103,0
22104,0
22105,0
22106,0
22108,0
22109,0
22110,0
22111,0
22112,0
22113,0
22114,0
22115,0
22116,0
22117,0
22118,0
22119,0
22120,0
22121,0
22127,3
22128,3
22147,0
22167,1
22168,1
22187,1
22188,0
22189,5
22190,0
22191,2
22192,2
22193,2
22194,2
22195,2
22196,2
22197,2
22198,2
22199,2
22200,2
22201,2
22202,2
22203,5
22205,5
22206,6
22207,0
22208,0
22209,0
22210,0
22211,0
22227,0
22247,2
22267,2
22268,2
22269,0
22270,1
22271,6
22272,6
22273,6
22274,0
22275,2
22276,0
22277,6
22278,6
22279,6
22280,6
22281,6
22282,0
22283,0
22284,2
22285,0
22286,0
22287,0
22288,0
22289,3
22290,4
22291,0
22311,0
22312,2
22313,5
22331,0
22332,0
22334,2
22335,3
22336,5
22351,3
22352,0
22353,0
22354,0
22355,3
22356,6
22357,4
22371,5
22372,0
22373,3
22391,0
22392,0
22393,0
22411,0
22412,3
22413,0
22414,3
22415,3
22416,0
22417,5
22418,0
22419,4
22420,4
22421,0
22422,4
22423,2
22424,2
22425,2
22426,0
22427,0
22428,0
22429,0
22430,0
22431,0
22432,0
22433,2
22434,0
22435,0
22436,2
22438,2
22439,2
22440,0
22441,0
22442,2
22458,1
22459,0
22460,6
22478,5
22479,4
22480,0
22481,0
22482,0
22483,0
22498,2
22518,6
22519,4
22520,0
22538,0
22539,5
22540,0
22558,2
22559,4
22560,2
22561,3
22562,0
22563,0
22564,0
22565,0
22566,3
22567,0
22568,0
22569,0
22570,0
22571,0
22572,0
22573,0
22574,5
22575,5
22576,6
22577,6
22578,6
22579,6
22580,6
22581,6
22582,4
22583,0
22584,0
22585,0
22586,0
22587,0
22588,0
22589,0
22590,0
22591,0
22592,0
22593,0
22594,0
22595,3
22596,0
22597,0
22598,0
22599,0
22600,3
22618,3
22619,3
22620,3
22638,3
22639,0
22640,0
22641,0
22642,6
22643,4
22644,0
22645,4
22646,0
22647,0
22648,6
22649,6
22650,0
22651,5
22652,0
22653,0
22654,0
22655,0
22656,0
22657,0
22658,0
22659,0
22660,0
22661,0
22662,3
22663,5
22664,5
22665,5
22666,3
22667,5
22668,5
22669,5
22670,5
22671,5
22672,5
22673,5
22674,5
22675,5
22676,5
22677,5
22678,5
22679,0
22680,0
22681,5
22682,5
22683,6
22684,6
22685,0
22686,0
22687,5
22688,0
22689,0
22690,0
22691,0
22692,0
22693,3
22694,2
22695,3
22696,3
22697,6
22699,2
22700,0
22701,0
22703,2
22704,0
22705,0
22707,0
22709,5
22710,5
22711,0
22712,0
22713,2
22714,1
22715,4
22716,4
22717,0
22718,0
22719,0
22720,0
22721,0
22722,0
22723,0
22724,0
22725,0
22727,0
22728,0
22729,0
22730,0
22731,0
22732,0
22733,0
22734,0
22735,5
22736,0
22737,0
22738,0
22739,2
22741,2
22742,0
22743,5
22744,4
22745,4
22746,4
22747,3
22748,0
22749,0
22750,0
22751,1
22752,1
22753,0
22754,0
22755,0
22756,0
22757,0
22758,0
22759,0
22760,0
22761,0
22762,0
22764,0
22765,0
22766,0
22767,0
22778,0
22779,0
22780,0
22781,0
22782,6
22783,6
22784,0
22785,0
22786,0
22787,0
22788,0
22789,0
22790,0
22792,0
22793,0
22794,0
22795,0
22796,0
22797,0
22798,0
22799,0
22800,3
22801,0
22802,3
22803,0
22804,0
22805,0
22806,0
22807,3
22808,0
22809,0
22810,0
22811,0
22812,3
22813,0
22814,0
22815,0
22816,0
22817,3
22818,3
22820,3
22821,3
22822,6
22823,6
22825,0
22826,0
22827,0
22828,0
22829,0
22830,0
22831,0
22832,0
22833,0
22835,0
22836,0
22837,0
22838,0
22839,3
22840,0
22841,0
22842,0
22843,3
22844,0
22845,0
22846,0
22847,0
22848,0
22849,3
22850,0
22851,0
22852,0
22853,0
22854,0
22855,0
22856,4
22857,0
22858,0
22859,0
22860,0
22861,0
22862,0
22863,0
22864,0
22865,5
22866,0
22867,0
22868,0
22869,0
22870,0
22871,0
22872,0
22873,0
22874,0
22875,0
22876,5
22877,0
22878,5
22879,0
22880,0
22881,0
22882,0
22883,1
22884,5
22885,3
22886,0
22887,0
22888,0
22890,0
22891,0
22893,6
22894,0
22895,0
22896,0
22897,0
22898,0
22899,5
22900,5
22901,5
22902,0
22903,0
22904,0
22905,0
22906,0
22907,0
22908,6
22909,5
22910,2
22911,0
22912,0
22913,0
22914,6
22915,0
22916,0
22917,5
22918,0
22919,5
22920,6
22921,0
22922,0
22923,0
22924,0
22925,0
22926,0
22927,0
22928,0
22929,0
22930,0
22931,0
22932,0
22933,0
22934,0
22935,0
22936,5
22937,3
22938,6
22939,6
22940,6
22941,0
22942,0
22943,0
22944,0
22945,3
22946,3
22947,5
22948,3
22949,0
22950,6
22951,0
22958,0
22959,2
22960,0
22961,0
22962,0
22963,0
22964,0
22965,5
22966,5
22967,0
22968,0
22969,0
22970,0
22971,0
22972,2
22975,2
22976,2
22977,2
22978,2
22979,2
22980,2
22981,2
22982,2
22983,2
22984,2
22985,2
22986,2
22987,0
22988,0
22989,0
22990,0
22991,0
22992,5
22993,5
22994,3
22995,6
22996,0
22997,3
22998,0
22999,3
23000,2
23001,2
23002,0
23003,0
23004,0
23005,0
23006,0
23007,0
23008,0
23009,0
23010,0
23011,3
23012,0
23013,0
23014,5
23015,5
23016,5
23017,0
23018,0
23019,5
23020,0
23021,0
23022,0
23023,2
23024,2
23025,0
23027,6
23028,6
23029,0
23030,0
23031,0
23032,0
23033,0
23034,0
23035,0
23036,0
23037,0
23038,2
23039,2
23040,2
23041,0
23042,0
23043,0
23044,0
23046,0
23047,0
23048,0
23049,0
23050,0
23051,0
23052,0
23053,0
23054,0
23055,3
23056,0
23057,0
23058,0
23059,0
23060,0
23061,0
23062,0
23063,2
23064,6
23065,0
23066,0
23067,0
23068,0
23069,0
23070,0
23071,0
23072,3
23073,0
23074,0
23075,0
23076,0
23077,0
23078,0
23079,0
23080,0
23081,0
23082,0
23083,0
23084,0
23085,0
23086,0
23087,0
23088,0
23089,0
23090,0
23091,0
23092,0
23093,0
23094,0
23095,0
23096,0
23097,2
23098,0
23099,0
23100,0
23101,0
23102,4
23103,3
23104,3
23105,3
23106,3
23107,0
23108,0
23109,0
23110,0
23111,0
23112,0
23113,2
23114,3
23115,4
23116,0
23117,5
23118,0
23119,0
23120,5
23121,0
23122,0
23123,0
23124,0
23125,0
23126,0
23127,3
23128,0
23129,0
23130,0
23131,4
23132,5
23133,0
23134,0
23135,0
23136,0
23137,0
23138,6
23139,6
23140,0
23141,0
23142,0
23143,0
23144,0
23145,0
23146,0
23147,0
23148,0
23149,0
23150,0
23151,0
23152,0
23153,4
23154,5
23155,2
23156,0
23157,0
23158,0
23159,0
23160,0
23161,5
23162,0
23163,0
23164,0
23165,0
23166,0
23167,0
23168,2
23169,3
23170,6
23171,6
23172,0
23173,0
23174,0
23175,0
23176,0
23177,0
23179,0
23180,0
23181,0
23182,4
23183,4
23184,4
23185,4
23186,4
23187,4
23188,0
23189,4
23190,0
23191,0
23192,0
23193,0
23194,0
23195,0
23196,0
23197,0
23198,0
23199,0
23200,0
23201,0
23202,2
23203,0
23204,0
23205,3
23206,3
23207,3
23208,0
23209,0
23210,3
23211,6
23212,6
23213,3
23214,1
23215,0
23217,0
23218,0
23219,0
23220,0
23221,0
23222,0
23223,0
23224,5
23225,0
23226,2
23227,0
23228,0
23229,0
23230,0
23231,0
23232,0
23233,0
23234,0
23235,0
23236,0
23237,0
23238,0
23239,0
23240,0
23241,0
23242,0
23243,0
23244,0
23245,0
23246,0
23247,0
23248,0
23249,0
23250,0
23251,0
23252,0
23253,0
23254,0
23255,0
23256,0
23257,0
23258,0
23260,0
23261,0
23262,0
23264,0
23265,0
23266,2
23267,2
23268,5
23269,1
23270,0
23271,6
23272,0
23273,0
23274,0
23275,5
23276,0
23277,0
23278,5
23279,0
23298,5
23299,3
23300,0
23301,0
23302,0
23303,0
23304,0
23305,5
23306,3
23307,0
23308,2
23309,2
23310,6
23311,0
23312,6
23313,3
23314,3
23315,2
23316,2
23317,0
23318,0
23319,0
23320,0
23321,0
23322,0
23323,0
23324,0
23325,0
23326,0
23327,0
23328,0
23329,0
23330,0
23331,2
23332,0
23333,0
23334,0
23335,0
23336,0
23337,0
23338,0
23339,0
23340,5
23341,2
23342,0
23343,0
23344,0
23345,0
23346,0
23347,0
23348,0
23349,0
23350,0
23351,0
23352,0
23353,0
23354,0
23355,0
23356,3
23357,0
23359,0
23360,0
23361,0
23362,0
23363,0
23364,0
23365,0
23378,2
23379,2
23380,6
23381,3
23382,0
23383,0
23384,0
23385,0
23386,0
23387,0
23388,0
23389,0
23390,0
23391,0
23392,0
23393,4
23394,5
23396,1
23397,5
23398,5
23399,0
23400,0
23401,5
23402,5
23405,0
23406,0
23407,0
23408,0
23409,0
23410,5
23411,2
23412,4
23413,6
23414,5
23415,1
23416,0
23417,0
23418,5
23419,2
23420,3
23422,4
23423,3
23424,5
23425,5
23426,5
23427,5
23428,0
23429,0
23430,0
23431,0
23432,0
23433,0
23434,0
23435,0
23436,5
23437,5
23438,5
23439,5
23440,0
23441,0
23442,0
23443,0
23444,3
23445,3
23446,0
23447,0
23448,0
23449,2
23450,0
23451,6
23452,6
23453,0
23454,0
23455,1
23456,3
23457,3
23458,1
23459,1
23460,0
23461,2
23462,2
23464,5
23466,0
23467,0
23468,0
23469,0
23470,0
23471,0
23472,0
23473,0
23474,0
23475,0
23476,0
23477,0
23478,2
23479,0
23480,0
23481,0
23482,0
23483,0
23484,0
23485,2
23486,0
23487,0
23488,0
23489,0
23490,0
23491,0
23492,2
23493,0
23498,0
23499,3
23500,5
23501,5
23502,5
23503,5
23504,0
23505,0
23506,1
23507,0
23508,0
23509,0
23510,0
23511,0
23512,2
23513,0
23514,0
23515,0
23516,0
23517,5
23518,5
23519,5
23520,5
23521,5
23522,5
23523,0
23524,0
23525,0
23526,0
23527,0
23528,0
23529,0
23530,0
23531,0
23532,0
23533,0
23534,0
23535,0
23536,0
23537,0
23538,0
23539,0
23540,0
23541,0
23542,0
23544,0
23545,0
23546,0
23547,0
23548,0
23549,0
23550,0
23551,3
23552,3
23553,0
23554,0
23555,0
23556,0
23557,0
23558,0
23559,0
23560,0
23561,0
23562,0
23563,0
23564,0
23565,0
23566,0
23567,0
23568,0
23569,0
23570,0
23571,0
23572,0
23573,0
23574,0
23575,0
23576,0
23577,6
23578,6
23579,0
23580,0
23581,0
23582,0
23583,0
23584,0
23585,0
23586,0
23587,0
23588,0
23589,0
23590,1
23591,1
23592,3
23593,0
23594,0
23595,0
23598,5
23600,0
23601,0
23602,0
23603,6
23604,0
23605,0
23618,2
23619,2
23620,2
23621,0
23622,0
23623,0
23625,0
23626,0
23627,0
23628,0
23629,0
23630,0
23631,0
23632,0
23633,0
23634,0
23635,0
23636,0
23637,0
23638,0
23639,0
23640,0
23641,0
23642,5
23644,2
23645,6
23646,0
23647,0
23648,0
23649,0
23650,0
23651,0
23652,0
23653,0
23654,0
23655,0
23656,0
23657,0
23658,0
23659,0
23660,0
23661,0
23662,0
23663,0
23664,0
23665,0
23666,0
23667,0
23668,0
23669,0
23670,0
23671,0
23672,0
23673,0
23674,0
23675,0
23676,0
23677,0
23678,0
23679,0
23680,0
23681,0
23682,1
23683,3
23684,0
23685,0
23686,3
23687,3
23688,0
23689,1
23690,0
23691,0
23692,0
23693,1
23694,0
23695,0
23696,0
23697,0
23698,0
23699,0
23700,0
23701,5
23702,0
23703,0
23704,0
23705,0
23706,0
23707,0
23708,0
23709,0
23710,0
23711,0
23712,0
23713,0
23714,0
23715,0
23716,0
23717,0
23718,0
23719,0
23720,5
23721,0
23722,6
23723,6
23724,3
23725,0
23726,0
23727,0
23728,3
23729,0
23730,3
23731,0
23732,3
23733,1
23734,3
23735,5
23736,5
23737,5
23738,5
23758,0
23759,5
23760,5
23761,5
23762,5
23763,0
23764,0
23765,0
23766,5
23767,5
23768,5
23769,5
23770,0
23771,5
23772,3
23773,3
23774,3
23775,0
23776,0
23777,0
23779,0
23780,1
23781,1
23782,0
23783,0
23784,5
23785,5
23786,3
23787,0
23788,0
23789,3
23790,3
23792,3
23793,0
23794,0
23795,6
23796,0
23797,0
23798,0
23799,0
23800,0
23801,0
23802,0
23803,0
23804,0
23805,0
23806,0
23807,0
23808,0
23809,0
23810,0
23811,0
23813,5
23814,5
23815,5
23816,5
23817,5
23818,5
23819,5
23820,5
23821,5
23822,5
23823,5
23824,5
23825,5
23826,5
23827,5
23828,5
23829,5
23830,5
23831,5
23832,5
23833,5
23834,5
23835,5
23836,5
23837,5
23838,5
23839,5
23840,5
23841,5
23842,5
23843,5
23844,5
23845,0
23848,0
23849,3
23850,0
23851,0
23852,0
23853,0
23858,1
23859,1
23860,2
23861,3
23862,3
23863,3
23864,3
23865,3
23866,3
23867,3
23878,0
23880,0
23881,0
23885,0
23886,0
23887,0
23888,0
23889,0
23890,0
23891,0
23892,0
23893,0
23894,0
23895,1
23896,0
23897,0
23898,0
23899,0
23900,0
23918,0
23919,0
23920,0
23921,0
23922,0
23923,0
23924,0
23925,0
23926,0
23927,0
23928,0
23929,3
23930,0
23931,3
23932,0
23933,0
23934,0
23935,0
23936,0
23937,0
23938,0
23939,0
23940,0
23941,0
23942,0
23943,0
23944,0
23945,0
23946,0
23947,1
23948,1
23949,0
23950,0
23951,3
23952,5
23953,5
23954,1
23958,5
23959,0
23960,0
23961,0
23962,0
23963,0
23964,1
23965,1
23966,3
23967,0
23968,0
23969,0
23970,2
23971,2
23972,2
23973,0
23974,0
23975,0
23978,6
23979,1
23989,0
23990,0
23991,1
23992,0
23998,0
23999,0
24000,0
24001,0
24002,3
24003,3
24004,3
24005,0
24006,6
24007,0
24008,0
24009,0
24010,0
24011,3
24012,0
24013,0
24014,0
24015,0
24016,0
24017,0
24018,0
24019,0
24020,0
24021,5
24022,1
24023,0
24024,2
24038,0
24039,0
24040,0
24041,0
24042,0
24043,0
24044,0
24045,0
24046,0
24047,0
24048,0
24049,0
24050,5
24051,5
24052,5
24053,3
24054,0
24055,0
24056,0
24057,0
24058,0
24059,0
24060,0
24061,0
24062,0
24063,3
24064,0
24065,0
24066,0
24067,0
24068,0
24069,0
24070,0
24071,0
24072,0
24073,0
24074,0
24075,0
24076,0
24077,0
24078,0
24079,0
24080,1
24081,0
24082,0
24083,5
24084,3
24085,0
24086,0
24087,0
24088,0
24089,0
24090,0
24091,0
24092,0
24093,0
24094,0
24095,0
24096,0
24097,3
24098,0
24099,3
24100,5
24101,0
24102,0
24103,0
24104,0
24105,0
24106,0
24107,0
24108,0
24109,6
24110,0
24111,3
24112,3
24113,0
24114,0
24115,0
24116,0
24117,0
24118,0
24119,0
24120,0
24121,0
24122,0
24123,0
24124,0
24125,0
24126,0
24127,0
24128,0
24129,0
24130,0
24131,3
24132,3
24133,3
24134,3
24135,3
24136,0
24137,0
24138,0
24139,0
24140,0
24141,0
24142,0
24143,0
24144,0
24145,0
24146,0
24147,0
24148,0
24149,0
24150,0
24151,0
24152,3
24153,0
24154,0
24155,0
24156,0
24157,0
24158,0
24159,0
24160,0
24161,0
24162,0
24163,0
24164,0
24165,0
24167,0
24168,0
24169,3
24170,3
24171,0
24172,0
24173,1
24178,6
24179,0
24180,0
24181,0
24182,0
24183,0
24184,6
24185,3
24186,0
24187,0
24188,0
24189,0
24190,3
24191,0
24192,0
24193,0
24194,0
24195,0
24196,3
24197,0
24198,0
24199,0
24201,0
24202,0
24203,0
24204,0
24205,0
24206,0
24207,0
24208,1
24209,1
24210,0
24211,0
24212,5
24213,0
24214,0
24215,0
24217,0
24218,0
24219,0
24221,0
24222,0
24223,0
24224,1
24225,0
24226,0
24228,0
24229,0
24230,0
24231,0
24232,0
24233,0
24234,1
24235,0
24236,0
24237,0
24238,0
24239,1
24240,0
24241,0
24242,0
24243,3
24244,6
24245,0
24246,0
24247,0
24248,0
24249,0
24250,0
24251,3
24252,0
24253,0
24254,3
24255,0
24256,0
24257,0
24258,0
24259,5
24261,5
24262,5
24263,0
24264,0
24265,3
24266,0
24267,0
24268,6
24269,0
24270,0
24271,0
24272,0
24273,0
24274,1
24275,1
24276,0
24277,0
24278,0
24279,0
24280,0
24281,0
24282,0
24283,0
24284,0
24285,0
24286,0
24287,0
24288,0
24289,0
24290,0
24291,0
24292,0
24293,0
24294,0
24295,0
24296,0
24297,0
24298,0
24299,0
24300,5
24301,0
24302,0
24303,0
24304,0
24306,5
24307,0
24308,5
24309,0
24310,0
24311,0
24312,0
24313,0
24314,0
24315,0
24316,0
24317,0
24318,0
24319,3
24320,3
24321,3
24322,0
24323,3
24324,5
24325,0
24326,0
24327,5
24328,5
24330,0
24331,0
24332,0
24333,0
24334,3
24335,3
24336,3
24337,0
24339,3
24340,2
24341,1
24342,0
24343,0
24344,0
24345,0
24346,0
24347,0
24348,0
24349,0
24350,0
24351,0
24352,0
24353,0
24354,1
24355,0
24356,0
24357,0
24358,0
24359,0
24360,5
24361,0
24362,0
24363,0
24364,0
24365,0
24366,0
24367,0
24368,0
24369,0
24370,0
24372,0
24373,0
24374,2
24375,0
24376,0
24377,0
24378,0
24379,0
24382,0
24383,0
24384,0
24386,0
24387,0
24388,0
24389,2
24390,0
24391,0
24392,4
24393,0
24394,0
24395,0
24396,0
24397,0
24398,0
24399,0
24400,0
24401,0
24402,0
24405,4
24406,3
24407,0
24408,0
24409,0
24410,0
24411,0
24412,0
24413,0
24414,0
24415,6
24416,0
24417,0
24418,0
24419,0
24420,0
24421,0
24422,0
24423,0
24424,0
24425,0
24426,0
24427,3
24428,0
24429,0
24430,0
24431,0
24432,0
24433,0
24434,0
24435,5
24436,0
24437,5
24438,0
24439,0
24440,0
24441,0
24442,0
24443,0
24444,0
24445,0
24446,0
24447,0
24448,0
24449,0
24450,0
24451,0
24452,0
24453,0
24454,0
24455,0
24456,0
24457,0
24458,5
24459,5
24460,0
24461,0
24462,0
24463,0
24464,0
24465,0
24466,5
24467,0
24468,0
24469,0
24470,0
24471,0
24472,0
24473,0
24474,0
24475,0
24476,0
24477,0
24478,0
24479,0
24480,0
24481,0
24482,0
24483,0
24484,0
24485,0
24486,0
24487,0
24488,0
24489,0
24490,0
24491,0
24492,0
24493,0
24494,0
24495,0
24497,0
24498,1
24499,3
24500,0
24501,0
24502,0
24503,0
24504,0
24505,0
24506,0
24507,0
24508,0
24509,0
24510,0
24511,0
24512,0
24513,0
24514,0
24515,0
24516,0
24517,0
24518,0
24519,0
24520,0
24521,0
24522,0
24523,0
24524,0
24525,0
24526,0
24527,0
24528,0
24529,3
24530,2
24531,0
24532,0
24533,0
24534,0
24535,0
24536,0
24537,0
24538,0
24539,0
24540,0
24541,0
24542,3
24543,2
24544,6
24545,0
24546,3
24547,0
24548,0
24549,0
24550,0
24551,0
24552,0
24553,0
24554,0
24555,0
24556,0
24557,0
24558,0
24559,0
24560,0
24561,0
24562,0
24563,0
24565,0
24566,0
24567,0
24568,0
24569,0
24570,0
24571,0
24573,0
24574,0
24575,0
24576,0
24577,0
24578,0
24579,0
24580,0
24581,0
24582,0
24583,3
24584,0
24585,5
24586,3
24587,3
24588,0
24589,0
24590,0
24591,0
24592,0
24593,0
24594,0
24595,3
24596,3
24597,0
24598,0
24599,0
24600,0
24601,0
24602,0
24603,0
24604,0
24605,0
24607,0
24608,0
24609,0
24610,6
24611,2
24612,2
24614,5
24615,5
24616,5
24617,5
24618,5
24619,5
24620,0
24621,0
24622,5
24623,5
24624,5
24625,5
24626,5
24627,5
24628,5
24629,0
24630,0
24631,0
24632,0
24633,0
24634,0
24635,0
24636,0
24637,0
24638,0
24639,0
24640,3
24641,0
24642,0
24643,0
24644,0
24645,0
24646,0
24647,0
24648,3
24649,0
24650,0
24651,0
24652,0
24653,0
24654,0
24655,0
24656,0
24657,0
24658,0
24659,0
24660,0
24661,0
24662,0
24663,0
24664,5
24666,4
24667,4
24668,5
24669,2
24670,5
24671,0
24672,3
24673,5
24674,5
24675,0
24676,0
24677,0
24678,0
24679,0
24680,3
24681,0
24682,3
24683,3
24684,5
24685,3
24686,3
24687,0
24688,3
24689,0
24690,0
24691,0
24692,0
24693,0
24694,0
24696,0
24697,0
24698,0
24699,6
24700,6
24701,2
24702,0
24703,0
24704,0
24705,0
24706,0
24707,0
24708,6
24709,6
24710,6
24711,6
24712,6
24713,6
24714,0
24715,0
24716,0
24717,0
24718,0
24719,0
24720,0
24721,0
24722,0
24723,6
24724,0
24725,3
24726,0
24727,0
24728,0
24729,0
24730,0
24731,0
24732,6
24733,0
24734,0
24735,6
24736,6
24737,0
24740,6
24741,0
24742,0
24743,0
24744,0
24745,0
24746,0
24747,0
24748,0
24750,0
24751,0
24752,3
24753,6
24754,0
24755,6
24756,0
24757,0
24758,0
24759,0
24760,0
24761,0
24762,0
24763,0
24765,0
24766,0
24767,0
24768,0
24769,0
24770,0
24771,0
24772,0
24773,0
24774,0
24775,0
24776,0
24777,0
24778,3
24779,3
24780,0
24781,3
24782,0
24783,0
24784,0
24785,0
24786,0
24787,0
24788,0
24789,0
24790,0
24791,0
24792,0
24793,0
24795,3
24796,3
24798,0
24799,0
24800,0
24801,0
24802,0
24803,2
24804,5
24805,0
24806,0
24807,0
24809,0
24810,5
24811,5
24813,3
24814,3
24815,0
24818,3
24819,3
24820,5
24821,5
24822,5
24823,5
24826,2
24827,0
24828,0
24831,0
24832,0
24833,1
24834,5
24835,5
24836,5
24837,5
24838,5
24839,3
24840,3
24841,0
24842,0
24843,0
24844,3
24845,0
24846,0
24847,0
24848,0
24849,0
24850,0
24851,0
24852,0
24853,3
24854,4
24855,0
24856,0
24857,6
24858,0
24859,0
24860,0
24861,0
24862,0
24863,0
24864,0
24865,1
24866,0
24867,0
24868,3
24869,0
24870,0
24871,3
24872,0
24873,0
24874,0
24875,0
24883,0
24884,3
24885,0
24886,0
24887,0
24888,0
24889,0
24890,0
24891,0
24892,0
24893,5
24894,0
24895,0
24896,0
24897,0
24898,0
24899,0
24900,0
24901,0
24902,0
24903,0
24904,0
24905,3
24906,0
24907,3
24908,0
24909,0
24910,5
24911,0
24912,0
24913,0
24914,0
24915,0
24916,0
24917,0
24918,3
24919,3
24920,0
24921,0
24922,0
24923,0
24924,0
24925,0
24926,0
24927,0
24928,3
24929,3
24930,0
24931,0
24932,0
24933,0
24934,0
24935,0
24936,0
24937,0
24938,0
24939,0
24940,0
24941,0
24942,4
24943,0
24944,0
24945,0
24946,0
24947,1
24948,0
24949,0
24950,0
24951,0
24952,0
24953,0
24954,0
24955,0
24956,0
24957,6
24958,0
24959,0
24960,0
24961,0
24962,0
24963,0
24964,0
24965,0
24966,0
24967,0
24968,0
24969,0
24970,0
24971,0
24972,0
24973,0
24974,3
24975,3
24976,3
24977,3
24978,0
24979,0
24980,0
24981,0
24982,0
24983,0
24984,2
24985,0
24986,0
24987,0
24988,0
24989,0
24990,0
24991,0
24992,0
24993,3
24994,0
24995,2
24997,1
24998,6
24999,0
25000,3
25001,3
25002,2
25003,2
25004,2
25005,0
25006,0
25007,0
25008,3
25009,3
25010,3
25011,3
25012,3
25013,0
25014,0
25015,0
25016,0
25017,0
25018,0
25019,4
25020,3
25021,3
25022,4
25023,4
25024,0
25025,3
25026,2
25027,2
25028,2
25029,2
25030,0
25031,0
25032,0
25033,3
25034,3
25035,0
25036,0
25037,0
25039,0
25040,3
25041,3
25042,3
25043,4
25044,3
25049,2
25050,2
25051,0
25052,3
25053,3
25054,1
25055,6
25056,0
25057,0
25058,1
25059,0
25060,3
25061,1
25063,0
25064,3
25065,3
25066,3
25067,0
25068,2
25069,2
25070,0
25071,0
25072,0
25073,0
25074,0
25076,3
25077,0
25078,0
25079,0
25080,0
25081,0
25082,0
25083,0
25084,0
25085,0
25086,0
25087,0
25088,0
25089,0
25090,0
25091,0
25092,0
25093,0
25094,0
25095,0
25096,0
25097,0
25098,0
25099,2
25100,0
25101,0
25102,3
25104,0
25105,0
25106,0
25107,0
25108,0
25109,3
25110,3
25111,3
25112,5
25113,3
25114,6
25115,6
25116,6
25117,0
25118,0
25119,0
25120,0
25121,0
25122,0
25123,0
25124,0
25125,0
25126,0
25127,0
25128,0
25129,0
25130,0
25132,0
25133,0
25134,0
25135,0
25136,0
25137,0
25138,0
25139,0
25141,0
25142,0
25145,0
25146,0
25147,0
25148,0
25149,0
25150,0
25151,0
25152,0
25153,0
25155,1
25157,0
25158,0
25159,0
25160,0
25161,0
25162,0
25163,3
25164,3
25165,2
25166,0
25167,0
25168,0
25169,0
25170,2
25171,0
25172,0
25174,0
25175,0
25176,0
25177,2
25178,2
25180,3
25181,3
25182,0
25183,5
25184,0
25185,3
25186,0
25187,3
25188,0
25189,3
25190,3
25191,3
25192,0
25193,0
25194,0
25195,5
25198,3
25199,3
25200,0
25201,0
25205,0
25228,5
25247,0
25260,5
25262,3
25263,1
25282,1
25286,0
25288,0
25289,0
25290,1
25291,1
25292,1
25294,0
25295,3
25296,3
25297,3
25298,6
25299,3
25300,0
25302,0
25304,4
25306,2
25307,5
25309,2
25311,5
25314,1
25315,1
25316,1
25322,0
25333,0
25345,6
25346,6
25347,0
25348,3
25349,3
25350,0
25351,0
25352,0
25353,0
25354,0
25355,0
25356,0
25357,3
25359,3
25360,3
25361,3
25362,3
25371,3
25373,3
25374,3
25378,0
25383,3
25398,0
25399,0
25400,0
25401,0
25402,0
25403,0
25404,0
25405,0
25406,0
25407,0
25408,0
25409,0
25410,3
25411,0
25412,0
25413,0
25414,0
25415,0
25416,0
25417,0
25418,0
25419,0
25424,3
25425,3
25462,0
25465,0
25471,0
25473,0
25495,0
25497,3
25503,0
25514,1
25515,1
25516,1
25565,0
25586,5
25592,0
25595,0
25598,3
25599,3
25600,0
25604,0
25605,3
25640,3
25645,3
25646,0
25648,0
25651,2
25653,0
25654,0
25655,0
25656,3
25657,0
25658,0
25659,0
25660,0
25661,0
25662,0
25663,0
25664,0
25666,0
25668,2
25669,0
25671,5
25672,6
25673,0
25674,0
25675,0
25676,5
25677,0
25678,0
25679,6
25680,0
25681,6
25682,6
25683,6
25684,6
25685,0
25686,0
25687,0
25688,0
25690,0
25691,0
25692,0
25693,0
25694,0
25695,0
25696,0
25697,0
25698,2
25699,2
25700,0
25701,0
25702,0
25703,0
25704,0
25705,0
25708,0
25709,0
25710,0
25711,0
25712,0
25713,1
25715,1
25716,0
25717,0
25718,0
25719,0
25720,0
25721,0
25722,0
25724,0
25725,0
25726,0
25727,1
25728,1
25729,1
25730,1
25731,1
25732,1
25733,1
25734,1
25735,1
25736,1
25737,1
25738,1
25739,1
25740,1
25741,1
25742,1
25743,0
25744,0
25745,1
25746,1
25747,1
25748,3
25749,3
25750,1
25751,1
25752,1
25753,1
25754,5
25755,5
25756,3
25757,1
25758,1
25759,1
25760,1
25761,1
25762,1
25763,0
25764,0
25765,0
25766,0
25767,0
25768,6
25769,0
25770,0
25771,1
25772,0
25773,0
25774,5
25775,0
25777,3
25778,0
25779,5
25780,1
25781,1
25782,1
25783,0
25784,0
25785,0
25786,3
25787,0
25788,0
25789,0
25790,3
25791,0
25792,0
25793,0
25794,0
25795,0
25796,0
25797,0
25798,0
25799,0
25800,0
25801,0
25802,0
25803,0
25804,0
25805,5
25806,5
25807,1
25808,1
25809,3
25810,3
25811,3
25812,3
25813,0
25814,0
25815,5
25816,5
25817,3
25818,3
25819,3
25820,5
25821,0
25822,0
25823,0
25824,0
25825,0
25826,0
25827,0
25828,0
25829,0
25830,0
25831,0
25832,0
25833,0
25834,0
25835,0
25836,0
25838,3
25839,0
25840,0
25841,1
25842,0
25843,0
25844,0
25845,0
25846,0
25847,0
25848,0
25849,0
25850,0
25851,0
25852,0
25853,0
25854,0
25855,0
25856,0
25858,0
25859,0
25860,0
25861,0
25862,0
25863,0
25864,0
25865,0
25866,0
25867,0
25868,0
25869,0
25870,0
25871,0
25872,0
25873,0
25874,0
25875,0
25876,0
25877,0
25878,0
25879,0
25880,0
25881,0
25882,0
25883,0
25884,0
25885,0
25886,0
25887,0
25888,0
25889,0
25890,1
25891,0
25892,0
25893,0
25894,1
25895,1
25896,3
25897,0
25898,1
25899,1
25900,0
25901,0
25902,1
25903,1
25904,0
25905,0
25906,0
25907,6
25908,3
25909,3
25910,0
25911,1
25912,1
25913,1
25914,1
25915,0
25916,1
25917,0
25918,1
25919,0
25920,0
25921,0
25922,0
25923,0
25924,0
25925,0
25926,0
25927,0
25928,0
25929,0
25930,0
25931,0
25932,0
25933,0
25934,0
25935,0
25936,0
25937,4
25938,0
25939,0
25940,0
25941,0
25942,1
25943,1
25944,1
25945,1
25946,0
25947,0
25948,0
25949,0
25950,0
25951,0
25952,0
25953,0
25954,0
25955,0
25956,0
25957,0
25958,0
25959,0
25960,0
25961,0
25962,0
25963,0
25964,0
25965,0
25966,0
25967,0
25968,0
25969,0
25970,0
25971,0
25972,0
25973,0
25974,0
25975,0
25976,0
25977,0
25978,0
25979,0
25980,0
25981,0
25982,0
25983,0
25984,0
25985,0
25988,0
25989,3
25990,0
25991,3
25992,0
25993,3
25994,0
25995,0
25996,0
25997,1
25998,0
25999,0
26000,0
26001,0
26002,0
26003,0
26004,0
26005,0
26006,5
26007,0
26008,0
26009,0
26010,0
26011,0
26012,0
26013,6
26014,0
26015,0
26016,0
26017,1
26018,1
26019,0
26020,0
26021,0
26022,0
26023,0
26025,0
26027,0
26029,5
26030,0
26034,0
26035,0
26036,0
26038,0
26041,0
26042,5
26043,0
26044,5
26045,0
26046,5
26047,0
26048,5
26049,5
26050,3
26051,0
26052,3
26053,3
26054,0
26055,0
26056,0
26057,0
26058,0
26059,2
26060,0
26061,0
26062,0
26063,0
26064,0
26065,0
26066,0
26067,0
26068,0
26069,3
26070,5
26071,3
26072,3
26073,2
26074,0
26075,0
26076,0
26077,3
26078,3
26079,5
26080,0
26081,3
26082,3
26083,0
26084,0
26085,0
26086,0
26087,0
26088,0
26089,0
26090,3
26091,0
26092,0
26093,3
26094,0
26095,0
26096,0
26097,3
26098,3
26099,0
26100,0
26101,0
26102,3
26103,0
26104,0
26105,0
26106,0
26107,0
26108,5
26109,0
26110,0
26111,0
26112,0
26113,0
26114,0
26115,0
26116,0
26117,5
26118,0
26119,5
26120,0
26121,3
26122,0
26123,0
26125,0
26126,0
26127,0
26128,0
26129,3
26130,3
26131,3
26132,4
26133,0
26134,3
26135,3
26136,0
26137,0
26139,0
26140,0
26141,0
26142,3
26143,5
26144,0
26145,0
26146,0
26147,0
26148,0
26149,0
26150,0
26151,0
26152,0
26153,0
26154,0
26155,3
26156,0
26157,0
26158,3
26159,0
26160,0
26161,0
26162,0
26163,0
26164,0
26165,0
26166,6
26167,0
26168,3
26169,0
26170,1
26171,0
26172,0
26173,0
26174,0
26175,0
26176,0
26177,0
26178,0
26179,0
26180,3
26181,0
26182,0
26183,0
26184,0
26185,0
26186,0
26187,3
26188,3
26189,0
26190,0
26191,0
26192,6
26193,0
26194,3
26195,6
26196,3
26197,6
26198,6
26199,0
26200,0
26201,0
26202,0
26203,0
26204,0
26205,0
26206,0
26207,0
26208,0
26209,0
26210,0
26211,0
26212,0
26213,0
26214,0
26215,0
26216,0
26217,0
26218,0
26219,0
26220,3
26221,0
26222,0
26224,0
26225,0
26226,3
26227,3
26228,0
26229,0
26230,0
26231,0
26232,0
26233,3
26234,0
26235,0
26236,0
26237,0
26239,0
26240,0
26241,0
26242,0
26243,0
26244,0
26245,0
26246,0
26247,0
26248,0
26249,0
26250,0
26251,0
26252,0
26253,0
26254,0
26255,0
26256,0
26257,0
26258,6
26259,6
26260,0
26261,0
26262,0
26263,0
26264,0
26265,0
26268,0
26270,0
26271,0
26272,0
26273,0
26274,0
26275,0
26276,2
26277,0
26278,0
26279,0
26280,0
26281,5
26282,0
26283,0
26284,0
26285,0
26286,0
26287,0
26290,0
26291,0
26292,0
26293,0
26294,0
26295,0
26296,0
26297,0
26298,0
26299,0
26300,0
26301,0
26302,0
26303,0
26304,0
26305,0
26306,0
26307,0
26308,0
26309,0
26310,0
26311,0
26312,0
26313,0
26314,0
26315,0
26316,0
26317,0
26318,0
26319,0
26320,0
26321,0
26322,0
26323,0
26324,0
26325,0
26326,0
26327,0
26328,0
26329,0
26331,3
26332,0
26333,0
26334,0
26335,0
26336,0
26337,0
26338,0
26339,0
26340,0
26341,0
26342,0
26344,0
26345,0
26346,0
26347,0
26348,0
26349,0
26350,0
26351,0
26352,0
26353,0
26354,0
26355,0
26356,0
26357,0
26358,0
26359,0
26360,0
26361,0
26362,0
26363,3
26364,3
26365,3
26366,3
26367,3
26368,0
26369,3
26370,3
26373,6
26374,0
26375,0
26376,0
26377,0
26378,5
26379,0
26380,0
26381,6
26382,3
26383,0
26384,0
26385,5
26386,6
26387,0
26388,6
26389,0
26390,6
26391,0
26392,0
26393,0
26394,0
26395,3
26396,0
26397,0
26398,0
26399,0
26400,6
26401,0
26402,0
26403,0
26404,0
26405,0
26406,6
26407,0
26408,6
26409,6
26410,6
26411,0
26412,6
26413,0
26414,6
26415,3
26416,0
26417,0
26418,0
26419,3
26420,0
26421,0
26422,0
26423,0
26424,0
26425,0
26426,0
26427,0
26428,0
26429,0
26430,0
26431,0
26432,0
26433,0
26434,0
26435,0
26436,0
26437,0
26438,0
26439,0
26440,0
26442,0
26443,0
26444,0
26445,0
26446,0
26447,0
26448,6
26450,6
26451,6
26452,6
26453,6
26454,6
26455,6
26456,6
26457,5
26458,3
26459,3
26460,3
26461,0
26462,0
26463,0
26464,0
26465,0
26467,0
26468,0
26469,0
26470,3
26471,0
26472,0
26473,0
26474,0
26475,0
26476,3
26477,0
26478,3
26479,3
26480,0
26481,0
26483,0
26484,0
26485,0
26486,0
26487,0
26488,0
26489,0
26490,0
26491,0
26492,0
26493,0
26494,0
26495,0
26496,0
26497,0
26498,0
26499,0
26500,0
26501,0
26502,0
26503,0
26504,0
26505,0
26506,0
26507,0
26508,0
26509,0
26510,0
26511,0
26512,0
26513,0
26514,0
26515,0
26516,0
26517,0
26518,0
26519,0
26520,0
26521,0
26522,0
26523,0
26524,0
26525,3
26526,3
26527,0
26528,0
26529,0
26530,0
26531,0
26532,0
26533,0
26534,0
26536,0
26537,0
26538,0
26539,0
26540,6
26541,0
26542,0
26543,0
26544,0
26545,3
26546,5
26548,0
26550,3
26552,3
26553,0
26554,3
26555,5
26556,3
26557,3
26558,2
26559,5
26561,0
26564,0
26565,1
26569,0
26570,0
26573,1
26574,0
26575,3
26577,3
26580,5
26584,3
26585,0
26586,0
26587,0
26588,0
26589,0
26590,3
26591,0
26592,0
26594,0
26601,3
26602,0
26603,0
26604,0
26607,4
26608,0
26613,0
26615,0
26616,0
26617,0
26618,0
26619,0
26620,0
26621,0
26622,0
26623,0
26624,0
26625,0
26626,0
26627,0
26628,0
26629,0
26630,0
26631,0
26632,0
26633,0
26634,0
26635,0
26636,0
26637,0
26638,0
26639,5
26640,0
26641,5
26642,0
26643,6
26644,0
26646,0
26647,6
26648,0
26649,0
26650,1
26651,0
26652,0
26653,0
26654,0
26655,0
26656,0
26658,0
26659,1
26662,0
26663,0
26664,0
26665,0
26666,0
26667,0
26668,0
26670,0
26671,0
26672,0
26673,0
26674,0
26675,0
26676,0
26677,0
26678,0
26680,0
26681,0
26682,0
26683,0
26684,0
26685,0
26686,0
26687,1
26690,0
26693,5
26694,0
26695,0
26696,0
26697,0
26698,0
26699,0
26700,0
26701,0
26702,0
26703,0
26704,0
26705,0
26706,0
26707,0
26708,0
26709,0
26710,0
26711,0
26712,0
26713,0
26714,0
26715,0
26716,4
26717,4
26718,4
26719,4
26720,4
26721,4
26722,4
26723,4
26724,4
26725,4
26726,4
26727,4
26728,0
26729,0
26730,0
26731,0
26732,0
26733,0
26734,0
26735,0
26736,0
26737,0
26740,0
26743,0
26744,3
26748,3
26766,0
26767,0
26768,0
26769,0
26787,0
26789,2
26792,0
26793,0
26802,0
26814,0
26837,0
26838,0
26846,0
26868,0
26869,0
26870,0
26879,0
26886,0
26898,0
26899,0
26901,0
26921,0
26923,0
26924,0
26972,0
26973,0
26974,0
26975,1
26976,3
26977,2
27027,0
27035,0
27037,0
27038,0
27039,0
27042,0
27043,0
27057,0
27058,0
27059,0
27093,0
27098,0
27100,0
27102,0
27104,0
27105,0
27106,0
27107,0
27108,0
27109,0
27110,0
27111,0
27112,0
27113,0
27114,0
27115,0
27116,0
27117,0
27118,0
27119,0
27120,0
27121,0
27122,0
27123,0
27146,0
27177,5
27178,5
27183,5
27184,0
27190,0
27191,0
27192,5
27193,5
27194,5
27195,5
27196,5
27197,5
27198,5
27199,5
27200,5
27201,0
27202,0
27203,0
27204,0
27205,0
27206,0
27208,0
27225,0
27241,0
27242,0
27244,0
27245,0
27246,0
27247,0
27248,0
27249,0
27254,0
27255,0
27258,0
27261,0
27286,5
27287,0
27288,0
27289,0
27290,0
27291,0
27338,5
27360,0
27382,5
27383,5
27418,1
27419,1
27420,0
27429,0
27433,0
27498,0
27499,1
27503,0
27504,0
27505,0
27506,0
27507,0
27509,0
27510,0
27511,0
27512,0
27513,0
27514,6
27515,0
27516,0
27517,0
27518,0
27519,0
27520,0
27521,0
27522,0
27523,0
27524,0
27525,0
27526,0
27527,3
27529,0
27530,3
27532,3
27533,2
27534,4
27535,5
27536,5
27537,0
27538,3
27539,0
27540,6
27541,0
27542,0
27543,3
27544,0
27545,3
27546,0
27547,0
27548,0
27549,0
27550,0
27551,0
27552,0
27553,0
27554,0
27555,0
27556,0
27557,0
27558,0
27559,3
27560,0
27561,0
27562,0
27563,0
27564,0
27565,5
27566,0
27567,3
27568,0
27569,0
27570,0
27571,0
27572,0
27573,0
27575,0
27577,0
27578,0
27579,0
27580,0
27581,0
27582,0
27583,0
27584,0
27585,0
27586,0
27587,0
27588,0
27589,0
27590,0
27591,0
27592,0
27593,0
27594,0
27595,0
27596,0
27597,0
27598,0
27600,0
27601,0
27602,0
27603,2
27604,2
27605,5
27606,1
27607,1
27608,1
27609,1
27610,5
27611,0
27613,0
27614,0
27615,0
27616,0
27617,0
27618,4
27619,4
27620,0
27621,3
27622,0
27623,2
27624,3
27625,0
27626,3
27627,0
27628,0
27629,0
27630,0
27631,0
27632,0
27633,0
27634,6
27635,3
27636,6
27637,3
27638,0
27639,0
27640,5
27641,5
27642,0
27643,0
27644,0
27645,0
27646,5
27648,3
27650,3
27651,0
27652,0
27653,0
27654,0
27655,2
27656,2
27657,0
27658,0
27659,0
27660,0
27661,0
27662,0
27663,0
27664,0
27665,0
27666,0
27667,0
27668,0
27669,0
27670,0
27671,0
27672,0
27673,0
27674,0
27675,6
27676,0
27677,6
27678,0
27679,4
27680,0
27681,1
27682,0
27683,1
27684,0
27685,0
27686,0
27687,5
27688,5
27689,3
27690,5
27691,5
27692,5
27693,5
27694,0
27695,5
27696,5
27697,5
27698,5
27699,5
27700,0
27701,0
27702,0
27703,0
27704,0
27705,0
27706,0
27707,0
27708,0
27709,0
27710,0
27711,0
27712,0
27713,0
27714,0
27715,0
27716,0
27717,0
27718,0
27719,0
27720,0
27721,0
27722,0
27723,0
27724,0
27725,0
27726,0
27727,0
27728,0
27729,0
27730,0
27731,1
27733,1
27735,0
27736,0
27737,6
27738,0
27739,0
27740,3
27741,0
27742,0
27743,0
27744,0
27745,2
27746,0
27747,0
27748,0
27749,0
27752,0
27753,4
27754,0
27755,0
27756,0
27757,0
27758,0
27759,0
27760,0
27762,0
27763,0
27764,0
27765,6
27766,0
27768,6
27769,6
27770,6
27771,0
27773,0
27774,0
27775,1
27776,0
27777,6
27778,0
27779,1
27780,0
27781,0
27782,6
27783,6
27784,6
27785,0
27786,1
27787,0
27788,1
27789,0
27790,0
27791,0
27792,0
27793,3
27794,0
27795,0
27796,0
27797,0
27798,6
27799,1
27800,1
27801,1
27802,0
27803,1
27804,1
27805,1
27806,3
27807,3
27808,0
27810,5
27811,0
27812,5
27813,1
27814,0
27815,0
27816,0
27817,1
27818,1
27819,3
27820,3
27821,0
27822,0
27823,0
27824,0
27825,0
27826,0
27827,1
27828,1
27829,0
27830,0
27831,5
27832,0
27833,0
27834,0
27835,0
27836,0
27837,0
27838,0
27839,0
27840,0
27841,1
27842,1
27843,0
27844,0
27845,0
27846,0
27847,0
27848,0
27849,0
27850,0
27851,0
27852,0
27853,0
27855,0
27857,5
27859,0
27860,5
27861,0
27862,0
27863,0
27864,0
27865,0
27866,0
27867,4
27868,4
27869,5
27870,1
27871,1
27873,1
27874,1
27875,0
27876,0
27879,0
27880,0
27881,0
27882,0
27883,0
27884,0
27885,0
27886,0
27887,0
27888,0
27889,0
27890,5
27891,3
27892,0
27893,0
27894,0
27895,0
27896,0
27897,0
27900,0
27901,0
27902,0
27903,0
27904,0
27915,0
27919,3
27921,0
27922,0
27928,0
27929,0
27930,0
27931,0
27932,0
27933,0
27934,0
27935,0
27936,0
27937,0
27938,0
27939,0
27965,0
27978,1
27986,1
27987,5
27988,5
27989,6
27990,5
27991,0
27992,5
27993,0
27994,5
27995,3
27998,0
27999,2
28000,2
28001,0
28006,0
28007,0
28008,0
28009,0
28010,0
28011,0
28012,0
28018,0
28020,0
28023,5
28024,0
28025,0
28026,0
28031,0
28032,0
28033,0
28034,0
28035,0
28041,0
28054,0
28056,0
28059,3
28062,3
28078,0
28081,0
28082,0
28083,0
28084,3
28085,3
28086,0
28087,0
28088,0
28089,3
28090,0
28091,0
28092,0
28095,0
28096,3
28097,0
28098,0
28099,3
28107,0
28108,3
28109,0
28110,0
28111,3
28112,0
28113,0
28114,0
28115,0
28116,0
28117,0
28118,0
28125,0
28126,0
28127,3
28129,0
28130,0
28131,0
28132,0
28133,1
28134,0
28135,3
28136,2
28137,3
28138,0
28139,0
28140,3
28141,3
28142,6
28143,6
28144,6
28145,6
28146,6
28147,0
28148,6
28150,0
28151,0
28152,0
28153,3
28154,0
28155,0
28156,3
28157,3
28158,3
28159,0
28160,0
28161,0
28162,3
28163,0
28164,3
28165,0
28166,3
28167,3
28168,0
28169,0
28171,0
28175,0
28177,0
28179,0
28180,0
28182,0
28183,0
28184,0
28185,0
28186,0
28187,0
28190,0
28194,0
28195,0
28196,0
28197,0
28198,0
28199,0
28200,0
28201,0
28203,0
28204,0
28205,0
28206,0
28207,0
28208,0
28209,0
28210,0
28211,0
28212,0
28213,0
28214,0
28215,0
28216,0
28217,0
28218,0
28219,0
28220,0
28221,0
28222,0
28223,0
28224,0
28225,0
28227,0
28228,0
28229,0
28230,0
28231,0
28232,0
28233,0
28234,0
28235,0
28236,0
28237,0
28238,0
28239,0
28240,0
28241,3
28242,0
28243,0
28244,0
28245,0
28248,0
28249,0
28250,0
28251,0
28252,0
28253,0
28254,0
28255,0
28256,0
28257,0
28258,0
28259,0
28260,0
28261,0
28262,0
28263,0
28264,3
28265,5
28266,0
28270,6
28271,6
28272,6
28278,0
28280,0
28281,0
28282,0
28284,0
28285,0
28286,0
28287,0
28288,0
28289,0
28290,0
28291,0
28292,0
28293,3
28294,3
28297,3
28298,0
28299,3
28301,5
28304,3
28305,1
28306,1
28307,0
28308,0
28309,5
28310,5
28311,3
28313,5
28314,0
28315,5
28316,0
28317,0
28318,3
28319,0
28320,0
28321,0
28322,3
28323,2
28324,0
28325,0
28326,0
28327,0
28328,0
28329,2
28330,2
28331,0
28332,0
28333,0
28334,0
28335,0
28336,0
28337,0
28338,0
28339,0
28340,5
28341,5
28342,5
28343,0
28344,0
28345,0
28346,0
28347,0
28348,0
28349,0
28350,5
28351,0
28352,5
28353,0
28354,0
28355,0
28356,3
28357,3
28358,3
28359,0
28360,3
28361,3
28362,3
28364,0
28365,0
28366,0
28367,0
28369,3
28370,3
28371,0
28373,0
28374,3
28375,0
28376,5
28377,5
28378,5
28379,5
28380,5
28381,5
28382,5
28383,0
28384,0
28386,0
28388,0
28389,5
28391,3
28392,0
28393,0
28394,0
28395,0
28396,0
28397,0
28398,6
28399,6
28400,6
28401,3
28402,0
28403,0
28404,0
28405,0
28406,6
28407,5
28408,5
28409,5
28410,5
28412,5
28413,5
28414,0
28415,0
28416,0
28417,0
28418,1
28419,1
28420,1
28421,0
28422,0
28423,0
28424,0
28425,0
28426,0
28427,0
28428,3
28429,0
28430,2
28431,3
28432,0
28433,3
28434,0
28435,2
28436,2
28437,0
28438,0
28439,0
28440,5
28441,0
28442,0
28443,0
28444,0
28445,0
28446,0
28447,5
28448,5
28449,0
28450,6
28452,0
28453,0
28454,0
28455,0
28456,0
28457,5
28458,5
28459,5
28460,5
28461,0
28462,0
28463,0
28464,0
28465,0
28466,0
28467,0
28468,0
28469,6
28470,0
28471,0
28472,0
28473,0
28474,0
28475,0
28476,0
28477,0
28478,4
28479,4
28480,0
28481,0
28482,0
28483,0
28484,0
28485,0
28487,0
28498,0
28505,0
28522,4
28523,4
28524,4
28526,4
28529,0
28530,3
28531,4
28532,0
28533,3
28534,4
28535,4
28539,0
28541,0
28542,5
28547,4
28559,0
28560,4
28561,4
28574,0
28592,0
28593,0
28594,0
28595,0
28598,5
28599,5
28601,5
28605,5
28608,5
28609,4
28610,5
28611,0
28612,6
28613,0
28614,0
28615,0
28616,0
28617,0
28618,0
28619,0
28620,0
28621,0
28622,3
28627,0
28628,0
28629,0
28663,0
28671,3
28673,0
28679,6
28680,0
28681,0
28682,2
28683,0
28686,0
28687,3
28688,0
28693,3
28697,0
28699,0
28701,0
28716,0
28717,0
28719,0
28722,6
28723,6
28724,6
28725,0
28727,5
28732,6
28735,0
28736,0
28737,0
28738,0
28739,0
28740,0
28741,3
28742,0
28743,0
28744,0
28745,0
28746,0
28747,0
28748,0
28749,0
28750,3
28751,0
28752,0
28753,6
28754,0
28755,0
28756,0
28757,0
28758,0
28760,0
28761,0
28762,6
28763,0
28764,0
28765,2
28766,4
28767,3
28768,3
28769,5
28770,5
28771,0
28772,5
28773,0
28774,0
28775,0
28776,3
28777,0
28778,0
28779,0
28780,0
28781,0
28782,0
28783,0
28784,0
28785,0
28786,3
28787,0
28788,1
28789,0
28790,1
28791,1
28792,3
28793,1
28794,2
28795,1
28796,3
28797,3
28798,0
28799,0
28800,0
28801,3
28802,0
28803,0
28804,1
28805,0
28806,0
28807,0
28808,0
28809,0
28810,1
28811,0
28812,0
28813,0
28814,0
28815,0
28816,0
28817,0
28818,0
28819,0
28820,1
28821,0
28823,0
28824,3
28825,3
28826,3
28827,3
28829,0
28830,0
28831,0
28832,0
28833,0
28834,0
28835,0
28836,5
28839,0
28840,0
28841,3
28842,0
28843,0
28844,0
28845,0
28846,0
28847,0
28848,6
28849,0
28850,6
28851,0
28852,0
28853,0
28854,0
28855,0
28856,0
28857,0
28858,3
28859,2
28860,0
28861,0
28862,6
28863,5
28864,0
28865,5
28866,0
28869,0
28870,0
28871,0
28873,5
28874,0
28876,3
28881,0
28882,2
28883,1
28884,2
28885,0
28886,0
28888,0
28890,3
28891,0
28893,0
28898,0
28908,0
28909,0
28911,0
28913,0
28919,0
28920,0
28921,0
28923,0
28926,0
28928,5
28929,0
28930,0
28931,5
28932,5
28934,5
28935,0
28937,0
28939,0
28940,0
28941,0
28942,0
28943,0
28945,0
28946,0
28949,0
28951,0
28952,0
28954,0
28956,0
28958,0
28959,0
28960,0
28961,0
28969,3
28987,0
28988,0
28989,0
28990,0
28991,3
28992,0
28994,0
28995,0
28996,0
28997,0
28998,0
28999,0
29000,0
29001,6
29002,6
29003,6
29004,0
29005,0
29006,0
29007,0
29008,0
29009,0
29010,0
29011,0
29012,0
29013,0
29014,0
29015,0
29016,0
29017,0
29018,0
29019,0
29020,0
29021,0
29022,0
29023,0
29024,0
29025,0
29026,0
29027,0
29028,0
29029,0
29030,0
29031,0
29032,0
29033,0
29034,0
29035,0
29036,0
29037,0
29038,0
29039,0
29040,0
29041,0
29042,6
29051,5
29055,0
29059,0
29060,0
29061,0
29062,0
29063,1
29064,0
29065,0
29068,0
29069,0
29070,0
29071,0
29072,0
29073,0
29074,2
29075,2
29076,2
29077,6
29079,0
29080,0
29082,0
29084,0
29086,0
29087,0
29088,0
29089,0
29090,0
29091,0
29092,0
29093,0
29094,0
29095,0
29096,0
29097,0
29099,0
29101,0
29102,0
29103,0
29104,0
29105,0
29107,0
29108,0
29110,0
29111,0
29112,0
29113,0
29114,0
29115,2
29116,0
29124,6
29125,0
29126,0
29127,0
29130,0
29131,0
29132,0
29133,0
29134,5
29135,0
29136,0
29137,2
29138,0
29139,0
29140,0
29142,3
29143,0
29144,0
29145,0
29146,0
29150,3
29151,3
29153,0
29154,6
29155,5
29156,0
29159,0
29160,5
29162,0
29163,4
29164,5
29166,3
29167,0
29168,5
29169,3
29171,0
29172,0
29173,0
29175,0
29177,0
29178,0
29179,0
29180,0
29181,0
29182,0
29183,0
29184,5
29185,5
29187,0
29188,0
29189,0
29190,0
29191,0
29192,0
29193,0
29194,5
29195,5
29196,5
29197,5
29198,5
29199,5
29201,5
29202,0
29203,1
29204,5
29205,0
29206,0
29207,3
29208,3
29209,3
29210,3
29211,3
29212,5
29213,5
29214,5
29215,0
29216,0
29217,0
29218,0
29220,0
29221,2
29223,0
29224,0
29225,0
29226,0
29227,0
29228,2
29229,0
29230,0
29231,0
29232,0
29233,0
29234,0
29235,0
29236,0
29237,0
29238,0
29239,0
29240,0
29241,0
29242,0
29243,0
29244,0
29245,0
29246,0
29247,0
29248,0
29249,0
29250,0
29252,0
29255,0
29256,0
29257,0
29258,0
29261,0
29262,0
29264,0
29265,0
29266,0
29267,0
29268,0
29269,0
29270,0
29273,0
29274,0
29275,0
29280,0
29281,0
29282,0
29283,0
29284,0
29285,0
29286,0
29287,0
29288,0
29294,0
29295,0
29296,0
29305,0
29306,3
29307,3
29310,5
29313,0
29316,0
29317,5
29318,4
29324,2
29325,3
29327,0
29328,0
29329,0
29330,0
29331,0
29332,0
29333,0
29334,0
29335,0
29336,0
29338,0
29344,0
29350,3
29351,0
29357,0
29369,0
29371,3
29379,0
29387,2
29388,0
29389,0
29391,0
29392,0
29393,0
29394,0
29398,0
29399,0
29400,0
29401,0
29402,0
29403,2
29407,5
29409,0
29410,0
29411,0
29412,0
29413,0
29414,0
29415,0
29416,0
29417,0
29418,0
29419,0
29421,2
29422,5
29423,5
29424,5
29429,0
29430,0
29432,2
29434,0
29437,0
29438,6
29439,6
29440,6
29441,6
29442,0
29443,6
29444,6
29445,6
29446,6
29447,6
29462,0
29463,0
29467,0
29468,0
29469,2
29470,2
29471,0
29474,0
29475,0
29478,0
29480,0
29481,0
29482,0
29483,0
29484,3
29498,0
29499,0
29500,0
29501,3
29502,4
29506,1
29508,0
29509,0
29510,0
29515,2
29518,0
29519,0
29520,0
29526,0
29530,0
29531,0
29532,0
29533,0
29534,0
29536,0
29544,0
29559,0
29588,0
29589,0
29602,0
29604,0
29607,4
29624,0
29625,0
29626,0
29632,0
29633,0
29634,0
29635,0
29636,0
29637,0
29638,2
29639,2
29640,5
29641,5
29644,2
29646,3
29647,2
29653,3
29655,3
29659,3
29660,3
29681,3
29682,3
29685,0
29705,0
29708,0
29710,0
29715,0
29726,0
29727,0
29785,0
29820,0
29825,0
29826,0
29831,2
29846,0
29848,0
29849,4
29851,0
29852,0
29865,3
29871,0
29874,0
29875,0
29879,4
29894,0
29895,0
29897,0
29898,0
29899,0
29910,0
29915,0
29931,0
29934,0
29936,0
29937,0
29940,0
29941,0
29943,3
29945,0
29994,0
29998,3
30001,5
30002,5
30003,0
30012,0
30018,0
30020,0
30021,0
30025,0
30043,3
30046,0
30047,0
30048,0
30056,0
30058,0
30059,0
30074,3
30075,3
30076,0
30079,5
30080,5
30081,5
30082,0
30088,0
30089,0
30090,0
30091,2
30092,2
30093,4
30094,4
30095,4
30096,6
30097,0
30101,0
30109,3
30110,3
30111,3
30112,0
30113,3
30114,0
30116,0
30117,0
30118,0
30119,0
30121,0
30122,3
30132,4
30133,0
30134,0
30138,5
30139,0
30152,0
30156,0
30160,0
30161,0
30163,0
30164,0
30165,0
30167,0
30169,2
30173,0
30174,0
30175,0
30176,0
30177,0
30178,0
30182,0
30183,0
30185,0
30186,0
30187,0
30188,0
30189,0
30190,0
30192,0
30193,0
30211,0
30215,0
30225,3
30227,0
30228,0
30229,0
30238,1
30243,0
30244,3
30281,6
30285,0
30297,0
30331,0
30336,0
30338,0
30440,0
30441,0
30640,0
30660,0
30676,0
30677,0
30682,0
30683,0
30684,0
30685,0
30732,0
30754,0
30758,0
30770,0
30771,0
30772,0
30775,0
30776,3
30777,3
30778,3
30779,3
30780,3
30794,5
30795,5
30796,5
30797,5
30798,0
30799,0
30800,0
30801,0
30802,0
30803,0
30804,0
30805,0
30806,0
30807,0
30808,0
30809,0
30810,0
30811,0
30812,0
30813,0
30814,0
30816,0
30818,0
30819,0
30820,0
30821,0
30839,1
30861,0
30862,0
30863,0
30864,0
30865,0
30866,0
30867,0
30868,0
30869,0
30870,0
30871,0
30872,0
30879,0
30880,0
30882,0
30892,0
30893,0
30894,0
30895,0
30896,0
30902,0
30903,0
30904,0
30905,0
30906,0
30918,0
30919,0
30920,0
30965,0
30996,0
31004,0
31005,0
31006,0
31007,0
31016,0
31017,0
31018,0
31020,0
31247,0
31248,0
31255,0
31309,0
31313,0
31315,0
31316,0
31362,0
31363,0
31364,2
31365,5
31366,0
31378,0
31400,0
31415,0
31416,0
31417,0
31418,0
31419,0
31420,0
31466,0
31557,0
31562,0
31563,0
31564,0
31565,0
31599,0
31605,0
31700,0
31725,0
31726,0
31748,0
31750,3
31751,6
31768,0
31770,0
31800,4
31817,0
31818,5
31885,0
31906,0
31929,0
31951,0
31954,0
32061,0
32309,3
32950,3
33388,0
33389,0
33391,0
33392,0
