SpellId,Attributes
1,0
3,0
4,0
5,150994944
7,150994944
10,65536
11,262144
12,0
13,0
14,0
15,0
16,0
17,329728
18,0
19,208
22,0
24,0
25,0
26,0
27,0
31,0
33,0
34,0
35,0
43,262160
45,262160
47,16
49,0
50,0
53,327696
56,262144
58,0
59,18
60,18
61,18
65,0
66,269549568
67,0
68,0
71,151322640
72,327696
75,327698
76,327700
77,262160
78,327700
81,80
84,256
87,263188
89,65536
91,263184
94,151322624
96,328720
99,262160
100,805634064
101,327696
103,262160
107,262224
108,80
109,128
110,0
111,0
112,0
113,1073807360
114,65536
116,65536
118,1074855936
120,65536
122,1073807360
124,0
126,65536
128,0
130,65536
131,65536
132,65536
133,65536
134,0
136,65536
139,65536
142,0
143,65536
145,65536
168,65536
172,65536
179,262144
184,0
196,192
197,192
198,192
199,192
200,192
201,192
202,192
203,192
204,192
205,65536
227,192
228,65536
246,65536
255,262144
260,536870912
261,0
262,192
263,192
264,192
265,0
266,192
269,0
271,0
278,263188
279,263188
284,327700
285,327700
302,262160
308,65536
315,65536
324,327680
325,327680
331,65536
332,65536
339,1073840128
344,65536
348,65536
355,327696
365,65536
370,65536
379,0
403,65536
408,327696
409,262144
410,262144
411,262144
421,65536
424,0
427,0
428,0
430,402653440
431,402653440
432,402653440
433,402653440
434,402653440
435,402653440
436,671088640
437,671088640
438,671088640
439,671088640
440,671088640
441,671088640
442,0
443,0
444,0
445,0
446,0
447,0
448,0
450,0
451,0
453,65536
454,16
455,0
456,0
457,0
458,269582608
459,269582608
461,0
463,64
464,64
465,151322624
466,262144
467,65536
468,269582608
469,16809984
470,269582608
471,269582608
472,269582608
474,0
475,327680
476,256
477,256
478,256
479,256
480,0
481,256
482,256
483,256
484,256
485,256
486,256
487,256
488,256
489,262144
490,256
491,65536
492,256
493,256
494,256
495,256
496,256
497,256
498,327680
499,262400
500,0
501,256
502,256
503,262144
504,256
506,256
507,0
508,0
509,0
512,1073807360
513,0
514,0
515,256
517,256
518,0
519,256
520,256
521,65792
522,192
526,65536
527,65536
528,327680
529,65536
530,65536
531,256
532,256
533,256
534,256
535,256
536,256
537,256
538,256
539,65792
540,256
541,256
542,0
543,65536
544,65536
545,65536
546,65536
547,65536
548,65536
549,65536
550,65536
552,329728
553,0
554,65536
555,0
556,268500992
557,256
558,256
559,256
560,256
561,256
562,256
563,65792
564,0
565,256
566,256
567,256
568,0
569,256
570,256
571,256
573,65792
574,256
575,256
576,0
577,256
578,269582608
579,269582608
580,269582608
581,269582608
585,65536
586,327680
587,65536
588,65536
589,327680
590,0
591,65536
592,327680
593,1074069504
594,327680
595,0
596,65536
597,65536
598,65536
599,0
600,327680
601,262352
602,65536
603,65536
604,65536
605,1075118080
606,65536
607,262400
608,256
609,256
610,256
611,256
612,256
613,256
614,256
615,256
616,256
617,0
618,256
619,256
620,256
621,256
622,256
624,256
625,256
626,256
627,256
628,256
629,0
630,0
631,256
632,256
633,327680
634,0
635,65536
636,151322624
637,262144
638,0
639,65536
640,262144
641,262144
642,327680
643,151322624
644,0
645,151322624
646,262144
647,65536
648,329728
649,151322624
650,256
651,256
652,262400
653,256
654,256
655,256
656,256
657,256
658,256
659,256
660,256
661,256
662,256
663,256
664,256
665,262400
668,192
669,192
670,192
671,192
672,192
673,671088640
674,80
676,327696
677,262160
678,328708
679,328708
680,328708
682,0
684,0
685,256
686,65536
687,65536
688,65536
689,65536
690,0
691,65536
692,0
693,65536
694,327696
695,65536
696,65536
697,65536
698,268500992
699,65536
700,1074855936
701,0
702,65536
703,2555920
704,65536
705,65536
706,65536
707,65536
708,0
709,65536
710,1073807360
711,0
712,65536
713,256
714,256
715,0
718,0
719,256
720,0
721,256
722,256
723,262144
724,0
725,256
726,256
727,256
728,0
729,256
730,256
731,0
732,256
733,256
734,256
735,256
736,256
737,262144
738,0
739,67108864
740,65536
741,262400
742,80
743,437583888
744,786432
745,16
746,16
747,0
748,263184
749,263184
750,192
751,263184
752,263184
753,263184
755,65536
756,0
757,0
758,64
759,65536
761,0
762,0
763,262144
764,262144
765,65536
766,256
767,0
768,327696
769,262160
770,65536
771,1073807376
772,327696
773,65536
774,65536
775,327696
776,65536
778,65536
779,262160
780,262160
781,1376256
782,65536
783,360464
784,256
785,603979776
786,256
787,262144
788,256
789,256
790,256
791,65792
792,256
793,256
794,384
795,256
796,256
797,262400
798,262400
799,256
800,0
801,0
802,0
804,2048
805,0
806,0
812,8390912
813,192
814,192
815,192
816,192
817,192
818,268501008
819,262352
820,208
821,208
822,16
823,80
824,16777424
825,20971728
826,16777424
827,16777296
828,16777424
829,262160
830,16
831,80
833,402653440
834,671088640
835,0
836,151257472
837,65536
838,256
839,0
840,262144
841,262144
842,256
844,256
845,327700
846,256
847,262144
848,256
849,0
850,0
851,65536
852,256
853,327680
854,256
855,0
856,0
857,65536
858,256
860,256
861,0
862,256
863,262144
864,256
865,1073807360
866,256
867,0
868,0
870,256
871,327696
872,256
874,256
876,256
877,0
878,262144
879,327680
880,65792
882,256
883,65552
884,262144
885,269549568
886,256
890,256
892,256
894,256
895,0
896,0
897,0
898,0
899,65536
900,256
901,65536
902,256
903,262144
904,0
905,327680
906,256
908,256
909,65536
910,256
911,0
912,262144
913,65536
914,256
915,65536
916,0
917,0
918,256
920,256
921,196624
922,256
923,65536
924,256
926,256
928,256
930,65536
931,256
932,0
933,0
934,0
935,262400
936,256
937,0
938,262144
939,65536
940,256
943,65536
944,256
945,327680
946,256
947,0
948,262144
949,0
950,256
951,65536
952,256
955,0
956,256
957,0
958,262144
959,65536
960,256
962,65792
963,0
964,256
965,0
966,65536
967,256
968,0
969,0
970,327680
971,256
972,65536
973,256
974,0
975,256
976,65536
977,256
978,327680
979,256
980,65536
981,256
982,65536
983,256
984,65536
985,256
986,0
987,256
988,65536
989,256
990,65536
991,256
992,327680
993,256
994,0
995,0
996,65536
997,256
998,1074069504
999,256
1000,0
1001,256
1002,1114112
1003,256
1004,65536
1005,256
1006,65536
1007,256
1008,65536
1009,0
1010,65536
1011,256
1012,262400
1013,262400
1014,65536
1015,256
1017,256
1018,0
1019,0
1020,327680
1021,256
1022,327680
1023,256
1024,262144
1025,256
1026,65536
1027,256
1028,262144
1029,256
1030,262144
1031,256
1032,151322624
1033,262400
1034,329728
1035,262400
1036,327680
1037,256
1038,327680
1039,256
1042,65536
1043,256
1044,327680
1045,256
1048,262144
1049,256
1050,0
1051,262144
1052,327680
1053,256
1054,256
1055,262400
1056,65536
1057,262144
1058,65536
1059,256
1062,1073840128
1063,256
1064,65536
1065,262400
1066,327696
1069,65536
1070,256
1073,65536
1074,262144
1075,65536
1076,256
1079,262160
1082,262160
1084,0
1085,0
1086,65536
1087,256
1088,65536
1089,256
1090,1074855936
1091,256
1092,0
1093,262144
1094,65536
1095,256
1096,0
1097,0
1098,1073807360
1099,262144
1101,256
1105,256
1106,65536
1107,256
1108,65536
1109,256
1110,0
1111,262144
1112,0
1113,262144
1114,262352
1115,0
1116,262144
1117,256
1120,65537
1121,0
1122,98304
1123,262144
1124,0
1125,0
1126,65536
1127,402653440
1129,402653440
1130,67174400
1131,402653440
1132,80
1133,402653440
1134,327696
1135,402653440
1136,0
1137,402653440
1138,0
1139,0
1140,262400
1141,262400
1142,262400
1146,262400
1147,262400
1148,262400
1149,262400
1150,256
1151,262400
1152,327680
1153,256
1159,16
1160,327696
1161,327696
1163,262400
1164,262400
1165,262400
1166,262400
1167,262400
1168,262400
1169,262400
1171,262400
1172,262400
1173,262400
1174,262400
1175,262400
1176,262400
1177,536871296
1178,80
1179,65536
1180,192
1181,208
1182,208
1183,208
1184,0
1185,262400
1186,262400
1187,262400
1188,262400
1189,262400
1190,262400
1191,262400
1192,262400
1193,262400
1194,262400
1195,262400
1196,262400
1197,262400
1198,262400
1199,262400
1200,262400
1201,262400
1202,262400
1203,262400
1205,262144
1206,262400
1208,262400
1209,262400
1210,262400
1211,262400
1212,262400
1213,262400
1214,262400
1217,262400
1218,262400
1219,262400
1220,262400
1221,262400
1223,262400
1224,262400
1225,262400
1226,262400
1227,262400
1228,262400
1229,262400
1231,262400
1233,262400
1234,262400
1236,262400
1237,262400
1241,262400
1242,262400
1243,65536
1244,65536
1245,65536
1246,262400
1247,262400
1248,262400
1249,262400
1250,262400
1251,262400
1252,262400
1253,262400
1254,262400
1255,262400
1256,262400
1257,262400
1258,262400
1259,262400
1260,262400
1261,262400
1262,262400
1263,262400
1264,262400
1265,262400
1266,262400
1267,262400
1268,262400
1269,262400
1271,262400
1272,262400
1275,262400
1276,262400
1277,262400
1278,262400
1279,262400
1280,262400
1281,262400
1282,262400
1283,262400
1284,262400
1285,262400
1286,262400
1287,262400
1288,262400
1290,262400
1291,262400
1292,262400
1293,262400
1295,262400
1296,262400
1297,262400
1298,262400
1299,262400
1300,262400
1301,262400
1302,0
1303,262400
1304,262400
1305,262400
1306,262400
1307,262400
1308,262400
1309,262400
1310,262400
1311,262400
1312,262400
1313,262400
1314,262400
1315,262400
1316,262400
1318,262400
1319,262400
1320,262400
1321,262400
1322,262400
1323,262400
1324,262400
1325,262400
1326,262400
1327,262400
1328,262400
1329,262400
1330,262400
1331,262400
1332,262400
1333,262400
1336,262400
1337,262400
1338,262400
1339,262400
1340,262400
1341,262400
1342,262400
1343,262400
1344,262400
1345,262400
1348,262400
1349,262400
1350,262400
1351,262400
1352,262400
1353,262400
1354,262400
1355,262400
1356,262400
1357,262400
1358,262400
1359,262400
1360,262400
1361,262400
1362,262400
1363,262400
1364,262400
1365,262400
1366,256
1367,262400
1368,262400
1369,262400
1370,262400
1371,262400
1372,262400
1373,262400
1374,262400
1375,262400
1376,262400
1377,262400
1378,262400
1379,262400
1380,262400
1381,262400
1382,262400
1383,262400
1384,262400
1385,262400
1386,2281701632
1387,262400
1388,262400
1389,262400
1390,262400
1391,262400
1393,262400
1394,262400
1395,262400
1396,262400
1397,262400
1398,262400
1399,262400
1401,262400
1402,262400
1403,262400
1404,262400
1406,262400
1407,262400
1408,262400
1409,262400
1410,262400
1411,262400
1412,262400
1413,262400
1414,262400
1415,262400
1416,262400
1417,262400
1418,262400
1419,262400
1420,262400
1421,262400
1422,262400
1423,262400
1424,262400
1425,262400
1426,262400
1427,262400
1428,262400
1429,262400
1430,65536
1431,262400
1432,262400
1433,262400
1434,262400
1435,262400
1436,262400
1437,262400
1439,262400
1441,262400
1444,262400
1445,262400
1446,262400
1448,262400
1449,65536
1450,0
1451,0
1452,0
1453,0
1454,65536
1455,65536
1456,65536
1457,65536
1459,65536
1460,65536
1461,65536
1462,65536
1463,65536
1464,327696
1465,0
1466,0
1467,262400
1468,262400
1469,262400
1470,262400
1471,262400
1472,262400
1473,262400
1474,262400
1475,262400
1476,262400
1477,262400
1478,262400
1479,262400
1481,262400
1482,262400
1483,262400
1484,262400
1485,4259858
1490,65536
1491,327696
1492,327696
1494,151257104
1495,327680
1499,268500992
1504,18
1505,18
1506,18
1507,18
1508,18
1509,0
1510,65538
1513,1073807360
1515,65536
1516,4259858
1522,0
1523,0
1524,0
1525,0
1526,0
1527,0
1528,65552
1535,65536
1536,18
1538,65536
1539,268435456
1540,18
1542,262160
1543,65536
1544,262400
1545,262400
1547,262400
1549,262400
1552,262400
1557,0
1558,262400
1559,262400
1560,262400
1561,262400
1563,262400
1564,262400
1567,262400
1568,262400
1571,262400
1572,262400
1573,0
1574,0
1575,262400
1579,262400
1580,262400
1581,262400
1582,262400
1583,262400
1584,262400
1588,262400
1589,262400
1590,262400
1591,262400
1592,262400
1593,262400
1598,262400
1599,262400
1602,262400
1603,262400
1604,16
1605,262400
1606,262400
1607,262400
1608,327700
1609,1044
1610,262400
1611,262400
1612,262400
1628,263188
1629,263184
1630,262400
1631,262400
1632,262400
1633,262400
1634,262400
1635,263188
1640,262400
1645,263184
1646,262400
1647,262400
1648,263184
1650,262400
1663,263184
1664,263184
1665,263184
1666,262400
1667,262400
1668,262400
1669,262400
1670,262400
1671,327696
1672,327696
1675,262400
1676,262400
1677,262400
1680,327696
1685,262400
1698,262160
1702,262400
1706,65536
1707,65536
1708,263184
1709,263184
1710,262400
1711,262400
1712,262400
1713,262400
1714,65536
1715,327696
1716,262400
1719,327696
1722,262400
1725,1074003984
1728,262400
1731,263184
1732,263184
1733,262400
1734,262400
1735,262160
1736,262400
1737,262400
1738,262400
1739,16
1740,262400
1741,262400
1742,65536
1747,262400
1748,262400
1749,262400
1750,262400
1751,262400
1752,327696
1753,65536
1754,65536
1755,65536
1756,65536
1757,327696
1758,327696
1759,327696
1760,327696
1761,262400
1762,262400
1763,262400
1764,262400
1765,262400
1766,327696
1767,327696
1768,327696
1769,327696
1770,262164
1771,262400
1772,262400
1773,262400
1774,262400
1775,262400
1776,1376272
1777,1376272
1780,262400
1781,262400
1784,437583888
1785,437583888
1786,437583888
1787,437583888
1789,262400
1790,262400
1791,262400
1792,262400
1794,262164
1795,262164
1796,262164
1797,262164
1798,262164
1799,262400
1800,262400
1801,262400
1802,262400
1803,262400
1804,65552
1805,16
1806,16
1809,262400
1810,262400
1811,262400
1812,263184
1813,263184
1814,263184
1815,263184
1817,262400
1818,262400
1819,262400
1820,262400
1821,262400
1822,262160
1823,262160
1824,262160
1825,327696
1826,384
1827,262400
1828,262400
1829,262400
1830,262400
1831,262400
1833,2555920
1834,327952
1837,262400
1838,262400
1839,262400
1842,65552
1843,16
1844,16
1845,262400
1846,262400
1847,262400
1848,256
1849,65536
1850,262160
1851,262400
1852,67108864
1853,262400
1856,135594000
1857,135594000
1858,262400
1859,262400
1860,262224
1862,262400
1864,34865168
1865,262400
1866,328708
1868,262160
1869,262160
1870,262160
1872,262400
1873,262400
1874,262400
1875,262400
1876,262400
1877,262400
1878,262400
1879,262400
1880,262400
1881,0
1882,262400
1883,262400
1884,262400
1885,262400
1886,262400
1887,262400
1888,262400
1889,262400
1890,262400
1891,262400
1893,262400
1894,262400
1895,262400
1896,262400
1897,262400
1898,262400
1900,262400
1901,262400
1902,262400
1904,262400
1905,8388864
1906,0
1907,262400
1908,0
1909,262400
1911,262400
1912,262400
1913,262400
1914,262400
1915,262400
1916,262400
1918,263184
1919,262352
1920,263184
1921,263184
1922,263184
1923,262400
1924,262400
1925,262400
1926,262400
1927,262400
1928,262400
1929,262400
1930,262400
1931,262400
1932,262400
1933,262160
1934,262424
1935,262424
1936,0
1937,262400
1938,262400
1940,0
1941,65536
1942,262400
1943,327696
1944,262400
1945,65536
1946,262400
1947,0
1948,262400
1949,65536
1950,262400
1952,262400
1953,65536
1954,262400
1955,4194322
1956,4194322
1957,4194322
1958,4194322
1959,4194322
1960,4456466
1963,18
1964,18
1965,18
1966,327696
1967,18
1968,18
1969,18
1970,18
1971,18
1972,18
1973,18
1975,18
1976,18
1977,18
1978,65538
1979,4456466
1980,18
1981,262400
1982,262400
1983,262400
1984,262400
1985,262400
1988,262400
1989,262400
1990,262400
1991,262400
1992,262400
1993,262400
1994,262400
1995,262400
1996,262400
1997,262400
1998,262400
2000,262400
2001,262400
2002,262400
2003,262400
2004,262400
2005,262400
2006,268500992
2008,268500992
2010,268500992
2011,65536
2013,262400
2014,262400
2016,262400
2017,262400
2018,65552
2020,262400
2021,256
2022,134545728
2023,671088640
2024,671088640
2048,0
2049,262400
2050,65536
2051,262400
2052,65536
2053,65536
2054,65536
2055,65536
2056,262400
2057,262400
2058,262400
2059,262400
2060,65536
2061,65536
2062,0
2063,0
2064,0
2065,262400
2066,262400
2067,262400
2068,262400
2069,262400
2070,1077346320
2075,262400
2076,262400
2090,65536
2091,65536
2092,262400
2093,262400
2094,1074855952
2095,208
2096,67174400
2097,262400
2098,327696
2108,65552
2110,262340
2111,0
2112,0
2113,0
2115,262400
2116,262400
2117,262400
2118,262400
2119,262400
2120,65536
2121,65536
2123,262352
2124,262400
2125,262400
2128,0
2129,0
2130,0
2131,0
2132,262400
2133,262400
2134,262400
2135,262400
2136,65536
2137,65536
2138,65536
2139,0
2140,0
2141,262400
2142,262400
2143,262400
2146,738197760
2147,8388864
2148,8390912
2149,65568
2152,65568
2153,65568
2154,256
2155,262400
2156,65568
2157,65568
2158,65568
2159,65568
2160,65568
2161,65568
2162,65568
2163,65568
2164,65568
2165,65568
2166,65568
2167,65568
2168,65568
2169,65568
2171,262400
2172,262400
2173,262400
2174,262400
2175,262400
2176,262400
2177,262400
2178,262400
2179,262400
2180,262400
2181,262400
2186,64
2187,64
2188,64
2189,64
2190,64
2191,64
2192,64
2193,64
2194,64
2195,64
2196,64
2197,64
2198,64
2199,64
2200,64
2201,64
2202,64
2203,64
2204,64
2205,64
2206,64
2207,64
2208,64
2209,64
2210,64
2211,64
2212,64
2213,64
2214,64
2215,64
2216,64
2217,64
2218,64
2219,64
2220,64
2221,64
2222,64
2223,64
2224,64
2225,64
2226,64
2227,64
2228,64
2229,64
2230,64
2231,64
2232,64
2233,64
2234,64
2235,64
2236,64
2237,64
2238,64
2239,64
2240,64
2241,64
2242,64
2243,64
2244,64
2245,64
2246,64
2247,64
2248,64
2249,64
2250,64
2251,64
2252,64
2253,64
2254,64
2255,64
2256,64
2257,64
2258,64
2259,65552
2260,64
2261,64
2262,64
2263,64
2264,64
2265,64
2266,64
2267,64
2268,64
2269,64
2270,64
2271,64
2272,64
2273,64
2274,64
2275,262400
2276,64
2277,64
2278,64
2279,64
2280,256
2281,64
2282,64
2283,64
2284,64
2285,64
2286,64
2287,64
2288,64
2289,64
2290,64
2291,64
2292,64
2293,64
2294,64
2295,64
2296,64
2297,64
2298,64
2299,64
2300,64
2301,64
2302,64
2303,64
2304,64
2305,64
2306,64
2307,64
2308,64
2309,64
2310,64
2311,64
2312,64
2313,536871296
2314,64
2315,64
2316,64
2317,64
2318,64
2319,64
2320,64
2321,64
2322,64
2323,64
2324,64
2325,64
2326,64
2327,64
2328,64
2329,65568
2330,65568
2331,65568
2332,65568
2333,65568
2334,65568
2335,65568
2336,65568
2337,65568
2338,262400
2339,262400
2340,262400
2341,262400
2342,262400
2343,16
2344,16
2345,16
2346,16
2351,262144
2352,0
2353,262144
2354,262144
2355,262400
2356,262400
2357,262400
2358,262400
2359,262400
2360,262400
2361,16
2362,65536
2363,262400
2364,262400
2365,262400
2366,128
2367,671088640
2368,128
2369,128
2370,671088640
2371,128
2372,262400
2373,256
2374,671088640
2375,0
2376,671088640
2377,0
2378,671088640
2379,671088640
2380,671088640
2381,134217728
2382,192
2383,150995216
2385,65568
2386,65568
2387,65568
2389,65568
2392,65568
2393,65568
2394,65568
2395,65568
2396,65568
2397,65568
2399,65568
2400,8388608
2401,65568
2402,65568
2403,65568
2406,65568
2408,262400
2411,262400
2414,262400
2415,262400
2416,262400
2417,262400
2418,262400
2419,262400
2421,262400
2422,262400
2423,262400
2424,262400
2425,0
2426,1048656
2427,263184
2428,263184
2429,263184
2430,263184
2431,263184
2432,262400
2433,262400
2434,262400
2435,262400
2436,262400
2442,262400
2443,262400
2444,262400
2445,262400
2446,262400
2452,262400
2453,262400
2454,262400
2455,262400
2456,262400
2457,151322640
2458,151322640
2459,33816592
2460,33816592
2463,262160
2467,262400
2468,262400
2469,262400
2470,262400
2473,262400
2479,150995232
2480,4194322
2481,151257360
2484,65536
2495,328708
2496,262400
2497,263184
2498,263184
2499,263184
2500,263184
2501,263184
2502,263184
2503,263184
2504,263184
2505,263184
2506,263184
2507,262400
2508,262400
2509,262400
2510,262400
2511,262400
2512,262400
2513,262400
2514,262400
2515,262400
2516,262400
2537,327680
2538,65568
2539,65568
2540,65568
2541,65568
2542,65568
2543,65568
2544,65568
2545,65568
2546,65568
2547,65568
2548,65568
2549,65568
2550,65552
2551,262400
2552,256
2553,262400
2554,262400
2555,262400
2556,262400
2557,262400
2558,262400
2559,262400
2561,262400
2562,262400
2563,262400
2564,262160
2565,327696
2566,262160
2567,192
2568,262416
2569,262416
2570,262400
2575,65680
2576,65680
2577,128
2578,128
2579,128
2580,150995216
2581,262400
2582,256
2583,65536
2584,8388864
2585,464
2587,262400
2589,327696
2590,327696
2591,327696
2592,256
2593,256
2594,256
2595,256
2596,256
2597,671088640
2598,134217728
2599,671088640
2600,134217728
2601,0
2602,0
2603,262400
2604,262400
2605,0
2606,327680
2607,327680
2608,327680
2609,327680
2610,327680
2611,262400
2612,262400
2613,262400
2614,262400
2615,262400
2616,65536
2617,65536
2620,262400
2621,262400
2626,32768
2627,263184
2628,263184
2629,263184
2630,263184
2631,262400
2632,262400
2633,262400
2634,262400
2635,262352
2636,262400
2637,1074855936
2638,134217728
2639,402653440
2640,134217728
2641,65552
2642,134217728
2643,65538
2644,134217728
2645,98304
2646,134217728
2647,0
2649,65536
2650,0
2651,65536
2652,65536
2653,0
2654,0
2656,65552
2657,65584
2658,65584
2659,65584
2660,65584
2661,65584
2662,65584
2663,65584
2664,65584
2665,65584
2666,65584
2667,65584
2668,65584
2670,65584
2671,65584
2672,65584
2673,65584
2674,65584
2675,65584
2676,589840
2677,263188
2678,262400
2679,263188
2680,263188
2681,263188
2682,263188
2683,262400
2684,262400
2685,262400
2686,262400
2687,327696
2688,262400
2689,80
2690,262160
2691,0
2692,208
2693,262400
2694,262400
2695,262400
2696,262400
2697,263188
2698,262400
2699,263188
2700,263188
2701,263188
2702,263188
2703,262400
2704,262400
2705,262400
2706,262400
2707,263188
2708,262400
2709,263188
2710,263188
2711,263188
2712,263184
2713,262400
2714,262400
2715,262400
2716,262400
2717,263188
2718,262400
2719,263188
2720,263188
2721,263188
2722,263184
2723,262400
2724,262400
2725,262400
2726,262400
2727,263188
2728,263188
2729,263188
2730,263188
2731,263184
2732,262400
2733,262400
2734,262400
2735,262400
2736,262400
2737,65584
2738,65584
2739,65584
2740,65584
2741,65584
2742,65584
2743,262400
2744,262400
2745,262400
2746,262400
2747,262400
2749,262400
2750,262400
2751,262400
2752,262400
2753,262400
2754,262400
2755,262400
2756,262400
2757,262400
2758,262400
2759,262400
2760,262400
2761,262400
2762,262400
2763,0
2764,4259858
2765,0
2766,0
2767,327680
2768,0
2769,262400
2770,0
2771,0
2772,262400
2773,262400
2780,64
2781,262400
2782,65536
2783,327680
2786,262400
2788,262400
2791,65536
2793,262400
2795,65568
2796,262400
2797,0
2798,262400
2799,262400
2800,327680
2804,262400
2808,262144
2809,262144
2810,262400
2811,262400
2812,65536
2816,0
2817,256
2818,0
2819,0
2823,65552
2824,65552
2825,65552
2826,65552
2827,65552
2828,262144
2829,262144
2830,262144
2831,0
2832,0
2833,0
2834,8390912
2835,65568
2836,151322688
2837,65568
2838,32
2840,32
2841,32
2842,65552
2843,262400
2844,262400
2845,262400
2846,262400
2847,262400
2848,262416
2849,262160
2850,262416
2851,262400
2852,262144
2853,262400
2854,1073807360
2855,65536
2856,1073741840
2857,262400
2858,262400
2859,262400
2860,65536
2861,0
2862,262400
2863,262400
2864,0
2865,262400
2866,65536
2867,262144
2868,262400
2869,262400
2870,327680
2871,327680
2874,262400
2875,262400
2878,1073807360
2879,262400
2880,0
2881,65568
2882,262160
2883,262400
2884,262400
2886,262400
2887,65536
2888,65536
2889,262400
2890,262400
2893,67584
2894,65536
2895,65536
2897,262400
2898,262400
2899,262400
2908,65536
2910,262400
2912,65536
2914,262400
2916,262352
2917,262352
2919,262400
2920,262400
2922,1040
2923,262400
2924,1040
2925,1040
2927,262400
2928,262400
2929,262400
2937,1074855936
2939,262400
2941,65536
2942,262400
2943,262144
2944,65536
2945,262400
2946,262400
2947,65536
2948,65536
2949,262400
2950,262400
2951,0
2952,262400
2963,65568
2964,65568
2965,262400
2966,262400
2967,262400
2969,0
2970,65536
2971,256
2972,256
2973,328708
2974,327680
2975,262400
2976,262400
2977,262400
2978,262400
2979,262400
2980,262400
2981,262400
2982,262400
2983,65552
2984,262416
2995,256
2996,262400
3005,18
3006,262400
3007,18
3009,327696
3010,327696
3011,4259858
3013,18
3014,262400
3015,18
3016,262400
3017,0
3018,18
3019,262144
3023,0
3025,208
3026,8388608
3029,262160
3030,262400
3031,256
3032,34930704
3033,262400
3034,65538
3035,4259858
3036,4259858
3037,4259858
3038,4259858
3039,256
3040,256
3041,256
3042,256
3043,65538
3044,65538
3045,65536
3046,262400
3047,262400
3048,262400
3049,262400
3050,192
3052,262144
3053,262144
3054,262144
3055,262144
3061,262400
3062,256
3063,256
3064,256
3065,256
3066,256
3067,256
3068,256
3069,256
3070,256
3071,256
3072,256
3073,256
3074,256
3075,256
3077,256
3078,256
3079,256
3080,256
3081,256
3082,256
3083,256
3084,256
3085,256
3086,256
3087,256
3088,256
3089,256
3090,256
3091,256
3092,256
3093,256
3094,256
3095,256
3096,256
3097,256
3098,0
3099,256
3100,65552
3101,65552
3102,65552
3104,65552
3105,0
3106,262160
3107,0
3108,0
3109,0
3110,65536
3111,65536
3112,262144
3113,262144
3114,262144
3115,65584
3116,65584
3117,65584
3118,262400
3119,262400
3120,0
3121,0
3122,80
3124,80
3126,262400
3127,80
3128,262400
3129,262160
3130,263184
3131,262160
3132,262160
3133,65536
3134,256
3135,256
3136,262160
3137,384
3138,262400
3139,262400
3140,65536
3141,256
3142,262400
3143,262160
3145,263184
3146,262144
3147,263184
3148,263184
3149,262160
3150,1024
3151,263184
3157,671088640
3158,671088640
3159,671088640
3160,671088640
3161,671088640
3162,671088640
3163,671088640
3164,671088640
3165,671088640
3166,671088640
3167,671088640
3168,671088640
3169,671088640
3170,65568
3171,65568
3172,65568
3173,65568
3174,65568
3175,65568
3176,65568
3177,65568
3178,262400
3179,262400
3180,262400
3181,262400
3182,262400
3183,262400
3184,262400
3185,262400
3186,262400
3187,262400
3188,65568
3189,262400
3196,262400
3204,262160
3205,0
3206,0
3207,0
3210,256
3211,256
3212,256
3213,256
3214,256
3215,256
3216,256
3217,256
3218,256
3219,671088640
3220,671088640
3221,671088640
3222,671088640
3223,671088640
3229,0
3230,65568
3231,0
3232,262161
3233,0
3234,262160
3235,264256
3237,1024
3238,0
3240,134217984
3242,20
3243,0
3245,0
3246,0
3247,1040
3248,0
3252,1024
3256,0
3258,0
3260,0
3261,263168
3263,0
3264,0
3267,16
3268,16
3269,0
3271,67108864
3273,16
3274,16
3275,32
3276,32
3277,32
3278,32
3279,262400
3280,262400
3281,262400
3282,262400
3283,262400
3284,64
3286,256
3287,256
3288,262144
3292,65584
3293,65584
3294,65584
3295,65584
3296,65584
3297,65584
3298,262400
3299,262400
3300,262400
3301,262400
3302,262400
3303,262400
3304,65584
3307,65584
3308,65584
3313,262400
3314,262400
3315,262400
3316,262400
3317,262400
3319,65584
3320,65584
3321,65584
3322,262144
3323,65584
3324,65584
3325,65584
3326,65584
3328,65584
3329,256
3330,65584
3331,65584
3332,65536
3333,65584
3334,65584
3335,0
3336,65584
3337,65584
3338,64
3339,262144
3340,262400
3341,262400
3342,262400
3343,262400
3344,262400
3345,262400
3346,262400
3347,262400
3348,262400
3349,262400
3350,262400
3351,262400
3352,262400
3353,262400
3354,256
3355,1073741824
3356,0
3358,0
3359,262160
3360,0
3361,0
3362,33554432
3363,286359568
3364,256
3365,65936
3366,65792
3368,0
3369,0
3370,65568
3371,65568
3372,65568
3373,65568
3376,65568
3377,65568
3378,262400
3379,262400
3380,262400
3381,262400
3382,262400
3383,262400
3385,262160
3386,192
3387,0
3388,0
3389,262160
3390,256
3391,262160
3393,262160
3394,64
3396,0
3397,65568
3398,65568
3399,65568
3400,65568
3401,262400
3402,262400
3403,262400
3404,262400
3405,0
3407,65792
3408,65552
3409,0
3410,1073741824
3411,65552
3412,256
3413,65552
3416,262160
3417,262224
3418,64
3419,0
3420,65568
3421,65568
3422,262400
3423,262400
3424,262160
3427,263184
3428,8388864
3429,0
3433,262400
3434,262400
3435,262400
3436,264208
3439,67373072
3440,80
3442,1310720
3443,0
3446,20
3447,65568
3448,65568
3449,65568
3450,65568
3451,65568
3452,65568
3453,65568
3454,65568
3455,262400
3456,262400
3457,262400
3458,262400
3459,262400
3460,262400
3461,262400
3463,262400
3464,65552
3465,256
3466,262164
3467,262400
3472,65536
3473,262400
3474,256
3477,262160
3479,262144
3481,262144
3485,0
3486,262144
3487,151322624
3488,262160
3490,262160
3491,65584
3492,65584
3493,65584
3494,65584
3495,65584
3496,65584
3497,65584
3498,65584
3499,262160
3500,65584
3501,65584
3502,65584
3503,65584
3504,65584
3505,65584
3506,65584
3507,65584
3508,65584
3509,67371088
3510,262160
3511,65584
3512,67371088
3513,65584
3514,262160
3515,65584
3516,262400
3517,262400
3518,262400
3519,262400
3520,262400
3521,262400
3522,262400
3524,262400
3525,262400
3526,262400
3527,262160
3528,262400
3529,262400
3530,262400
3531,262400
3532,262400
3533,262400
3534,262400
3535,262400
3536,262400
3537,262160
3538,65552
3539,256
3542,1024
3547,0
3549,256
3551,262164
3552,65536
3553,262400
3558,262144
3559,256
3560,262400
3561,268500992
3562,268500992
3563,268500992
3564,65680
3565,268500992
3566,268500992
3567,268500992
3568,256
3569,65584
3570,128
3571,256
3574,67371024
3576,256
3577,262400
3578,262400
3579,262400
3580,262400
3581,262400
3582,80
3583,262160
3584,2048
3585,0
3586,2048
3587,0
3589,0
3591,0
3592,0
3593,671088640
3594,262144
3595,262144
3596,262400
3597,263188
3598,262400
3599,65536
3600,0
3602,0
3603,1040
3604,263184
3605,0
3606,0
3607,0
3609,263184
3611,262160
3612,268435456
3615,0
3616,80
3617,256
3618,128
3621,0
3627,65536
3628,262400
3629,16
3630,262400
3631,262144
3635,0
3636,0
3637,262208
3639,0
3644,0
3648,33554432
3650,262160
3651,16
3652,0
3653,67108928
3655,0
3657,0
3658,0
3659,0
3660,0
3661,65536
3662,65536
3663,256
3664,256
3666,262400
3667,262400
3668,4259858
3669,256
3670,65792
3671,67108864
3672,67108864
3673,75497472
3674,65538
3675,256
3678,65536
3680,269484032
3682,256
3684,256
3686,256
3688,256
3690,256
3691,256
3692,256
3693,256
3694,256
3695,256
3696,256
3697,256
3698,65536
3699,65536
3700,65536
3701,256
3702,256
3703,256
3704,262400
3705,262400
3706,262400
3707,262400
3710,262400
3712,0
3713,256
3714,262400
3715,262400
3716,0
3717,67108944
3718,0
3719,67108864
3720,262160
3721,0
3722,0
3723,256
3724,256
3725,256
3726,256
3727,256
3728,256
3729,256
3730,0
3731,256
3732,256
3733,256
3734,256
3735,256
3737,256
3738,256
3739,262400
3740,0
3741,262352
3742,262144
3743,263188
3744,262400
3745,256
3746,256
3747,327680
3748,256
3750,256
3751,256
3752,256
3753,65568
3755,65568
3756,65568
3757,65568
3758,65568
3759,65568
3760,65568
3761,65568
3762,65568
3763,65568
3764,65568
3765,65568
3766,65568
3767,65568
3768,65568
3769,65568
3770,65568
3771,65568
3772,65568
3773,65568
3774,65568
3775,65568
3776,65568
3777,65568
3778,65568
3779,65568
3780,65568
3781,262400
3782,262400
3783,262400
3784,262400
3785,262400
3786,262400
3787,262400
3788,262400
3789,262400
3790,262400
3792,262400
3793,262400
3794,262400
3795,262400
3796,262400
3797,262400
3798,262400
3799,262400
3800,262400
3801,262400
3802,262400
3803,262400
3804,262400
3805,262400
3806,262400
3807,262400
3808,262400
3810,256
3811,65552
3812,256
3813,65568
3814,262400
3815,0
3816,65568
3817,65568
3818,65568
3819,262400
3820,262400
3821,262400
3822,0
3823,262160
3825,64
3826,0
3827,262160
3837,262400
3839,65568
3840,65568
3841,65568
3842,65568
3843,65568
3844,65568
3845,65568
3847,65568
3848,65568
3849,65568
3850,65568
3851,65568
3852,65568
3854,65568
3855,65568
3856,65568
3857,65568
3858,65568
3859,65568
3860,65568
3861,65568
3862,65568
3863,65568
3864,65568
3865,65568
3866,65568
3868,65568
3869,65568
3870,65568
3871,65568
3872,65568
3873,65568
3874,262400
3875,262400
3876,262400
3877,262400
3878,262400
3879,262400
3880,262400
3881,262400
3882,262400
3884,262400
3885,262400
3886,262400
3887,262400
3888,262400
3889,262400
3890,262400
3891,262400
3892,262400
3893,262400
3894,262400
3895,262400
3896,262400
3897,262400
3898,262400
3899,262400
3900,262400
3901,262400
3902,262400
3903,262400
3904,262400
3905,262400
3906,262400
3908,65552
3909,65552
3910,65552
3911,262400
3912,256
3913,256
3914,65568
3915,65568
3916,262400
3917,262400
3918,65568
3919,65568
3920,65568
3921,32
3922,65568
3923,65568
3924,65568
3925,65568
3926,65568
3928,65568
3929,65568
3930,65568
3931,65568
3932,65568
3933,65568
3934,65568
3936,65568
3937,65568
3938,65568
3939,65568
3940,65568
3941,65568
3942,65568
3944,65568
3945,65568
3946,65568
3947,65568
3949,65568
3950,65568
3952,65568
3953,65568
3954,65568
3955,65568
3956,65568
3957,65568
3958,65568
3959,65568
3960,65568
3961,65568
3962,65568
3963,65568
3964,32
3965,65568
3966,65568
3967,65568
3968,65568
3969,65568
3971,65568
3972,65568
3973,65568
3974,0
3975,0
3976,0
3977,65568
3978,65568
3979,65568
3980,262400
3981,262400
3982,262400
3983,262144
3984,262400
3985,262400
3986,262400
3987,262400
3988,262400
3990,262400
3991,262400
3992,262400
3993,262400
3994,262400
3995,262400
3997,262400
3998,262400
3999,262400
4000,262400
4001,262400
4002,262400
4003,262400
4005,262400
4006,262400
4007,262400
4008,262400
4009,262400
4010,262400
4011,262400
4012,262400
4013,262400
4014,262400
4015,262400
4016,262400
4017,262400
4018,262400
4019,262400
4020,262144
4021,262400
4022,262400
4023,262400
4024,262400
4025,262400
4026,262400
4027,262400
4028,262400
4029,262400
4030,262400
4031,262400
4032,262400
4033,262400
4034,262400
4035,262400
4036,65552
4037,65552
4038,65552
4039,262400
4040,256
4041,256
4042,671088640
4043,262160
4044,262224
4045,262544
4048,64
4049,262160
4050,0
4051,262608
4052,262160
4054,65536
4055,0
4056,2064
4057,537133056
4058,0
4060,0
4061,65536
4062,65536
4063,128
4064,65536
4065,65536
4066,65536
4067,65536
4068,65536
4069,65536
4070,448
4071,0
4072,0
4073,33554560
4074,33554432
4075,2064
4077,262144
4078,0
4079,0
4080,262224
4081,262224
4083,262160
4084,262224
4085,262400
4086,80
4089,262400
4090,262400
4091,262400
4092,131088
4093,0
4094,65568
4095,262400
4096,65568
4097,65568
4098,262400
4099,262400
4100,0
4101,263184
4102,263184
4104,262160
4105,262160
4107,262160
4108,262160
4109,262160
4111,262160
4112,64
4113,64
4114,64
4115,64
4116,208
4117,208
4118,208
4119,208
4120,208
4121,208
4122,208
4123,262400
4124,262400
4125,262400
4126,262400
4127,262400
4128,262400
4129,262400
4130,0
4131,0
4132,0
4133,64
4134,262160
4135,262160
4136,64
4137,262160
4138,64
4139,262160
4140,64
4141,0
4142,64
4143,0
4144,64
4146,262160
4147,262160
4148,0
4149,0
4150,263184
4152,262208
4153,0
4154,67108880
4159,1044
4160,0
4161,448
4164,16
4165,16
4166,4
4167,0
4168,0
4169,0
4170,0
4171,208
4172,208
4173,208
4174,208
4175,208
4176,208
4177,208
4178,208
4179,262400
4180,262400
4181,262400
4182,262400
4183,262400
4184,262400
4185,262400
4186,262400
4187,64
4188,64
4189,64
4190,64
4191,64
4192,64
4193,64
4194,64
4195,262400
4196,262400
4197,262400
4198,262400
4199,262400
4200,262400
4201,262400
4202,262400
4204,208
4205,208
4206,208
4207,208
4208,208
4209,0
4210,208
4211,208
4212,208
4213,262400
4214,262400
4215,262400
4216,262400
4217,262400
4218,262400
4219,262400
4220,262400
4221,0
4222,208
4223,208
4224,208
4225,208
4226,208
4227,208
4228,208
4229,208
4230,262400
4231,262400
4232,262400
4233,262400
4234,262400
4235,262400
4236,262400
4237,262400
4238,0
4239,65792
4240,262164
4241,64
4242,0
4243,0
4244,262160
4245,262224
4246,16
4247,208
4248,208
4249,208
4250,208
4251,208
4252,208
4253,208
4254,208
4255,262400
4256,262400
4257,262400
4258,262400
4259,262400
4260,262400
4261,262400
4262,262400
4263,208
4264,208
4265,208
4266,208
4267,208
4268,208
4269,208
4270,208
4271,262400
4272,262400
4273,262400
4274,262400
4275,262400
4276,262400
4277,262400
4278,262400
4279,80
4280,262160
4281,262164
4282,4
4283,262224
4284,262224
4285,0
4286,0
4287,262352
4288,262400
4289,262352
4290,262352
4291,262400
4292,262400
4293,262352
4294,262352
4295,262400
4296,262400
4297,262352
4298,262352
4299,262400
4300,262400
4301,262352
4302,262352
4303,262352
4304,262400
4305,262400
4306,262400
4307,262352
4308,262352
4309,262352
4310,262400
4311,262400
4312,80
4313,262400
4314,0
4315,64
4316,262160
4317,64
4318,0
4319,0
4320,0
4321,0
4328,262352
4329,262352
4330,262352
4331,262400
4332,262400
4333,262400
4334,262352
4335,262352
4336,262352
4337,262400
4338,262352
4339,262352
4340,262352
4341,262352
4342,262352
4343,262400
4344,262400
4345,262400
4346,262400
4347,262400
4348,262400
4349,262400
4350,262352
4351,262352
4352,262352
4353,262352
4354,262352
4355,262352
4356,262352
4357,262352
4358,262400
4359,262400
4360,262400
4361,262400
4362,262400
4363,262400
4364,262400
4365,262400
4366,262352
4367,262400
4368,262352
4369,262352
4370,262352
4371,262352
4372,262352
4373,262352
4374,262352
4375,262400
4376,262400
4377,262400
4378,262400
4379,262400
4380,262400
4381,262400
4382,262352
4383,262400
4384,262352
4385,262352
4386,262352
4387,262352
4388,262352
4389,262352
4390,262352
4391,262400
4392,262400
4393,262400
4394,262400
4395,262400
4396,262400
4397,262400
4398,262352
4399,262400
4400,262352
4401,262400
4402,262352
4403,262400
4404,262400
4405,262352
4406,262352
4407,262400
4408,262352
4409,262400
4410,262352
4411,262400
4412,262352
4413,262400
4414,262352
4415,262400
4416,262352
4417,262352
4418,262352
4419,262400
4420,262352
4421,262352
4422,262400
4423,262400
4424,262400
4425,262400
4426,262352
4427,262400
4428,262352
4429,262352
4430,262400
4431,262400
4433,262352
4434,262400
4435,262352
4436,64
4437,262352
4438,262400
4439,262400
4440,262352
4441,262400
4442,262352
4443,262352
4444,262352
4445,262352
4446,262352
4447,262352
4448,262352
4449,262400
4450,262400
4451,262400
4452,262400
4453,262400
4454,262400
4455,262400
4456,262352
4457,262400
4458,262352
4459,262352
4460,262352
4461,262352
4462,262352
4463,262352
4464,262352
4465,262400
4466,262400
4467,262400
4468,262400
4469,262400
4470,262400
4471,262400
4472,262352
4473,262400
4474,262352
4475,262352
4476,262352
4477,262352
4478,262352
4479,262352
4480,262352
4481,262400
4482,262400
4483,262400
4484,262400
4485,262400
4486,262400
4487,262400
4488,262352
4489,262400
4490,262352
4491,262352
4492,262352
4493,262352
4494,262352
4495,262352
4496,262352
4497,262400
4498,262400
4499,262400
4500,262400
4501,262400
4502,262400
4503,262400
4504,0
4505,0
4506,0
4507,16
4508,65568
4509,262400
4511,301989888
4512,64
4513,0
4514,67108880
4517,208
4518,208
4519,208
4520,262160
4521,262400
4522,262400
4523,262400
4524,0
4525,80
4526,262160
4527,262352
4528,262352
4529,262352
4530,262352
4531,262352
4532,262352
4533,262352
4534,262400
4535,262400
4536,262400
4537,262400
4538,0
4539,536870912
4540,262352
4541,262352
4542,262352
4543,262352
4544,262352
4545,262352
4546,262352
4547,262352
4548,262352
4549,262352
4550,262352
4551,262352
4552,262352
4553,262352
4554,262352
4555,262352
4556,262352
4557,262352
4558,262352
4559,262352
4560,262352
4561,262352
4562,262352
4563,262352
4564,262352
4565,262352
4566,262352
4567,262352
4568,262352
4569,262352
4570,262352
4571,262352
4572,262352
4573,262352
4574,262352
4575,262352
4576,262352
4577,262352
4578,262352
4579,262352
4580,262352
4581,262352
4582,262352
4583,262352
4584,262352
4585,262352
4586,262352
4587,262400
4588,262400
4589,262400
4590,262400
4591,262400
4592,262400
4593,262400
4594,262400
4595,262400
4596,262400
4597,262400
4598,262400
4599,262400
4600,262400
4601,262400
4602,262400
4603,262400
4604,262400
4605,262400
4606,262400
4607,262400
4608,262400
4609,262400
4610,262400
4611,262400
4612,262400
4613,262400
4614,262400
4615,262400
4616,262400
4617,262400
4618,262400
4619,262400
4620,262400
4621,262400
4622,262400
4623,262400
4624,262400
4625,262400
4626,262400
4627,262400
4628,262400
4629,0
4630,262400
4631,262352
4632,262352
4633,262352
4634,262352
4635,262352
4636,262352
4637,262352
4638,262400
4639,262400
4640,262400
4641,262400
4642,262400
4643,262400
4644,262400
4645,262352
4646,262352
4647,262352
4648,262352
4649,262352
4650,262352
4651,262352
4652,262352
4653,262400
4654,262400
4655,262400
4656,262400
4657,262400
4658,262400
4659,262400
4660,262400
4661,262352
4662,262352
4663,262352
4664,262352
4665,262352
4666,262352
4667,262352
4668,262352
4669,262400
4670,262400
4671,262400
4672,262400
4673,262400
4674,262400
4675,262400
4676,262400
4678,262352
4679,262400
4680,262352
4681,262352
4683,262352
4684,262352
4685,262352
4687,262352
4688,262352
4689,262400
4690,262400
4691,262400
4692,262400
4693,262400
4694,262400
4695,262400
4697,262352
4698,262400
4699,262352
4700,262352
4701,262352
4702,262352
4703,262352
4705,262352
4706,262352
4707,262400
4708,262400
4709,262400
4710,262400
4711,262400
4712,262400
4713,262400
4714,262352
4715,262400
4716,262400
4717,262352
4718,262352
4719,262352
4720,262352
4721,262352
4722,262352
4723,262352
4724,262400
4725,262400
4726,262400
4727,262400
4728,262400
4729,262400
4730,262400
4731,262400
4732,262400
4733,262400
4734,262400
4735,262400
4736,262400
4737,262400
4739,262400
4740,262400
4741,262400
4742,262400
4743,262400
4744,262400
4745,262400
4746,262400
4747,262400
4748,262400
4750,262400
4751,262352
4752,262352
4753,262400
4754,262400
4755,262352
4756,262352
4757,262352
4758,262400
4759,262400
4760,262352
4761,262400
4762,262352
4763,262352
4764,262400
4765,262400
4766,262400
4767,262400
4768,262400
4769,262400
4770,262400
4771,262400
4772,262400
4773,262400
4774,262400
4775,262400
4776,262400
4777,262400
4778,262352
4779,262400
4780,262352
4781,262400
4782,262400
4783,262400
4785,262400
4786,262352
4787,262400
4788,262352
4789,262400
4790,262352
4791,262400
4792,262352
4793,262400
4794,262352
4795,262400
4796,262352
4797,262400
4798,262352
4799,262400
4800,262352
4801,0
4802,262352
4803,262400
4804,262400
4805,262160
4806,262400
4807,262400
4808,262400
4809,262400
4810,262352
4811,262352
4812,262400
4813,262400
4814,262400
4815,262400
4816,262400
4817,262400
4818,262352
4819,262352
4820,262352
4821,262352
4822,262352
4823,262352
4824,262352
4825,262400
4826,262400
4827,262400
4828,262400
4829,262400
4830,262400
4831,262400
4832,262352
4833,262400
4834,262352
4835,262352
4836,262352
4837,262352
4838,262352
4839,262352
4840,262352
4841,262400
4842,262400
4843,262400
4844,262400
4845,262400
4846,262400
4847,262400
4848,262352
4849,262400
4850,262352
4851,262352
4852,262352
4853,262352
4854,262352
4855,262352
4856,262352
4857,262400
4858,262400
4859,262400
4860,262400
4861,262400
4862,262400
4863,262400
4864,262352
4865,262400
4866,262352
4867,262352
4868,262352
4869,262352
4870,262352
4871,262352
4872,262352
4873,262400
4874,262400
4875,262400
4876,262400
4877,262400
4878,262400
4879,262400
4880,262352
4881,262400
4882,262352
4883,262352
4884,262352
4885,262352
4886,262352
4887,262352
4888,262352
4889,262400
4890,262400
4891,262400
4892,262400
4893,262400
4894,262400
4895,262400
4896,262352
4897,262352
4898,262400
4899,262400
4900,262352
4901,262400
4902,262352
4903,262400
4904,262352
4905,262400
4906,262400
4907,262352
4909,262224
4910,262400
4911,262400
4912,262400
4913,262224
4914,262224
4915,262352
4916,262400
4917,262352
4918,262352
4919,262400
4920,262400
4921,262352
4922,262400
4923,262352
4924,262352
4925,262400
4926,262400
4928,0
4929,0
4930,0
4931,0
4932,0
4933,256
4934,256
4935,256
4936,256
4937,0
4938,262160
4940,0
4941,0
4942,65568
4943,262400
4945,0
4946,268435456
4947,256
4948,262160
4950,262160
4951,64
4952,67109120
4954,0
4955,0
4960,0
4961,262144
4962,0
4970,0
4971,0
4972,262224
4974,0
4975,256
4976,256
4977,256
4978,256
4979,0
4980,0
4981,134217984
4982,65536
4983,256
4984,134217728
4985,0
4986,80
4987,327680
4990,262400
4993,256
4996,256
4997,256
4998,256
4999,256
5000,256
5001,0
5002,0
5003,0
5004,402653440
5005,402653440
5006,402653440
5007,402653440
5008,0
5009,192
5010,16
5011,192
5012,80
5016,0
5017,256
5019,18
5020,671088640
5021,671088640
5023,64
5024,0
5025,0
5026,256
5027,208
5028,208
5029,208
5030,208
5031,208
5032,208
5033,208
5034,262400
5035,262400
5036,262400
5037,262400
5038,262400
5039,262400
5040,262400
5041,64
5042,64
5043,208
5044,208
5045,208
5046,208
5047,208
5048,262400
5049,262400
5050,262400
5051,262400
5052,262400
5053,262400
5054,262400
5055,208
5056,208
5057,208
5058,208
5059,208
5060,208
5061,208
5062,262400
5063,262400
5064,262400
5065,262400
5066,262400
5067,262400
5068,262400
5069,208
5070,208
5071,208
5072,208
5073,208
5074,208
5075,208
5076,262400
5077,262400
5078,262400
5079,262400
5080,262400
5081,262400
5082,262400
5084,208
5085,208
5086,208
5087,208
5088,208
5089,208
5090,208
5091,262400
5092,262400
5093,262400
5094,262400
5095,262400
5096,262400
5097,262400
5099,65536
5100,0
5101,67108880
5102,448
5103,0
5104,64
5105,0
5106,16
5107,65792
5108,268435456
5110,0
5111,67108928
5113,262144
5115,262144
5116,65538
5117,262400
5118,329728
5119,134480144
5120,134480144
5121,134480144
5122,134480144
5123,134480144
5124,134480144
5125,262400
5126,262400
5127,262400
5128,262400
5129,262400
5130,262400
5131,262400
5133,0
5134,1073807360
5137,0
5138,65536
5139,262400
5140,65792
5141,8388624
5142,256
5143,536936704
5144,536936704
5145,536936704
5146,262400
5147,262400
5148,262400
5149,65552
5150,262400
5151,0
5154,0
5155,0
5156,0
5157,0
5158,0
5159,16
5161,256
5162,256
5164,262144
5165,263168
5166,65536
5167,262400
5169,268501008
5170,65552
5171,537198608
5172,268435472
5174,0
5175,262400
5176,65536
5177,65536
5178,65536
5179,65536
5180,65536
5181,262400
5182,262400
5183,262400
5184,262400
5185,65536
5186,65536
5187,65536
5188,65536
5189,65536
5190,262400
5191,262400
5192,262400
5193,262400
5194,262400
5195,1073840128
5196,1073840128
5197,262416
5198,1073807360
5199,262416
5200,16
5201,262160
5202,0
5203,262400
5204,262400
5205,80
5206,65792
5208,262160
5209,262160
5210,262400
5211,262160
5212,262400
5213,0
5214,262400
5215,437518352
5216,262400
5217,262160
5218,262400
5219,0
5220,16
5221,262160
5222,262400
5223,34865424
5224,262400
5225,134479888
5226,262400
5227,80
5228,262400
5229,262416
5230,262400
5231,262400
5232,65536
5233,262400
5234,65536
5235,262400
5236,0
5237,262400
5238,327696
5239,262400
5240,262160
5241,262400
5242,327696
5243,262400
5244,65568
5245,262400
5246,327696
5247,262400
5248,262400
5249,0
5250,256
5251,0
5252,0
5253,262400
5254,0
5255,8388608
5256,0
5257,0
5258,0
5259,0
5260,0
5262,0
5263,0
5264,268501008
5265,268501008
5266,268501008
5267,268501008
5268,268501008
5269,262400
5270,262400
5271,263184
5272,262400
5273,262400
5274,262400
5275,262400
5276,0
5277,65552
5278,262400
5280,0
5281,0
5283,262400
5285,256
5286,256
5287,256
5289,256
5290,256
5291,256
5292,256
5294,256
5295,256
5296,256
5297,256
5298,262400
5299,262400
5300,262400
5301,464
5302,536871312
5303,0
5304,0
5305,256
5306,0
5307,65792
5308,327952
5309,256
5310,256
5311,0
5312,0
5316,65792
5320,134217856
5321,134217856
5322,134217856
5323,134217856
5324,134217856
5325,134217856
5333,65554
5334,262400
5335,262400
5337,263184
5338,262400
5339,16
5340,262352
5341,262352
5342,262352
5343,262352
5344,262352
5345,262352
5346,262352
5348,262352
5349,262352
5350,262352
5351,262352
5352,262352
5353,262352
5354,262352
5355,262352
5356,262352
5357,262352
5358,262352
5359,262352
5360,262352
5361,262352
5363,262160
5364,64
5365,262160
5366,262160
5367,262160
5368,64
5369,64
5370,64
5371,262144
5372,262144
5373,384
5374,262144
5375,262144
5376,0
5377,64
5378,262400
5380,262400
5381,262400
5382,262400
5383,262400
5384,34930944
5385,262400
5386,262400
5387,262400
5388,65536
5389,262400
5390,262400
5391,65536
5392,262400
5394,65536
5395,32
5396,262400
5397,262400
5398,262400
5399,262400
5400,0
5401,0
5402,256
5403,1073741840
5404,64
5405,0
5406,0
5407,0
5408,0
5409,0
5412,256
5413,0
5414,256
5416,0
5419,80
5420,80
5421,80
5422,1024
5424,16
5426,0
5427,262352
5428,262352
5429,262352
5430,262352
5431,262352
5432,262352
5433,262352
5448,262352
5449,262352
5450,262352
5451,262352
5452,262352
5453,262352
5454,262352
5455,262352
5456,262352
5457,262400
5458,262400
5459,262400
5460,262400
5461,262400
5462,262400
5463,262400
5464,262400
5465,262400
5466,262352
5467,262352
5468,262352
5469,262400
5470,262400
5471,262400
5472,262400
5473,262400
5474,262400
5475,262400
5476,262400
5477,262400
5478,262400
5479,262400
5480,0
5481,262352
5482,262352
5483,262352
5484,1073807360
5486,262400
5487,327696
5488,262400
5489,262400
5490,262400
5491,262400
5492,262400
5493,262400
5494,262400
5496,262400
5497,262400
5498,262400
5499,262400
5500,151257104
5501,262400
5502,151257104
5503,262400
5504,65536
5505,65536
5506,65536
5507,262400
5508,0
5509,262224
5510,262352
5511,262352
5512,65792
5513,262352
5514,262160
5515,262160
5516,262400
5517,262400
5518,262400
5519,262400
5520,262400
5521,262400
5522,262400
5524,262400
5525,262400
5526,262400
5527,262352
5528,262352
5529,262352
5530,0
5531,0
5532,262164
5533,262400
5534,262400
5535,262400
5536,262400
5537,262400
5538,262400
5539,262400
5540,262400
5541,262400
5542,262400
5543,16
5545,262352
5546,262352
5547,262352
5548,262352
5549,262352
5550,262352
5551,262352
5552,262352
5553,262352
5554,262352
5555,262400
5556,262400
5557,262400
5558,262400
5559,262400
5560,262400
5561,262400
5562,262400
5563,262400
5564,262400
5565,262400
5566,262400
5567,16
5568,16
5569,328708
5570,65536
5571,262400
5572,262400
5573,327680
5574,262400
5575,329728
5576,0
5577,262400
5578,0
5579,0
5580,329728
5581,150994960
5582,262400
5583,262400
5584,262400
5585,262352
5586,262352
5587,262352
5588,327680
5589,327680
5590,262400
5591,262400
5592,65536
5593,262400
5594,262400
5595,262400
5596,262400
5597,0
5598,0
5599,327680
5600,262400
5601,327680
5602,327680
5603,256
5604,256
5605,0
5606,151322624
5607,0
5608,262224
5609,151322624
5610,256
5611,262400
5613,262400
5614,327680
5615,327680
5616,262400
5617,262400
5618,151322624
5620,262400
5621,262400
5626,262352
5627,1073807360
5628,16
5629,262400
5630,262352
5631,262352
5632,262352
5633,262352
5634,262352
5635,262352
5636,262352
5637,262352
5638,262352
5639,262352
5640,262352
5641,262352
5642,262352
5643,262352
5644,262400
5645,151322624
5647,262400
5648,0
5649,0
5650,262400
5651,262400
5652,262400
5653,262400
5654,262400
5655,262400
5656,262400
5657,262400
5658,262400
5659,262400
5660,262400
5661,262400
5662,262400
5663,262400
5664,262400
5665,0
5666,0
5667,67109072
5668,268501008
5669,268501008
5670,262400
5671,262400
5672,64
5675,65536
5676,65536
5677,64
5678,262400
5679,0
5680,80
5682,262352
5683,262352
5684,262352
5685,262352
5686,262352
5687,262352
5688,262400
5689,262400
5690,262400
5691,262400
5692,262400
5693,262400
5694,0
5696,268763152
5697,65536
5698,262400
5699,65536
5700,262400
5701,65536
5702,262400
5703,262160
5704,65536
5705,262400
5707,320
5708,262164
5709,256
5715,262352
5716,262352
5717,262352
5718,0
5719,0
5720,0
5722,262400
5723,0
5724,262400
5725,262400
5726,0
5727,0
5728,320
5729,256
5730,65536
5731,262400
5732,0
5733,320
5734,65536
5735,262400
5736,262400
5737,0
5738,262400
5739,0
5740,65536
5741,256
5742,262352
5743,262352
5744,262352
5745,262352
5746,262352
5747,262352
5748,262352
5749,262352
5750,262352
5751,262352
5752,262352
5753,262352
5754,262352
5755,262352
5756,262352
5757,262352
5758,262352
5759,168099856
5760,0
5761,65552
5762,262400
5763,65568
5764,262400
5765,262400
5766,262400
5767,262400
5768,262400
5769,262400
5770,262400
5771,262400
5772,262400
5773,262400
5774,262400
5775,262400
5776,262400
5777,262400
5778,262400
5779,262400
5780,262400
5781,262144
5782,1073807360
5783,262400
5784,269582336
5785,262400
5786,262352
5787,262352
5788,262352
5789,262352
5790,262352
5791,262352
5792,262352
5793,262352
5794,262352
5795,262352
5796,262352
5797,262400
5798,262400
5799,262400
5800,262400
5801,262400
5802,262400
5803,262400
5804,262400
5805,262400
5806,262400
5807,262400
5809,268468240
5810,67108880
5811,80
5812,262352
5813,262352
5814,262352
5815,262352
5816,262352
5817,262352
5818,262352
5819,262352
5820,262352
5821,262352
5822,262352
5823,262400
5824,262400
5825,262400
5826,262400
5827,262400
5828,262400
5829,262400
5830,262400
5831,262400
5832,262400
5833,262400
5834,262352
5835,262352
5837,262352
5838,262352
5839,262352
5840,262352
5841,262352
5842,262352
5843,262352
5844,262352
5845,262352
5846,262400
5847,262400
5848,262400
5849,262400
5850,262400
5851,262400
5852,262400
5853,262400
5854,262400
5855,262400
5856,262400
5857,0
5858,128
5862,0
5865,262352
5866,262352
5867,262352
5868,262352
5869,262352
5870,262352
5871,262352
5872,262352
5873,262352
5874,262352
5875,262352
5876,262400
5877,262400
5878,262400
5879,262400
5880,262400
5881,262400
5882,262400
5883,262400
5884,0
5885,262400
5886,262400
5887,262400
5888,80
5891,262352
5892,262352
5893,262352
5894,262352
5896,262352
5897,262352
5898,262352
5899,262352
5900,262352
5901,262352
5902,262352
5903,262400
5904,262400
5905,262400
5906,262400
5907,262400
5908,262400
5909,671088640
5910,262400
5911,262400
5912,262400
5913,262400
5914,262400
5915,0
5916,268697616
5917,262144
5918,394260
5919,262352
5920,262352
5921,262352
5922,262352
5923,464
5924,464
5925,464
5926,464
5927,262352
5928,262352
5929,262352
5930,262400
5931,262400
5932,262400
5933,262400
5934,327696
5935,262400
5936,262400
5937,262400
5938,0
5939,0
5940,0
5941,262352
5942,262352
5943,262352
5944,262352
5945,262400
5946,262400
5947,262400
5948,262400
5949,262400
5950,262400
5951,0
5952,262352
5953,262352
5954,262352
5955,262352
5956,262352
5957,262352
5958,262352
5959,262400
5960,262400
5961,262400
5962,262400
5963,262400
5964,262400
5965,262400
5967,0
5968,0
5969,262352
5970,262352
5971,262352
5972,262352
5973,262352
5974,262352
5975,262352
5976,262352
5977,262352
5978,0
5979,262352
5980,262400
5981,262400
5982,262400
5983,262400
5984,262400
5985,262400
5986,262400
5987,262400
5988,262400
5989,262400
5990,0
5993,262400
5994,262400
5995,262400
5996,262400
5997,262400
5998,262400
5999,262400
6000,262400
6001,262400
6002,262400
6003,262400
6004,262400
6005,262400
6006,262400
6007,262400
6008,262400
6009,262400
6010,262400
6011,262400
6012,262400
6013,262400
6014,262400
6015,262400
6016,263184
6017,262400
6019,262400
6020,262400
6021,262400
6022,262400
6023,262400
6024,262400
6025,262400
6026,262400
6027,262400
6028,262400
6029,262400
6030,262400
6031,262400
6032,262400
6033,262400
6034,262400
6035,262400
6036,262400
6037,262400
6038,262400
6039,262400
6040,262400
6041,65536
6042,256
6043,262400
6057,262352
6058,65536
6059,262400
6060,65536
6061,262144
6062,262400
6063,65536
6064,65536
6065,327680
6066,327680
6067,262400
6068,262400
6069,65536
6070,262400
6071,262400
6072,262400
6073,262400
6074,65536
6075,65536
6076,65536
6077,65536
6078,65536
6079,262400
6080,262400
6081,262400
6082,262400
6083,262400
6084,0
6085,262352
6086,262352
6087,262352
6088,262352
6089,262352
6090,262352
6091,262352
6092,262352
6093,262352
6094,262352
6095,262352
6096,262352
6097,262352
6098,262352
6099,262400
6100,262400
6101,262400
6102,262400
6103,262400
6104,262400
6105,262400
6106,262400
6107,262400
6108,262400
6109,262400
6110,262400
6111,262400
6112,262400
6113,262400
6114,0
6115,0
6116,262400
6117,65536
6118,65536
6119,0
6120,0
6121,262400
6122,8388608
6123,0
6124,0
6127,65536
6128,262400
6129,65536
6130,262400
6131,1073807360
6132,262400
6133,262400
6134,65536
6135,65536
6136,0
6137,262400
6138,262400
6139,65536
6140,262400
6141,65536
6142,262400
6143,65536
6144,262400
6145,0
6146,65536
6147,0
6148,65536
6149,262400
6150,262160
6151,262352
6152,262352
6153,262352
6154,262164
6155,262352
6156,262352
6157,262352
6158,262400
6159,262352
6160,262352
6161,262352
6162,262352
6163,262400
6164,262400
6165,262400
6166,262400
6167,262400
6169,262400
6170,262400
6171,262400
6172,262400
6173,262400
6174,327700
6175,327700
6176,262400
6177,262400
6178,805634064
6180,262400
6184,262160
6185,262400
6186,327700
6187,262400
6190,327696
6191,262400
6192,327696
6193,262400
6195,0
6196,98304
6197,98304
6198,262400
6199,0
6201,65536
6202,65536
6203,262400
6204,262400
6205,65536
6206,262400
6207,65536
6208,65536
6209,65536
6210,262400
6211,262400
6212,262400
6213,1073807360
6214,262400
6215,1073807360
6216,262400
6217,65536
6218,262400
6219,65536
6220,256
6221,256
6222,65536
6223,65536
6224,256
6225,256
6226,65536
6227,262400
6228,262400
6229,65536
6230,65536
6231,262400
6232,262400
6233,144
6234,65792
6235,0
6236,0
6237,0
6238,272
6239,0
6240,0
6243,80
6245,142606464
6246,144
6247,400
6249,65920
6250,65792
6251,16
6252,4194304
6253,262160
6254,0
6255,0
6257,262160
6260,0
6261,0
6262,0
6263,0
6264,0
6266,16
6268,262160
6270,134217728
6271,256
6272,0
6273,142606464
6274,0
6275,0
6276,262224
6277,0
6278,0
6280,208
6281,208
6282,208
6283,208
6284,262400
6285,262400
6286,208
6287,262400
6288,262400
6289,262400
6290,262400
6291,262400
6292,262400
6293,262400
6294,262400
6295,0
6296,16
6297,0
6298,269549568
6304,16
6305,0
6306,0
6307,65536
6310,0
6311,208
6312,262400
6313,262400
6314,208
6315,208
6316,208
6317,208
6318,262400
6319,262400
6320,262400
6321,262400
6322,262400
6323,262400
6324,262400
6325,262400
6327,262400
6328,208
6329,262400
6330,262400
6331,208
6332,208
6333,208
6334,208
6335,262400
6336,262400
6337,262400
6338,262400
6339,262400
6340,262400
6341,262400
6342,262400
6343,327696
6344,65536
6345,0
6346,65536
6347,262144
6348,256
6349,256
6350,0
6351,0
6352,0
6353,65536
6354,0
6355,384
6356,80
6357,262400
6358,1073807360
6359,262400
6360,262144
6361,65536
6362,262400
6363,65536
6364,65536
6365,65536
6366,65536
6367,0
6368,0
6369,0
6370,0
6371,64
6372,64
6373,0
6374,0
6375,65536
6376,33619968
6377,65536
6378,33619968
6379,262400
6380,262400
6381,262400
6383,262400
6384,262400
6385,262400
6386,262400
6388,0
6390,65536
6391,65536
6392,65536
6393,256
6394,256
6395,256
6397,320
6398,320
6399,320
6400,262400
6401,262400
6402,262400
6403,262400
6405,0
6408,262160
6409,394260
6410,402653440
6411,67108864
6412,65568
6413,65568
6414,65568
6415,65568
6416,65568
6417,65568
6418,65568
6419,65568
6421,0
6422,256
6423,262400
6424,262400
6425,262400
6426,262400
6427,262400
6428,262400
6429,262400
6430,262400
6431,142606720
6432,536870928
6433,80
6434,262160
6435,262160
6436,80
6440,208
6441,65568
6442,262400
6443,208
6444,208
6445,208
6446,208
6447,208
6448,262400
6449,262400
6450,262400
6451,262400
6452,262400
6453,262400
6454,262400
6455,262400
6456,262400
6457,262400
6458,65568
6459,262400
6460,262400
6461,16
6462,67109200
6463,16
6464,0
6465,16
6466,18
6467,67109264
6468,67108880
6469,262160
6470,65584
6471,65584
6472,262400
6473,262400
6474,320
6476,0
6477,65936
6478,65936
6479,268435472
6480,262400
6481,262400
6482,262400
6483,0
6484,0
6485,262400
6487,0
6488,67108944
6490,0
6492,262400
6493,262400
6494,262400
6495,65536
6496,262400
6497,16
6498,80
6499,65568
6500,65568
6501,65568
6502,262400
6503,262400
6504,262400
6505,262400
6507,262160
6509,256
6510,32
6511,262400
6512,671088640
6513,671088640
6514,327696
6515,327696
6516,327696
6517,65584
6518,65584
6519,262400
6520,262400
6521,65568
6522,262400
6523,64
6524,16
6527,65792
6528,134218112
6529,65792
6530,262160
6531,1040
6533,0
6534,262400
6535,0
6536,0
6537,256
6538,268435456
6539,262400
6540,262400
6542,327696
6543,262400
6544,268763152
6545,0
6546,327696
6547,327696
6548,327696
6549,262400
6550,262400
6551,262400
6552,327696
6553,262400
6554,327696
6555,327696
6556,262400
6557,262400
6558,67108880
6559,262400
6560,16
6561,327700
6562,0
6563,262400
6564,327700
6565,262400
6566,327700
6567,262400
6568,327700
6569,262400
6570,328724
6571,262400
6572,327696
6573,262400
6574,327696
6575,262400
6576,262160
6577,262400
6579,262400
6580,16
6581,16
6582,262400
6583,262400
6584,134218000
6587,16
6588,16
6589,0
6590,80
6591,208
6592,208
6593,208
6594,208
6595,263188
6598,268435472
6600,256
6601,256
6602,256
6603,16
6605,16
6606,142606720
6607,2064
6608,67108880
6609,256
6610,256
6611,256
6612,738197504
6613,738197504
6614,201326592
6615,671088640
6617,65568
6618,65568
6619,65568
6620,268435472
6621,262400
6622,262400
6623,262400
6624,65568
6625,262400
6626,268468240
6627,144
6629,0
6630,268468240
6631,256
6632,256
6634,268697872
6635,256
6636,16
6637,256
6638,256
6639,256
6641,256
6642,256
6643,256
6644,256
6645,80
6647,0
6648,269582608
6650,65552
6651,65568
6652,262400
6653,269582608
6654,269582608
6655,142606464
6656,144
6657,0
6658,65792
6659,256
6660,4718610
6661,65568
6662,262400
6664,67108880
6666,262400
6667,262400
6668,0
6669,16
6671,268468240
6672,209715200
6673,327696
6674,262400
6677,256
6681,262400
6685,4194322
6686,65568
6687,262400
6688,65568
6689,262400
6690,65568
6691,262400
6692,65568
6693,65568
6694,262400
6695,65568
6696,262400
6700,0
6701,262400
6702,65568
6703,65568
6704,65568
6705,65568
6706,262400
6707,262400
6708,262400
6709,262400
6711,268697616
6712,262400
6713,263184
6714,201326848
6716,201328896
6717,268435472
6718,80
6719,256
6724,671088640
6725,0
6726,0
6727,201326592
6728,1073807360
6730,16
6733,262400
6734,262400
6735,262400
6736,262400
6737,262400
6739,151322624
6740,262400
6741,128
6742,0
6743,262400
6744,262400
6745,262400
6746,262400
6747,1024
6748,1024
6749,262160
6750,80
6751,262144
6752,64
6753,0
6754,16
6755,0
6756,65536
6757,268468240
6758,67108864
6759,16
6760,327696
6761,327696
6762,327696
6763,262400
6764,262400
6765,262400
6766,256
6767,67108864
6768,327696
6769,262400
6770,1077346320
6771,262400
6772,327696
6773,262400
6774,537198608
6775,262400
6777,269582608
6778,65536
6779,262400
6780,65536
6781,262400
6782,262400
6783,437518352
6784,262400
6785,2490384
6786,256
6787,2490384
6788,67108864
6789,65536
6790,256
6791,262400
6792,262400
6793,262160
6794,262400
6795,262160
6796,262400
6798,262160
6799,262400
6800,262160
6801,262400
6802,65792
6803,256
6805,65792
6806,262400
6807,1044
6808,1044
6809,1044
6810,262400
6811,262400
6812,262400
6813,80
6814,0
6816,16
6817,16
6818,16
6819,16
6820,80
6821,80
6822,80
6823,80
6844,142606720
6864,16
6866,16
6867,80
6869,67108880
6870,67108880
6871,80
6873,0
6894,2048
6896,269582608
6897,269582608
6898,269582608
6899,269582608
6900,268435472
6902,67108864
6903,67109120
6905,0
6907,16
6909,2064
6910,16
6913,0
6917,524304
6918,0
6920,437518352
6921,262160
6922,16
6923,80
6924,0
6925,16
6927,394260
6940,327680
6941,262400
6942,1040
6945,218103808
6946,0
6947,80
6949,0
6950,0
6951,16
6954,0
6955,0
6957,65536
6958,16
6960,327680
6961,80
6962,0
6963,4259858
6964,2281701632
6965,65536
6966,2281701632
6967,262400
6969,65552
6970,262400
6973,262400
6974,134283264
6975,4259858
6976,4259858
6977,4259858
6978,262400
6979,4259858
6980,4259858
6981,262400
6982,0
6983,262400
6984,1078001682
6985,1078001682
6986,262400
6987,262400
6991,268501008
6992,262400
6993,262400
6994,1376256
6995,262400
6996,4522002
6997,262400
6998,134217728
6999,262400
7000,262608
7001,262144
7020,262160
7022,256
7023,134283520
7027,4456466
7028,4456466
7029,4456466
7030,262400
7031,262400
7032,262400
7033,65536
7034,262400
7035,262144
7036,262144
7038,201326608
7039,201326608
7040,201326608
7041,201326608
7042,201326608
7043,201326608
7044,201326608
7045,201326608
7046,201326608
7047,201326608
7048,201326608
7049,201326608
7050,201326608
7051,201326608
7053,201326608
7054,67108880
7056,336
7057,0
7067,687865872
7068,16
7069,16
7072,0
7074,262160
7076,0
7077,256
7078,256
7079,256
7081,256
7082,16
7083,402653440
7084,16
7090,33882128
7092,16
7093,16
7095,80
7098,2048
7099,16
7101,0
7102,201590800
7103,201588752
7104,262416
7105,4259858
7106,16
7107,268435472
7108,327936
7109,262400
7120,0
7121,0
7122,16
7124,0
7125,0
7126,65568
7127,0
7128,65536
7129,256
7130,262400
7131,80
7132,0
7133,65568
7134,262400
7135,65568
7136,67109120
7137,262160
7139,16
7140,1024
7141,256
7143,256
7144,16
7145,262164
7146,262400
7147,65568
7148,262400
7149,65568
7150,262400
7151,65568
7152,262400
7153,65568
7154,16
7155,384
7156,65568
7157,262400
7159,327700
7160,327700
7162,0
7164,327696
7165,327696
7178,671154176
7179,65568
7180,262400
7181,65568
7182,262400
7183,65568
7184,67108864
7198,208
7199,262400
7200,208
7201,262400
7203,262352
7204,262352
7205,262352
7206,262352
7207,262400
7208,262400
7209,262400
7210,262400
7211,262160
7212,262400
7213,65568
7214,262400
7215,128
7216,0
7217,128
7218,0
7219,448
7220,0
7221,65584
7222,65584
7223,65584
7224,65584
7225,262400
7226,262400
7227,262400
7228,262400
7229,262400
7230,671088640
7231,671088640
7232,671088640
7233,671088640
7234,671088640
7235,671088640
7236,671088640
7237,671088640
7238,671088640
7239,671088640
7240,671088640
7241,671088640
7242,671088640
7243,671088640
7244,671088640
7245,671088640
7246,671088640
7247,671088640
7248,671088640
7249,671088640
7250,671088640
7251,671088640
7252,671088640
7253,671088640
7254,671088640
7255,65568
7256,65568
7257,65568
7258,65568
7259,65568
7260,262400
7261,262400
7262,262400
7263,262400
7264,262400
7265,384
7266,268435856
7267,201326736
7268,65536
7269,65536
7270,65536
7272,16
7273,80
7276,80
7277,0
7278,16
7279,0
7280,262400
7285,65792
7288,65536
7289,67108864
7290,1114112
7291,134217728
7293,0
7294,151322624
7295,65536
7296,262400
7297,262400
7300,65536
7301,65536
7302,65536
7320,65536
7321,0
7322,65536
7323,262400
7324,256
7325,151322624
7326,262400
7327,256
7328,268435456
7329,262400
7330,256
7331,268763136
7336,134217856
7337,134217856
7338,134217856
7339,134217856
7340,192
7341,192
7342,262164
7344,256
7353,256
7355,276824080
7356,0
7357,327696
7358,256
7359,268501008
7361,262400
7363,262144
7364,65568
7365,262144
7366,327696
7367,0
7369,327700
7370,262400
7371,537198608
7372,327696
7373,327696
7374,262400
7375,262400
7376,327888
7377,17105168
7378,262400
7379,327696
7380,262400
7381,327888
7382,262400
7383,262144
7384,2424848
7385,262400
7386,327696
7389,256
7390,327696
7391,327696
7392,256
7393,536870912
7394,262164
7395,0
7396,0
7398,128
7399,16
7400,327696
7401,262400
7402,327696
7403,262400
7404,262400
7405,327696
7406,262400
7407,262144
7408,65584
7409,262400
7411,65552
7412,65552
7413,65552
7414,262400
7415,256
7416,256
7417,0
7418,65536
7419,192
7420,65536
7421,65536
7422,262400
7423,128
7426,65536
7427,192
7428,65536
7429,262400
7430,65568
7431,262400
7433,192
7434,65536
7436,262400
7437,0
7438,192
7439,65536
7441,262400
7442,192
7443,65536
7444,262400
7445,128
7446,128
7447,128
7448,65536
7449,262400
7450,128
7451,65536
7452,192
7454,65536
7455,192
7456,192
7457,65536
7459,262400
7461,262400
7462,262400
7464,192
7465,192
7466,192
7468,192
7469,192
7470,192
7471,192
7472,192
7473,192
7474,192
7475,192
7476,192
7477,192
7478,192
7479,192
7481,0
7482,262144
7483,0
7484,0
7485,0
7486,80
7487,0
7488,0
7489,0
7490,192
7491,192
7492,192
7493,192
7494,192
7495,192
7496,192
7497,192
7498,192
7499,192
7500,192
7501,192
7502,192
7503,192
7504,192
7505,192
7506,192
7507,192
7508,192
7509,192
7511,192
7513,192
7514,192
7515,192
7516,192
7517,192
7518,192
7520,192
7522,128
7523,192
7524,128
7525,192
7526,128
7527,192
7529,192
7530,128
7531,128
7532,192
7533,192
7534,192
7535,192
7536,192
7537,192
7538,192
7539,128
7540,192
7541,128
7542,128
7543,128
7544,192
7545,128
7546,192
7547,128
7548,192
7549,192
7550,192
7551,128
7552,192
7553,128
7554,192
7555,128
7556,192
7557,128
7558,192
7559,128
7560,192
7561,128
7562,192
7563,128
7564,192
7565,128
7566,192
7567,128
7568,192
7569,192
7570,192
7571,192
7572,192
7573,192
7574,192
7575,128
7576,192
7577,128
7578,192
7579,192
7580,192
7581,192
7582,192
7583,192
7584,192
7585,150994944
7586,67109120
7587,67109120
7588,0
7590,192
7591,192
7592,192
7593,192
7594,192
7595,192
7596,192
7597,192
7598,192
7599,192
7600,192
7601,192
7614,192
7615,192
7616,192
7617,192
7618,192
7619,192
7620,268763152
7621,262144
7623,65568
7624,65568
7626,262400
7627,262400
7629,65568
7630,65568
7631,262400
7632,262400
7633,65568
7635,262400
7636,65568
7637,262400
7638,262144
7639,65568
7640,262400
7641,65536
7642,262400
7643,65568
7644,262400
7645,1310720
7646,65536
7647,262400
7648,65536
7649,256
7650,262400
7651,65536
7652,262400
7653,256
7655,0
7656,0
7657,0
7658,65536
7659,65536
7660,262400
7661,262400
7662,262400
7663,262400
7664,262400
7665,262400
7666,262400
7667,64
7668,0
7669,0
7670,384
7671,0
7673,0
7675,192
7676,192
7677,192
7678,192
7679,192
7680,192
7681,192
7683,192
7684,192
7685,192
7686,192
7687,192
7688,192
7689,192
7690,192
7691,192
7692,192
7693,192
7694,192
7695,192
7696,192
7697,192
7698,192
7699,192
7700,192
7701,192
7702,192
7703,192
7704,192
7705,192
7706,192
7707,192
7708,192
7709,192
7710,192
7711,448
7712,0
7713,0
7714,0
7715,0
7716,0
7717,0
7718,0
7719,0
7720,0
7721,448
7722,448
7723,448
7724,448
7725,448
7726,448
7728,0
7729,0
7731,268763152
7732,268763152
7733,262400
7734,256
7736,256
7737,402653440
7738,192
7739,0
7741,0
7742,80
7743,80
7744,16
7745,65536
7746,262400
7747,192
7748,65536
7749,262400
7750,67108880
7751,65568
7752,65568
7753,65568
7754,65568
7755,65568
7756,262400
7757,262400
7758,262400
7759,262400
7760,262400
7761,0
7762,0
7763,262400
7764,0
7765,0
7766,65536
7767,262400
7768,128
7769,65536
7770,262400
7771,65536
7772,262400
7773,192
7776,65536
7777,262400
7778,192
7779,65536
7780,192
7782,65536
7783,262400
7784,192
7786,65536
7787,262400
7788,65536
7789,262400
7791,256
7792,192
7793,65536
7794,256
7795,65536
7796,262400
7797,262400
7798,262400
7799,65536
7800,65536
7801,65536
7802,65536
7803,262144
7804,65536
7805,65536
7806,65536
7807,65536
7808,65536
7809,0
7810,0
7811,0
7812,0
7813,262144
7814,262160
7815,262160
7816,262160
7817,65584
7818,65584
7819,262400
7820,262400
7821,0
7822,0
7823,192
7824,128
7825,192
7826,192
7827,65568
7828,65568
7829,262400
7830,262400
7831,262400
7832,262400
7833,262400
7834,262400
7835,262400
7836,65568
7837,65568
7838,262400
7839,262400
7840,671088640
7841,65568
7842,262400
7843,64
7844,671088640
7845,65568
7846,262400
7847,128
7848,128
7849,128
7850,192
7851,192
7852,192
7853,65536
7854,262400
7855,65536
7856,262400
7857,65536
7858,262400
7859,65536
7860,262400
7861,65536
7862,262400
7863,65536
7864,262400
7865,65536
7866,262400
7867,65536
7868,262400
7870,269549568
7871,262400
7872,262400
7873,262400
7874,262400
7875,262400
7876,262400
7877,262400
7878,262400
7879,262400
7880,262400
7881,262400
7882,262400
7883,262400
7884,262400
7885,262400
7886,262400
7887,2424848
7889,262400
7891,263172
7892,65568
7893,65568
7894,262400
7895,262400
7896,18
7897,384
7898,262400
7901,16
7902,256
7903,268435456
7904,268435456
7905,268435456
7906,268435456
7907,268435456
7908,268435456
7909,268435456
7910,268435456
7911,268435456
7912,268435456
7913,268435456
7914,65536
7915,268435456
7916,268435456
7918,4194322
7919,4194322
7920,65568
7922,327696
7923,80
7924,16
7925,262400
7926,16
7927,16
7928,32
7929,32
7930,262400
7931,0
7932,65536
7933,65536
7934,32
7935,32
7936,262400
7937,262400
7938,327700
7939,402915728
7940,80
7941,80
7942,80
7943,80
7944,80
7945,80
7946,80
7947,0
7948,65536
7949,0
7950,256
7951,524304
7952,0
7953,65568
7954,65568
7955,65568
7956,262400
7957,262400
7958,262400
7960,65536
7961,16
7962,0
7964,16
7965,0
7966,65536
7967,1114112
7968,16
7969,272
7970,16
7971,16
7972,16
7973,16
7974,268435728
7975,0
7976,0
7977,0
7978,0
7979,33554432
7992,65536
7993,268435456
7994,0
7997,0
7998,16
7999,80
8000,65536
8001,65792
8004,65536
8005,65536
8006,262400
8007,262400
8008,65536
8009,262400
8010,65536
8011,262400
8012,65536
8013,262400
8014,16
8016,16
8017,328192
8018,328192
8019,328192
8020,262400
8021,262400
8022,262400
8024,328192
8025,262400
8026,262400
8027,328192
8028,262400
8029,262400
8030,328192
8031,262400
8032,262400
8033,328192
8034,0
8035,262400
8037,0
8038,328192
8039,262400
8040,1074855936
8041,67436560
8042,327680
8043,262400
8044,327680
8045,327680
8046,327680
8047,262400
8048,262400
8049,262400
8050,327680
8051,262400
8052,327680
8053,327680
8054,262400
8055,262400
8056,327680
8057,262400
8058,327680
8059,262400
8060,327680
8061,262400
8063,0
8064,68222976
8065,65536
8066,67108864
8067,67108864
8068,0
8070,65536
8071,65536
8072,320
8073,262400
8075,65536
8076,320
8077,262400
8078,65536
8079,0
8080,0
8082,192
8083,192
8084,192
8085,192
8086,262400
8087,65664
8088,65664
8089,65664
8090,65664
8091,65536
8092,65536
8093,262400
8094,65536
8095,65536
8096,65536
8097,65536
8098,65536
8099,65536
8100,65536
8101,65536
8102,65536
8103,65536
8104,65536
8105,65536
8106,65536
8107,262400
8108,262400
8109,262400
8110,262400
8111,262400
8112,65536
8113,65536
8114,65536
8115,65536
8116,65536
8117,65536
8118,65536
8119,65536
8120,65536
8121,65792
8122,327680
8123,262400
8124,327680
8125,262400
8126,262400
8127,65536
8128,0
8129,65536
8130,262400
8131,65536
8132,262400
8133,65792
8134,327680
8135,262400
8136,256
8137,0
8138,0
8139,0
8140,65536
8141,16
8142,0
8143,65536
8144,262400
8145,67904
8146,2304
8147,65536
8148,65536
8149,336
8150,65536
8151,393232
8152,437583888
8153,33882384
8154,65536
8155,65536
8156,320
8157,320
8158,262400
8159,262400
8160,65536
8161,65536
8162,320
8163,320
8164,262400
8165,262400
8166,65536
8167,67904
8168,65920
8169,262400
8170,65536
8171,65920
8172,67904
8173,262400
8176,0
8177,65536
8178,65792
8179,65856
8180,262400
8181,65536
8182,320
8183,262400
8184,65536
8185,320
8186,262400
8187,0
8188,448
8189,262400
8190,65536
8191,65536
8192,65536
8193,262400
8194,65536
8195,0
8198,327696
8199,256
8200,256
8201,256
8202,134217728
8203,402653456
8204,327696
8205,327696
8206,262400
8207,262400
8208,262288
8209,262160
8210,16
8211,65536
8212,0
8213,0
8214,0
8215,327696
8216,437583888
8217,16
8218,437583888
8219,0
8220,0
8221,0
8222,0
8223,67108864
8224,67108864
8225,0
8226,34930688
8227,65536
8229,320
8230,256
8231,262400
8232,328192
8233,1
8234,262400
8235,328192
8236,1
8237,262400
8238,65568
8239,262400
8240,65568
8241,262400
8242,327696
8243,65568
8244,262400
8245,0
8246,65536
8247,2128
8248,262400
8249,65536
8250,256
8251,320
8252,262400
8253,262400
8255,327700
8256,262160
8257,0
8258,134545408
8259,262144
8260,262160
8262,65536
8263,524352
8264,65536
8265,0
8266,320
8267,134217728
8268,142606336
8269,262160
8270,268435472
8271,268435472
8272,0
8273,80
8274,268435472
8275,262162
8276,268435472
8277,65536
8278,80
8279,80
8281,0
8282,0
8283,0
8285,0
8286,16
8288,65537
8289,65537
8290,262400
8291,262400
8292,65536
8293,0
8295,537133056
8296,65584
8298,262400
8299,0
8312,1073741824
8313,0
8314,65536
8315,0
8316,65536
8317,65536
8318,262400
8319,262400
8320,256
8321,0
8322,65568
8324,0
8325,262400
8326,763363584
8327,150995392
8328,150995392
8329,150995328
8331,65536
8332,0
8333,65536
8334,65568
8336,262400
8338,0
8339,65568
8341,262400
8342,268435456
8344,0
8345,1376256
8346,65536
8347,327696
8348,0
8349,65536
8350,65600
8351,65920
8352,0
8353,0
8354,0
8355,263188
8356,256
8357,0
8358,0
8359,34930704
8360,0
8361,0
8362,65536
8363,262160
8364,65536
8365,0
8366,65584
8367,65584
8368,65584
8369,262400
8370,262400
8371,262400
8372,268435472
8373,0
8374,262164
8375,0
8376,0
8377,0
8378,464
8379,263184
8380,327696
8381,262400
8382,0
8383,65536
8384,65536
8385,65536
8386,400
8387,150995216
8388,150995216
8389,262400
8390,262400
8391,20
8392,384
8393,80
8394,269582608
8395,269582608
8396,269582352
8397,448
8398,589824
8399,1074855936
8400,65536
8401,65536
8402,65536
8403,262400
8404,262400
8405,262400
8406,65536
8407,65536
8408,65536
8409,262400
8410,262400
8411,262400
8412,65536
8413,65536
8414,262400
8415,262400
8416,536936704
8417,536936704
8418,65536
8419,65536
8420,262400
8421,262400
8422,65536
8423,65536
8425,262400
8426,262400
8427,65536
8428,262400
8429,65536
8430,64
8431,64
8432,192
8433,0
8434,336
8435,65536
8437,65536
8438,65536
8439,65536
8440,262400
8441,262400
8442,262400
8443,65600
8444,65536
8445,65536
8446,65536
8447,262400
8448,262400
8449,262400
8450,65536
8451,65536
8452,262400
8453,262400
8455,65536
8456,262400
8457,65536
8458,65536
8459,262400
8460,262400
8461,65536
8462,65536
8463,262400
8464,262400
8465,65568
8466,262400
8467,65568
8468,8651008
8469,64
8470,192
8471,192
8472,192
8473,192
8474,192
8475,192
8476,192
8477,192
8478,192
8479,65536
8480,65536
8481,65536
8482,262400
8483,65568
8484,262400
8485,262400
8486,64
8487,64
8488,64
8489,65568
8490,262400
8491,262400
8492,65536
8493,262400
8494,65536
8495,65536
8496,262400
8497,262400
8498,65536
8499,65536
8500,262400
8501,262400
8502,65536
8503,65536
8504,65600
8505,65600
8506,65920
8507,65920
8508,65600
8509,65600
8510,0
8511,0
8512,65536
8513,262400
8514,256
8515,320
8516,1
8517,65792
8532,65664
8552,0
8553,67108864
8554,67110912
8555,2048
8593,0
8594,268435472
8595,0
8596,65792
8597,192
8598,65536
8599,262160
8600,0
8601,80
8602,16
8603,256
8604,65568
8605,262400
8606,0
8607,65568
8608,262400
8609,384
8611,0
8612,64
8613,16
8615,262400
8616,65792
8617,16
8618,16
8619,256
8620,256
8621,327696
8622,262400
8623,327696
8624,327696
8625,262400
8626,262400
8627,327696
8629,1376272
8630,262400
8631,2555920
8632,2555920
8633,2555920
8634,262400
8635,262400
8636,262400
8637,327696
8638,262400
8639,327696
8640,327696
8641,262400
8642,262400
8643,327696
8644,262400
8645,0
8646,262164
8647,327696
8648,262400
8649,327696
8650,327696
8651,262400
8652,262400
8654,0
8655,256
8656,268435472
8672,67108880
8673,142606464
8674,0
8675,268435712
8676,2555920
8677,256
8678,256
8679,65552
8680,0
8681,65568
8682,4522130
8685,0
8686,65552
8687,65568
8688,65552
8689,0
8690,134283264
8691,65568
8692,0
8693,65552
8694,65568
8695,262400
8696,65552
8697,262416
8699,0
8700,262400
8701,262400
8712,0
8713,272
8714,0
8715,16
8716,0
8717,262400
8721,327696
8722,268500992
8723,256
8724,2555920
8725,2555920
8727,256
8728,256
8732,589824
8733,0
8734,402653440
8735,256
8736,0
8737,192
8738,262400
8739,262144
8740,0
8741,192
8742,192
8743,192
8744,192
8745,192
8747,262208
8748,262336
8749,262336
8751,262336
8752,262336
8753,262336
8754,64
8755,64
8756,64
8757,64
8758,65568
8759,262400
8760,65568
8761,262400
8762,65568
8763,262400
8764,65568
8765,262400
8766,65568
8767,262400
8768,65584
8769,262400
8770,65568
8771,262400
8772,65568
8773,262400
8774,65568
8775,262400
8776,65568
8777,262400
8778,65568
8779,262400
8780,65568
8781,262400
8782,65568
8783,262400
8784,65568
8785,262400
8786,65568
8787,262400
8788,33882112
8789,65568
8790,262400
8791,65568
8793,65568
8794,262400
8795,65568
8796,262400
8797,65568
8798,262400
8799,65568
8800,0
8801,262400
8802,65568
8803,262400
8804,65568
8805,262400
8806,262162
8807,262400
8809,65536
8810,262400
8812,65536
8813,268435472
8814,0
8815,448
8816,272
8817,16
8818,458768
8820,327696
8821,262400
8822,16
8823,327680
8824,327680
8825,262400
8826,262400
8832,0
8833,64
8834,320
8835,65536
8836,320
8837,262400
8838,262400
8852,320
8853,268435472
8854,0
8855,0
8856,0
8857,268435472
8858,65536
8872,0
8873,65536
8874,437583888
8875,262608
8876,262224
8878,134217728
8879,262608
8880,65584
8881,262400
8892,0
8893,384
8894,256
8895,65568
8896,262400
8897,256
8898,134217728
8899,134217728
8900,134217728
8901,0
8902,67108864
8903,65536
8904,262400
8905,65536
8906,262400
8907,65536
8908,262400
8909,301989888
8910,65536
8911,262400
8912,256
8913,0
8914,65536
8915,262400
8916,0
8917,65792
8918,65536
8919,0
8920,262400
8921,65536
8922,262400
8924,65536
8925,65536
8926,65536
8927,65536
8928,65536
8929,65536
8930,262400
8931,262400
8932,262400
8933,262400
8934,262400
8935,262400
8936,65536
8937,262400
8938,65536
8939,65536
8940,65536
8941,65536
8942,262400
8943,262400
8944,262400
8945,262400
8946,65536
8947,262400
8949,65536
8950,65536
8951,65536
8952,262400
8953,262400
8954,262400
8955,65536
8956,262400
8972,1044
8973,262400
8974,262160
8975,262160
8976,262160
8977,262400
8978,262400
8979,262400
8980,269582608
8981,80
8983,262160
8984,262400
8985,268435472
8986,0
8988,0
8989,327696
8990,134545408
8992,262160
8993,262400
8994,1073807360
8995,65554
8996,65554
8997,65554
8998,262160
8999,262400
9000,262160
9001,262400
9002,65536
9003,65536
9004,65536
9005,2490384
9006,256
9007,0
9008,65554
9009,65536
9010,0
9012,0
9032,128
9033,262544
9034,65536
9035,65536
9036,763363648
9052,0
9053,589824
9055,0
9056,0
9057,0
9058,65568
9059,65568
9060,65568
9061,262400
9062,65568
9063,262400
9064,65568
9065,65568
9066,262400
9067,262400
9068,65568
9069,262400
9070,65568
9071,262400
9072,65568
9073,262400
9074,65568
9075,262400
9076,64
9077,192
9078,192
9079,0
9080,328724
9081,589824
9082,0
9084,0
9092,65664
9093,320
9095,0
9096,256
9097,0
9098,192
9099,192
9100,192
9101,192
9102,192
9103,192
9104,192
9105,192
9106,192
9107,192
9108,192
9109,192
9110,192
9111,192
9112,192
9113,192
9114,192
9115,192
9116,192
9117,192
9118,192
9119,192
9120,192
9121,192
9122,192
9123,192
9124,192
9125,192
9127,256
9128,327696
9132,192
9133,262224
9134,262224
9135,384
9136,192
9137,192
9138,192
9139,192
9140,192
9141,192
9142,192
9143,65536
9144,256
9145,65568
9146,65568
9147,65568
9148,65568
9149,65568
9150,262400
9151,262400
9152,262400
9153,262400
9154,262400
9155,262400
9156,0
9157,256
9159,1073741824
9160,192
9161,0
9162,2048
9163,0
9172,65792
9173,256
9174,262160
9175,262144
9176,0
9177,402653440
9178,0
9179,0
9192,327680
9193,65568
9194,65568
9195,65568
9196,65568
9197,65568
9198,65568
9199,65536
9200,65808
9201,65568
9202,65568
9204,384
9205,464
9206,65568
9207,65568
9208,65568
9209,262400
9210,262400
9211,262400
9212,262400
9213,262400
9214,262400
9215,262400
9216,262400
9217,262400
9218,262400
9219,262400
9220,33882112
9221,0
9222,0
9223,0
9224,0
9232,0
9233,192
9234,65536
9235,134217728
9252,0
9253,0
9256,537985024
9257,327680
9258,192
9259,192
9260,192
9261,192
9262,192
9263,192
9264,192
9265,192
9266,192
9267,192
9268,256
9269,65568
9270,262400
9271,65568
9272,262400
9273,65568
9274,262400
9275,65536
9276,80
9292,64
9293,64
9294,192
9295,192
9296,192
9297,192
9298,192
9299,192
9300,192
9301,192
9302,192
9303,192
9304,192
9305,192
9306,192
9307,192
9308,192
9309,192
9310,192
9311,192
9312,192
9313,192
9314,192
9315,192
9316,192
9317,192
9318,192
9319,192
9320,192
9321,192
9322,192
9323,192
9324,192
9325,192
9326,192
9327,192
9328,192
9329,192
9330,192
9331,192
9332,192
9333,192
9334,192
9335,192
9336,192
9337,262336
9338,262336
9339,262336
9340,262336
9341,262336
9342,192
9343,192
9344,192
9345,192
9346,192
9347,8390912
9348,64
9349,64
9350,64
9351,64
9352,64
9353,64
9354,64
9355,64
9356,64
9357,192
9358,192
9359,192
9360,192
9361,192
9372,384
9373,1114112
9392,192
9393,192
9394,192
9395,192
9396,192
9397,192
9398,192
9399,192
9400,192
9401,192
9402,192
9403,192
9404,192
9405,192
9406,192
9407,192
9408,192
9409,192
9410,192
9411,192
9412,192
9413,192
9414,192
9415,192
9416,192
9417,192
9433,65536
9435,0
9436,0
9437,384
9438,537198592
9439,256
9440,262400
9452,464
9453,464
9454,603979776
9455,0
9456,0
9457,0
9458,16
9459,0
9460,64
9461,256
9462,0
9463,80
9464,80
9472,65536
9473,65536
9474,65536
9475,262400
9476,262400
9477,262400
9478,0
9481,589824
9482,0
9483,4784144
9484,1074855936
9485,1074855936
9486,262400
9487,589824
9488,589824
9489,268435472
9490,262160
9491,262400
9492,262160
9493,262160
9494,262400
9495,262400
9512,671088640
9513,65568
9514,262400
9515,0
9532,589824
9552,65536
9572,33554560
9573,65536
9574,0
9575,0
9576,67108864
9577,65792
9578,327680
9579,327680
9580,262400
9581,262400
9582,256
9583,256
9584,256
9586,256
9587,269549568
9590,262224
9591,589824
9592,327680
9593,262400
9594,0
9595,0
9596,262400
9612,262160
9613,589824
9614,2048
9615,150995328
9616,65536
9617,320
9632,262160
9633,262160
9634,327696
9635,80
9636,16
9653,268435472
9654,589824
9657,0
9658,0
9672,589824
9712,65536
9733,0
9734,589824
9735,134217728
9736,135528448
9737,0
9738,256
9739,589824
9740,169148432
9741,327696
9743,0
9744,256
9745,1044
9746,262400
9747,262160
9748,262400
9749,65536
9750,65536
9751,262400
9752,262160
9753,262400
9754,262160
9755,262400
9756,65536
9757,262400
9758,65536
9759,262400
9760,192
9761,192
9762,192
9763,192
9764,192
9765,192
9766,192
9767,192
9768,192
9769,80
9770,0
9771,591872
9772,256
9773,65792
9774,0
9775,2064
9776,0
9777,65536
9778,64
9779,65792
9781,0
9782,0
9783,0
9784,0
9785,65552
9786,256
9787,65552
9788,65552
9789,256
9790,256
9791,263184
9793,128
9794,65536
9795,256
9796,0
9797,128
9798,2064
9799,464
9800,0
9801,0
9806,0
9808,128
9810,256
9811,65584
9812,262400
9813,65584
9814,65584
9815,262400
9817,262400
9818,65584
9819,262400
9820,65584
9821,262160
9822,262400
9823,2490384
9824,0
9825,256
9826,0
9827,2490384
9828,256
9829,262160
9830,262160
9831,262400
9832,262400
9833,65536
9834,65536
9835,65536
9836,262400
9837,262400
9838,262400
9839,65536
9840,65536
9841,65536
9842,262400
9843,262400
9844,262400
9845,262160
9846,262160
9847,262400
9848,262400
9849,262160
9850,262160
9851,262400
9852,1073840128
9853,1073840128
9854,262400
9855,262400
9856,65536
9857,65536
9858,65536
9859,262400
9860,262400
9861,262400
9862,65536
9863,65536
9864,262400
9865,262400
9866,2490384
9867,2490384
9868,256
9869,256
9870,262160
9871,262160
9872,262400
9873,262400
9874,0
9875,65536
9876,65536
9877,262400
9878,262400
9879,0
9880,1044
9881,1044
9882,262400
9883,262400
9884,65536
9885,65536
9886,262400
9887,262400
9888,65536
9889,65536
9890,262400
9891,262400
9892,262160
9893,262400
9894,262160
9895,262400
9896,262160
9897,262400
9898,262160
9899,262400
9900,262144
9901,65536
9902,262400
9903,262144
9904,262160
9905,262400
9906,16
9907,65536
9908,262160
9909,262400
9910,65536
9911,262400
9912,65536
9913,437518352
9914,262400
9915,1073807360
9916,65584
9917,262400
9918,65584
9920,65584
9921,65584
9922,262400
9924,262400
9925,262400
9926,65584
9927,262400
9928,65584
9929,262400
9930,327680
9931,65584
9932,262400
9933,65584
9934,262400
9935,65584
9936,262400
9937,65584
9938,262400
9939,65584
9940,262400
9941,336
9942,65584
9943,336
9944,262400
9945,65584
9946,262400
9949,0
9950,65584
9951,262400
9952,65584
9953,262400
9954,65584
9955,262400
9956,262160
9957,65584
9958,262400
9959,65584
9960,262400
9961,65584
9962,262400
9964,65584
9965,262400
9966,65584
9967,262400
9968,65584
9969,262400
9970,65584
9971,262400
9972,65584
9973,262400
9974,65584
9976,327680
9977,0
9978,262400
9979,65584
9980,65584
9981,262400
9982,262400
9983,65584
9984,262400
9985,65584
9986,65584
9987,65584
9988,262400
9989,262400
9990,262400
9991,75497472
9992,0
9993,65584
9994,262400
9995,65584
9996,262400
9997,65584
9998,0
9999,0
10000,262400
10001,65584
10002,262400
10003,65584
10004,262400
10005,65584
10006,262400
10007,65584
10008,262400
10009,65584
10010,262400
10011,65584
10012,262400
10013,65584
10014,262400
10015,65584
10016,262400
10017,65792
10018,65536
10019,262400
10020,262400
10021,336
10022,336
10032,16
10052,0
10053,65536
10054,65536
10055,262400
10056,262400
10057,0
10058,0
10059,268501248
10060,327680
10061,16
10072,8388608
10073,537133056
10074,336
10092,2064
10093,0
10094,0
10095,464
10096,67108864
10097,65584
10098,65584
10099,262400
10100,262400
10101,16
10113,256
10132,0
10134,67108864
10136,0
10137,0
10138,65536
10139,65536
10140,65536
10141,262400
10142,262400
10143,262400
10144,65536
10145,65536
10146,262400
10147,262400
10148,65536
10149,65536
10150,65536
10151,65536
10152,262400
10153,262400
10154,262400
10155,262400
10156,65536
10157,65536
10158,262400
10159,65536
10160,65536
10161,65536
10162,262400
10163,262400
10164,262400
10165,65536
10166,65536
10167,262400
10168,262400
10169,65536
10170,65536
10171,262400
10172,262400
10173,65536
10174,65536
10175,262400
10176,262400
10177,65536
10178,262400
10179,65536
10180,65536
10181,65536
10182,262400
10183,262400
10184,262400
10185,65536
10186,65536
10187,65536
10188,262400
10189,262400
10190,262400
10191,65536
10192,65536
10193,65536
10194,262400
10195,262400
10196,262400
10197,65536
10198,262400
10199,65536
10200,262400
10201,65536
10202,65536
10203,262400
10204,262400
10205,65536
10206,65536
10207,65536
10208,262400
10209,262400
10210,262400
10211,536936704
10212,536936704
10213,262400
10214,262400
10215,65536
10216,65536
10217,262400
10218,262400
10219,65536
10220,65536
10221,262400
10222,262400
10223,65536
10224,262400
10225,65536
10226,262400
10227,262400
10228,269549568
10229,262400
10230,1073807360
10231,262400
10232,65536
10233,262400
10234,1074855936
10235,262400
10236,134480144
10237,262400
10238,134480144
10239,262400
10240,134480144
10241,134480144
10242,134480144
10244,262400
10245,262400
10246,262400
10247,0
10248,65680
10249,256
10250,402653440
10251,262160
10252,0
10253,65792
10254,400
10255,272
10256,402653440
10257,402653440
10258,0
10259,256
10260,65536
10263,142606720
10264,400
10265,150995200
10266,327936
10267,65792
10268,256
10269,151322624
10270,151322624
10271,262400
10272,262400
10273,65536
10274,65536
10275,151322624
10276,262400
10277,4784146
10278,327680
10279,262400
10280,327680
10281,327680
10282,256
10283,256
10284,151322624
10285,151322624
10286,151322624
10287,262400
10288,262400
10289,262400
10290,151322624
10291,151322624
10292,151322624
10293,151322624
10294,262400
10295,262400
10296,262400
10297,262400
10298,151322624
10299,151322624
10300,151322624
10301,151322624
10302,262400
10303,262400
10304,262400
10305,262400
10306,151322624
10307,262400
10308,327680
10309,262400
10310,327680
10311,262400
10312,327680
10313,327680
10314,327680
10315,262400
10316,262400
10317,262400
10318,65536
10319,65536
10320,256
10321,262400
10322,268435456
10323,262400
10324,268435456
10325,262400
10326,1073807360
10327,262400
10328,65536
10329,65536
10330,262400
10331,262400
10332,328708
10333,328708
10334,262400
10335,262400
10336,327680
10337,327680
10338,262400
10339,262400
10340,0
10341,16
10342,256
10343,262400
10344,0
10345,65536
10346,4718608
10347,400
10348,0
10351,0
10368,262144
10369,0
10370,16
10371,0
10372,16
10373,0
10374,327696
10387,256
10388,0
10389,256
10390,256
10391,65536
10392,65536
10393,262400
10394,262400
10395,65536
10396,65536
10397,262400
10398,262400
10399,328192
10400,262272
10401,262400
10402,262400
10403,320
10404,320
10405,320
10406,65536
10407,65536
10408,65536
10409,262400
10410,262400
10411,262400
10412,327680
10413,327680
10414,327680
10415,262400
10416,262400
10417,262400
10418,0
10419,65536
10420,65536
10421,262400
10422,262400
10423,256
10424,256
10425,320
10426,320
10427,65536
10428,65536
10429,262400
10430,262400
10431,327680
10432,327680
10433,262400
10434,262400
10435,0
10436,0
10437,65536
10438,65536
10439,262400
10440,262400
10441,320
10442,65536
10443,262400
10444,262144
10445,262400
10446,262400
10447,327680
10448,327680
10449,262400
10450,262400
10451,256
10452,0
10454,763363584
10455,16
10456,328192
10457,262400
10458,0
10459,256
10460,64
10461,64
10462,65536
10463,65536
10464,262400
10465,262400
10466,65536
10467,65536
10468,65536
10469,262400
10470,262400
10471,262400
10472,327680
10473,327680
10474,262400
10475,262400
10476,320
10477,320
10478,65536
10479,65536
10480,262400
10481,262400
10482,65568
10484,1
10485,262400
10486,328192
10487,65568
10488,262400
10490,65568
10491,64
10492,262400
10493,64
10494,64
10495,65536
10496,65536
10497,65536
10499,65568
10500,262400
10507,65824
10508,262400
10509,65824
10510,262400
10511,65824
10512,262400
10513,262400
10514,262400
10515,262400
10516,65824
10517,262400
10518,65824
10519,262400
10520,65824
10521,256
10522,262400
10523,262400
10524,320
10525,65824
10526,65536
10527,262400
10528,262400
10529,65824
10530,262400
10531,65824
10532,262400
10533,65824
10534,320
10535,320
10536,262400
10537,65536
10538,65536
10540,262400
10541,262400
10542,65824
10543,262400
10544,65824
10545,262400
10546,65824
10547,262400
10548,65824
10549,262400
10550,65824
10551,262400
10552,65824
10553,262400
10554,65824
10555,262400
10556,65824
10557,262400
10558,65824
10559,262400
10560,65824
10561,262400
10562,65824
10563,262400
10564,65824
10565,262400
10566,65824
10567,262400
10568,65824
10569,262400
10570,65824
10571,262400
10572,65824
10573,262400
10574,65824
10575,262400
10576,327696
10577,0
10578,0
10579,0
10580,0
10581,0
10582,448
10583,448
10584,448
10585,65536
10586,65536
10587,65536
10588,262400
10589,262400
10590,262400
10591,327680
10592,327680
10593,262400
10594,262400
10595,65536
10596,320
10597,262400
10598,320
10599,320
10600,65536
10601,65536
10602,262400
10603,262400
10604,384
10605,65536
10607,256
10608,1
10609,320
10610,1
10611,256
10612,320
10613,65536
10614,65536
10615,262400
10616,262400
10617,256
10618,671088640
10619,65824
10620,262400
10621,65824
10622,65536
10623,65536
10624,262400
10625,262400
10626,320
10627,65536
10628,262400
10629,262400
10630,65824
10631,262400
10632,65824
10633,262400
10647,65824
10648,262400
10650,65824
10651,0
10652,262400
10653,0
10654,0
10655,262400
10656,65552
10657,256
10658,65552
10659,256
10660,65552
10661,256
10662,65552
10663,256
10664,262400
10665,0
10666,0
10667,0
10668,0
10669,0
10670,0
10671,0
10672,0
10673,272
10674,272
10675,272
10676,272
10677,272
10678,272
10679,272
10680,272
10681,272
10682,272
10683,272
10684,272
10685,272
10686,272
10687,272
10688,272
10689,0
10690,0
10691,0
10692,0
10693,0
10694,0
10695,272
10696,272
10697,272
10698,272
10699,272
10700,272
10701,272
10702,272
10703,272
10704,272
10705,272
10706,272
10707,272
10708,272
10709,272
10710,272
10711,272
10712,272
10713,272
10714,272
10715,272
10716,272
10717,272
10718,272
10719,272
10720,272
10721,272
10722,268435456
10723,0
10727,80
10729,0
10730,0
10731,128
10732,262160
10733,65536
10734,65536
10737,400
10738,65792
10747,0
10767,0
10768,16
10769,256
10770,0
10771,0
10772,0
10787,269582608
10788,269582608
10789,269582608
10790,269582608
10792,269582608
10793,269582608
10794,256
10795,269582608
10796,269582608
10797,65536
10798,269582608
10799,269582608
10800,269582352
10801,269582352
10802,286359568
10803,286359568
10804,286359568
10805,256
10807,256
10828,256
10829,384
10830,400
10831,0
10832,0
10833,0
10834,256
10835,256
10836,256
10837,0
10838,16
10839,16
10840,32
10841,32
10842,262144
10843,262400
10844,32
10845,262400
10846,16
10847,262400
10848,256
10849,128
10850,268435472
10851,263184
10852,0
10853,0
10854,536870912
10855,67584
10856,67176448
10857,536871168
10858,0
10859,0
10860,0
10861,16777424
10863,262400
10864,0
10865,0
10866,0
10867,0
10868,2496
10869,0
10870,0
10872,384
10873,269582608
10874,65536
10875,65536
10876,65536
10877,262400
10878,262400
10879,262400
10880,268500992
10881,268500992
10882,262400
10883,262400
10884,65536
10885,65536
10886,262400
10887,327696
10888,327680
10889,262400
10890,327680
10891,262400
10892,327680
10893,262144
10894,327680
10895,262400
10896,262400
10897,262400
10898,327680
10899,327680
10900,327680
10901,327680
10902,262400
10903,262400
10904,262400
10905,262400
10906,16777424
10907,16777424
10908,262400
10909,67174400
10910,262400
10911,1075118080
10912,1075118080
10913,262400
10914,262400
10915,65536
10916,65536
10917,65536
10918,262400
10919,262400
10920,262400
10921,262400
10927,65536
10928,65536
10929,65536
10930,262400
10931,262400
10932,262400
10933,65536
10934,65536
10935,262400
10936,262400
10937,65536
10938,65536
10939,262400
10940,262400
10941,327680
10942,327680
10943,262400
10944,262400
10945,65536
10946,65536
10947,65536
10948,262400
10949,262400
10950,262400
10951,65536
10952,65536
10953,65536
10954,262400
10955,1074855936
10956,262400
10957,65536
10958,65536
10959,262400
10960,65536
10961,65536
10962,262400
10963,65536
10964,65536
10965,65536
10966,16
10967,327696
10968,262160
10969,269582608
10987,0
11007,671088896
11008,671088896
11009,671088896
11010,0
11011,320
11012,256
11013,262416
11014,65536
11015,16
11016,16
11017,65536
11018,8388864
11019,0
11020,0
11021,589824
11023,8388864
11024,0
11025,262400
11026,262400
11027,0
11048,256
11067,256
11068,262352
11069,262608
11070,464
11071,464
11078,464
11080,464
11082,65536
11083,262352
11084,327680
11085,65536
11086,0
11087,64
11088,256
11089,67371264
11094,262352
11095,448
11100,464
11103,464
11108,262352
11113,65536
11115,464
11119,464
11120,464
11124,464
11129,33816832
11130,16
11131,65536
11132,262400
11147,448
11151,464
11160,448
11165,464
11170,464
11175,262352
11180,262352
11185,464
11189,208
11190,262352
11195,0
11196,603979776
11197,327696
11198,327696
11199,262400
11200,262400
11201,0
11202,65552
11203,262400
11204,262400
11205,262400
11206,256
11207,464
11209,0
11210,464
11213,464
11222,464
11232,464
11237,464
11242,464
11247,262352
11252,262352
11255,464
11262,262352
11264,1073807360
11267,2555920
11268,2555920
11269,2555920
11270,256
11271,256
11272,256
11273,327696
11274,327696
11275,327696
11276,262400
11277,262400
11278,262400
11279,327696
11280,327696
11281,327696
11282,256
11283,256
11284,256
11285,1376272
11286,1376272
11287,262400
11288,262400
11289,2555920
11290,2555920
11291,262400
11292,262400
11293,327696
11294,327696
11295,262400
11296,262400
11297,1077346320
11298,262400
11299,327696
11300,327696
11301,262400
11302,262400
11303,327696
11304,262400
11305,65552
11306,65536
11307,65536
11308,65920
11309,65920
11310,65600
11311,65600
11312,65600
11313,65600
11314,65536
11315,65536
11316,262400
11317,262400
11318,262416
11319,671088640
11327,169148688
11328,671088640
11329,169148688
11330,671088640
11331,671088640
11332,671088640
11333,671088640
11334,671088640
11335,0
11336,0
11337,0
11338,65552
11339,65552
11340,65552
11341,65568
11342,65568
11343,65568
11344,262400
11345,262400
11346,262400
11348,671088640
11349,671088640
11350,671088640
11351,262144
11352,0
11353,0
11354,0
11355,65552
11356,65552
11357,65568
11358,65568
11359,134217728
11360,262400
11361,262400
11362,256
11363,671088640
11364,671088640
11365,134283520
11366,65536
11367,464
11368,464
11369,464
11370,464
11371,65536
11372,0
11374,67371008
11387,671088640
11389,134480144
11390,671088640
11391,65792
11392,269484032
11393,671088640
11394,671088640
11395,671088640
11396,671088640
11397,262162
11398,0
11399,65552
11400,65568
11401,262400
11402,0
11403,65536
11404,671088640
11405,671088640
11406,134479872
11407,134480144
11409,256
11410,786432
11411,0
11412,0
11413,2281701632
11414,2281701632
11415,2281701632
11416,268501248
11417,268501248
11418,268501248
11419,268501248
11420,268501248
11421,262400
11422,262400
11423,262400
11424,262400
11425,262400
11426,327680
11427,262164
11428,262160
11430,851984
11431,589824
11433,589824
11434,65792
11435,0
11436,65536
11437,65792
11438,0
11440,0
11441,80
11442,16
11443,65536
11444,1074855936
11445,327680
11446,538247168
11447,65568
11448,65568
11449,65568
11450,65568
11451,65568
11452,65568
11453,65568
11454,65568
11456,65568
11457,65568
11458,65568
11459,65568
11460,65568
11461,65568
11462,0
11463,0
11464,65568
11465,65568
11466,65568
11467,65568
11468,65568
11469,0
11470,0
11471,0
11472,65568
11473,65568
11474,671088640
11475,256
11476,65568
11477,65568
11478,65568
11479,671088672
11480,671088672
11481,256
11482,262400
11483,262400
11484,262400
11485,0
11486,262400
11487,0
11488,262400
11490,262400
11491,262400
11492,262400
11493,262400
11494,262400
11495,262400
11496,262400
11497,262400
11498,262400
11499,262400
11500,262400
11501,262400
11503,262400
11504,272
11505,262400
11506,262400
11507,262400
11508,262400
11509,262400
11510,262400
11511,384
11512,0
11513,256
11515,65792
11518,0
11519,262400
11520,262400
11521,0
11522,262400
11523,256
11524,0
11525,0
11526,0
11527,0
11528,0
11529,262400
11530,262400
11531,262400
11532,262400
11533,262400
11534,256
11535,65792
11536,262400
11537,0
11538,589824
11539,0
11540,0
11541,0
11542,0
11543,0
11544,0
11545,0
11547,0
11548,0
11549,327696
11550,327696
11551,327696
11552,262400
11553,262400
11554,327696
11555,327696
11556,327696
11557,262400
11558,262400
11559,262400
11560,327696
11561,327696
11562,262400
11563,262400
11564,327700
11565,327700
11566,327700
11567,327700
11568,0
11570,262400
11571,262400
11572,327696
11573,327696
11574,327696
11575,262400
11576,262400
11577,262400
11578,805634064
11579,262400
11580,327696
11581,327696
11582,262400
11583,262400
11584,2424848
11585,2424848
11586,262400
11587,262400
11588,327696
11589,327696
11590,327696
11591,0
11592,545259904
11593,0
11594,262400
11595,262400
11596,327696
11597,327696
11598,262400
11599,262400
11600,327696
11601,327696
11602,262400
11603,262400
11604,327696
11605,327696
11606,262400
11607,262400
11608,327700
11609,327700
11610,256
11611,65552
11612,256
11629,671088896
11630,738197760
11631,738197760
11632,256
11633,256
11634,256
11635,256
11636,256
11637,256
11638,67108864
11639,851968
11640,589824
11641,65536
11642,589824
11643,65584
11644,262400
11645,256
11647,327680
11649,65536
11650,16
11651,256
11652,256
11654,256
11655,262608
11657,0
11658,0
11659,65536
11660,65536
11661,65536
11662,262400
11663,262400
11664,262400
11665,65536
11666,262400
11667,65536
11668,65536
11669,262400
11670,262400
11671,65536
11672,65536
11673,256
11674,256
11675,65537
11676,262400
11677,65536
11678,65536
11679,256
11680,256
11681,0
11682,0
11683,65536
11684,65536
11685,256
11686,256
11687,65536
11688,65536
11689,65536
11690,262400
11691,262400
11692,262400
11693,65536
11694,65536
11695,65536
11696,262400
11697,262400
11698,262400
11699,65536
11700,65536
11701,262400
11702,262400
11703,65536
11704,65536
11705,262400
11706,262400
11707,65536
11708,65536
11709,262400
11710,262400
11711,65536
11712,65536
11713,65536
11714,262400
11715,262400
11716,262400
11717,65536
11718,262400
11719,65536
11720,262400
11721,65536
11722,65536
11723,262400
11724,262400
11725,1073807360
11726,1073807360
11727,262400
11728,262400
11729,65536
11730,65536
11731,262400
11732,0
11733,65536
11734,65536
11735,65536
11736,262400
11737,262400
11738,262400
11739,65536
11740,65536
11741,262400
11742,262400
11743,65536
11755,256
11756,384
11757,256
11758,256
11759,256
11760,256
11761,256
11762,65536
11763,65536
11764,262400
11765,262400
11766,65536
11767,65536
11768,262400
11769,262400
11770,65536
11771,65536
11772,262400
11773,262400
11774,0
11775,0
11776,262400
11777,262400
11778,262160
11779,262160
11780,262160
11781,262400
11782,262400
11783,262400
11784,262144
11785,262144
11786,262400
11787,262400
11788,256
11789,64
11790,0
11791,262144
11792,65792
11794,256
11795,256
11796,256
11797,256
11798,0
11799,256
11800,256
11801,256
11802,0
11803,256
11804,256
11815,262160
11816,256
11817,384
11818,336
11819,256
11820,0
11821,537133056
11822,256
11823,256
11824,851968
11825,851968
11826,2432
11828,65536
11829,589824
11830,464
11831,1074331648
11835,851968
11836,0
11837,262164
11838,464
11839,589824
11840,384
11841,262144
11855,256
11876,262160
11877,256
11878,256
11879,65536
11884,0
11885,256
11886,256
11887,256
11888,256
11889,256
11890,0
11891,0
11892,67108864
11893,0
11894,0
11895,65536
11898,16
11899,0
11900,0
11901,262224
11902,16
11903,671088640
11904,256
11918,786432
11919,80
11920,384
11921,589824
11922,1074331648
11923,65584
11939,268500992
11958,327680
11959,80
11960,0
11961,464
11962,589824
11963,65536
11964,464
11966,2512
11968,262144
11969,589824
11970,589824
11971,327696
11972,851984
11974,327680
11975,589824
11976,327700
11977,851984
11978,327696
11980,65536
11981,589824
11983,16
11984,80
11985,589824
11986,589824
11988,589824
11989,589824
11990,65536
11992,262208
11993,128
11994,256
11998,851988
12001,0
12002,464
12018,0
12019,192
12020,0
12021,0
12022,151257088
12023,16
12024,0
12038,464
12039,589824
12040,327680
12042,327680
12043,33882112
12044,65568
12045,65568
12046,65568
12047,65568
12048,65568
12049,65568
12050,65568
12051,65536
12052,65568
12053,65568
12054,851984
12055,65568
12056,65568
12057,327700
12058,589824
12059,65568
12060,65568
12061,65568
12062,65568
12063,65568
12064,65568
12065,65568
12066,65568
12067,65568
12068,65568
12069,65568
12070,65568
12071,65568
12072,65568
12073,65568
12074,65568
12075,65568
12076,65568
12077,65568
12078,65568
12079,65568
12080,65568
12081,65568
12082,65568
12083,65568
12084,65568
12085,65568
12086,65568
12087,65568
12088,65568
12089,65568
12090,65568
12091,65568
12092,65568
12093,65568
12094,464
12095,0
12096,1073807360
12097,263184
12098,1074855936
12099,64
12100,262400
12101,262400
12102,262400
12103,262400
12104,262400
12105,262400
12106,262400
12109,262400
12110,262400
12111,262400
12112,262400
12113,262400
12114,262400
12115,262400
12116,262400
12117,262400
12118,262400
12119,262400
12120,262400
12121,262400
12122,262400
12123,262400
12124,262400
12125,262400
12126,262400
12127,262400
12128,262400
12129,262400
12130,262400
12131,262400
12132,262400
12133,262400
12134,256
12135,262400
12136,262400
12137,262400
12138,262400
12139,0
12140,262400
12141,262400
12142,262400
12143,262400
12145,262400
12146,262400
12147,262400
12148,262400
12149,262400
12150,262400
12151,0
12158,0
12159,0
12160,589824
12161,20
12162,262544
12163,262352
12165,464
12166,328720
12167,589824
12168,256
12169,327696
12170,327696
12171,262400
12172,262400
12173,262400
12174,65536
12175,65536
12176,65536
12177,65536
12178,65536
12179,65536
12180,65552
12181,256
12182,262400
12183,262400
12184,262400
12185,262400
12186,262400
12187,16
12188,0
12189,0
12198,65554
12199,0
12218,256
12241,201326848
12242,201328896
12243,272
12244,256
12245,16
12246,2112
12248,65536
12250,0
12251,786432
12252,16
12253,65792
12254,80
12255,16
12256,64
12257,2048
12258,0
12259,65584
12260,65584
12261,262400
12278,0
12279,0
12280,65536
12281,464
12282,262608
12283,256
12284,464
12285,262608
12286,262608
12287,464
12288,262352
12289,464
12290,464
12292,262160
12294,327696
12295,464
12296,262352
12297,464
12298,464
12299,464
12300,262352
12301,262352
12302,464
12303,464
12304,65792
12307,262352
12308,464
12310,464
12311,464
12312,262352
12313,464
12317,262352
12318,464
12319,262336
12320,464
12321,464
12322,464
12323,327696
12324,464
12325,262352
12326,262352
12327,262352
12328,201588752
12329,464
12330,464
12331,327696
12332,256
12338,262608
12339,262608
12340,262608
12341,262608
12342,464
12343,464
12344,464
12345,262400
12346,0
12347,256
12348,0
12349,262352
12350,262352
12351,262352
12352,262352
12353,464
12354,65536
12355,8388608
12357,464
12358,464
12359,464
12360,464
12378,464
12379,64
12380,402653440
12398,464
12399,464
12400,464
12418,262224
12419,65536
12420,268435472
12421,65536
12438,262160
12458,0
12459,0
12460,0
12461,263184
12463,464
12464,464
12466,589824
12467,464
12468,589824
12469,464
12470,589824
12471,589824
12472,327680
12473,464
12475,464
12479,2304
12480,67108864
12483,67109120
12484,256
12485,256
12486,256
12487,464
12488,464
12489,262352
12490,262352
12491,589824
12492,589824
12493,65536
12494,8388608
12495,402653456
12496,464
12497,464
12498,464
12499,464
12500,464
12501,464
12502,464
12503,464
12504,0
12505,65536
12506,0
12507,464
12508,402653568
12509,209717504
12510,209715456
12511,256
12512,256
12518,448
12519,448
12520,201326848
12521,201328896
12522,65536
12523,65536
12524,65536
12525,65536
12526,65536
12527,65536
12528,0
12529,65600
12530,0
12531,0
12533,0
12534,65536
12535,464
12536,327680
12537,0
12538,20
12539,80
12540,1376272
12541,0
12542,1073807360
12543,65536
12544,33619968
12545,0
12546,464
12548,851968
12549,589824
12550,33882112
12551,1078001682
12552,464
12553,851968
12554,256
12555,327696
12556,66000
12557,589824
12559,262160
12560,262224
12561,671088640
12562,65536
12564,256
12565,16
12566,268533776
12567,98560
12568,98560
12569,262352
12570,262352
12571,262352
12573,262352
12574,464
12575,464
12576,464
12577,464
12578,256
12579,8388608
12580,262352
12584,65824
12585,65824
12586,65824
12587,65824
12589,65824
12590,65824
12591,65824
12592,464
12593,464
12594,65824
12595,65824
12596,65824
12597,65824
12598,464
12599,65824
12600,262352
12601,262352
12602,262352
12603,65824
12604,262352
12605,262352
12606,262352
12607,65824
12608,262144
12609,65568
12610,262400
12611,589824
12612,16
12613,0
12614,65824
12615,65824
12616,65824
12617,65824
12618,65824
12619,65824
12620,65824
12621,65824
12622,65824
12623,402653184
12624,65824
12625,524288
12626,524288
12627,16
12628,262400
12629,262400
12630,262400
12631,262400
12632,262400
12633,262400
12634,262400
12635,262400
12636,262400
12637,262400
12638,262400
12639,0
12640,262400
12641,262400
12642,16
12643,262400
12644,262400
12645,262400
12646,262400
12647,262400
12648,262400
12649,262400
12650,262400
12651,262400
12652,262400
12653,262400
12654,8388608
12655,256
12656,65552
12657,256
12658,262608
12659,262608
12660,400
12663,262608
12664,262608
12665,464
12666,464
12667,0
12668,464
12670,400
12671,400
12672,464
12674,1074331648
12675,589824
12676,464
12677,464
12678,464
12679,464
12680,262224
12681,262352
12682,262352
12683,262400
12684,268435472
12685,327680
12686,0
12687,262224
12688,262400
12689,262352
12690,262352
12691,262224
12692,262400
12693,65536
12694,256
12695,0
12696,0
12697,262608
12699,16777216
12700,262608
12701,464
12702,464
12703,464
12704,464
12705,0
12706,262400
12707,262352
12708,262352
12709,256
12710,256
12711,262352
12712,262352
12713,262352
12714,262352
12715,65568
12716,65568
12717,65568
12718,65568
12719,65824
12720,65568
12721,16
12722,65568
12723,262160
12724,464
12725,464
12726,464
12727,464
12728,256
12730,67109264
12731,16
12732,134479936
12733,16
12734,524308
12735,0
12736,0
12737,589824
12738,65536
12739,589824
12740,16
12741,65536
12742,589824
12743,2512
12744,262144
12745,589824
12746,268500992
12747,1074331648
12748,1074331648
12749,33554560
12750,464
12751,464
12752,464
12753,464
12754,65568
12755,65568
12758,65568
12759,65568
12760,65824
12761,464
12762,464
12763,464
12764,464
12765,464
12766,0
12767,262400
12768,262400
12769,262400
12770,262400
12771,262400
12772,262400
12773,262400
12774,134217984
12775,262400
12776,262400
12777,262400
12778,262400
12779,262400
12780,262400
12781,262608
12782,64
12783,262608
12784,262608
12785,262608
12787,262224
12788,464
12789,464
12790,0
12791,464
12792,464
12795,262160
12796,384
12797,464
12798,67108864
12799,464
12800,464
12802,256
12803,262352
12804,464
12805,256
12806,256
12807,464
12808,256
12809,327696
12810,464
12811,464
12812,464
12813,464
12814,464
12815,464
12816,256
12818,262352
12821,262400
12822,192
12823,192
12824,1074855936
12825,1074855936
12826,1074855936
12827,262400
12828,262400
12829,262400
12830,464
12831,464
12832,464
12833,464
12834,464
12835,464
12836,464
12837,464
12838,464
12839,464
12840,464
12841,464
12842,464
12843,327696
12844,384
12845,269549568
12846,464
12847,464
12848,464
12849,464
12850,262544
12851,0
12852,464
12853,464
12854,262608
12855,464
12856,464
12857,464
12858,464
12860,464
12861,464
12862,464
12863,262352
12864,262352
12865,262352
12866,262352
12867,464
12868,262544
12871,16
12872,448
12873,448
12874,448
12875,448
12876,464
12877,464
12878,464
12879,464
12880,0
12881,256
12882,0
12883,268501008
12884,0
12885,256
12886,262352
12887,16
12888,0
12889,0
12890,1073807360
12891,0
12894,262400
12895,65568
12896,192
12897,65824
12898,384
12899,65824
12900,65824
12901,262400
12902,65824
12903,65824
12904,65568
12905,65568
12906,65568
12907,65568
12908,65568
12909,262400
12910,262400
12911,262400
12912,262400
12913,262400
12914,262400
12915,262400
12916,262400
12917,262400
12918,262400
12919,262400
12938,0
12939,400
12941,67109120
12942,67109120
12943,67109120
12944,262352
12945,262352
12946,16
12947,80
12948,256
12949,256
12950,464
12952,464
12953,464
12954,262352
12956,134218176
12957,262352
12958,464
12959,262352
12960,262352
12961,262352
12962,262352
12963,464
12964,262160
12966,262144
12967,262144
12968,262144
12969,262144
12970,262144
12971,262336
12972,262336
12973,262336
12974,262336
12975,262160
12976,0
12980,256
12981,192
12982,464
12983,464
12984,464
12985,464
12998,0
12999,464
13000,464
13001,464
13002,464
13003,67108864
13004,67108864
13005,327680
13006,67108864
13007,327680
13008,134545408
13009,16
13010,67108864
13011,262400
13012,262400
13013,263184
13014,262400
13015,262400
13016,262400
13017,262400
13018,65536
13019,65536
13020,65536
13021,65536
13022,8388864
13023,262400
13024,262400
13025,262400
13026,262400
13027,262400
13028,65568
13029,262400
13030,262400
13031,327680
13032,327680
13033,327680
13034,327680
13035,327680
13036,327680
13037,262400
13038,262400
13039,262400
13040,262400
13041,262400
13042,262400
13043,262352
13044,256
13045,262352
13046,262352
13047,262352
13048,262352
13049,0
13058,262352
13059,262352
13078,464
13099,0
13119,1073741824
13120,0
13138,0
13139,384
13140,589824
13141,0
13142,256
13143,65792
13158,67109120
13159,329728
13160,262400
13161,327680
13162,262400
13163,327680
13164,262400
13165,327680
13166,128
13167,150995392
13168,262160
13169,262400
13180,268435456
13181,0
13183,2048
13184,0
13198,192
13218,0
13219,65552
13220,65568
13221,262400
13222,0
13223,0
13224,0
13225,65552
13226,65552
13227,65552
13228,65568
13229,65568
13230,65568
13231,262400
13232,262400
13233,262400
13234,0
13235,67174400
13236,402653440
13237,0
13238,0
13239,0
13240,65568
13241,0
13258,262288
13259,0
13260,262608
13261,0
13262,272
13278,0
13279,0
13280,0
13281,851968
13298,786432
13299,80
13318,262144
13319,0
13320,448
13321,589824
13322,589824
13323,1074855936
13325,256
13326,65536
13327,1312784
13338,0
13339,589824
13340,589824
13341,589824
13342,589824
13358,464
13360,68419840
13361,0
13362,0
13363,192
13364,192
13365,192
13366,192
13368,192
13369,192
13370,192
13371,192
13372,192
13373,262400
13374,589824
13375,589824
13376,262144
13377,2512
13378,65536
13380,65536
13381,589824
13382,589824
13383,192
13384,192
13385,192
13386,192
13387,192
13388,192
13389,192
13390,192
13391,262400
13392,262400
13393,262400
13398,4784146
13399,0
13418,131200
13419,65536
13420,262400
13421,65536
13422,262400
13424,65536
13438,65536
13439,65536
13440,65536
13441,0
13442,0
13443,851984
13444,327696
13445,851984
13446,327700
13459,67108864
13461,256
13462,192
13463,0
13464,65536
13465,262400
13466,0
13478,65792
13479,0
13480,65536
13481,0
13482,65536
13483,448
13484,65792
13485,65536
13486,16
13487,0
13488,67109120
13489,0
13490,0
13491,327696
13492,192
13493,536870912
13494,0
13495,0
13496,0
13497,0
13498,0
13499,262400
13500,192
13501,65536
13502,262400
13503,65536
13504,262400
13518,262144
13519,65536
13520,256
13522,65536
13523,192
13524,0
13525,262400
13526,0
13527,65536
13528,0
13529,65536
13530,0
13531,262400
13532,0
13533,0
13534,65536
13535,256
13536,65536
13537,262400
13538,65536
13539,262400
13540,402653440
13541,0
13542,65536
13543,65536
13544,65536
13545,256
13546,256
13547,256
13548,272
13549,65538
13550,65538
13551,65538
13552,65538
13553,65538
13554,65538
13555,65538
13556,262400
13557,262400
13558,262400
13559,262400
13560,262400
13561,262400
13562,262400
13563,16
13564,65792
13565,65792
13566,0
13567,384
13578,0
13579,1376272
13582,262160
13583,0
13584,327700
13585,33882112
13586,0
13587,192
13589,327680
13590,192
13591,192
13592,192
13593,192
13594,192
13595,192
13596,192
13597,192
13598,192
13599,192
13601,192
13602,192
13603,192
13604,192
13605,192
13606,192
13607,65536
13608,851984
13609,262400
13611,192
13612,65536
13613,262400
13614,192
13615,192
13616,80
13617,65536
13618,262400
13619,32768
13620,65536
13621,262400
13622,65536
13623,262400
13624,192
13625,192
13626,65536
13627,262400
13628,65536
13629,262400
13630,256
13631,65536
13632,0
13633,0
13634,262400
13635,65536
13636,262400
13637,65536
13638,262400
13639,192
13640,65536
13641,262400
13642,65536
13643,262400
13644,65536
13645,262400
13646,65536
13647,262400
13648,65536
13649,262400
13650,192
13651,192
13652,192
13653,65536
13654,262400
13655,65536
13656,262400
13657,65536
13658,262400
13659,65536
13660,262400
13661,65536
13662,262400
13663,65536
13664,192
13665,192
13666,262400
13667,192
13668,192
13669,192
13670,192
13671,192
13672,192
13673,192
13674,192
13675,192
13676,192
13677,192
13678,192
13679,448
13680,448
13681,448
13682,192
13687,65536
13688,262400
13689,65536
13690,192
13691,262400
13692,262144
13693,65536
13694,262400
13695,65536
13696,262400
13697,192
13698,65536
13699,262400
13700,65536
13701,262400
13702,65536
13703,262400
13704,327680
13705,448
13706,464
13707,464
13709,464
13710,464
13711,1312784
13712,464
13713,464
13714,0
13715,464
13716,0
13727,256
13728,851968
13729,851968
13730,327696
13732,464
13733,464
13735,192
13736,327696
13737,327696
13738,851984
13739,0
13740,0
13741,464
13742,464
13743,464
13744,0
13745,589824
13746,65536
13747,65536
13748,589824
13749,262400
13750,65552
13752,65536
13754,464
13767,464
13787,33619968
13788,464
13789,464
13790,464
13791,464
13792,464
13793,464
13794,65536
13795,268500992
13796,192
13797,0
13798,262400
13799,262400
13800,464
13801,464
13802,464
13803,464
13804,464
13805,464
13806,464
13807,464
13808,65536
13809,268500992
13810,0
13811,262400
13812,0
13813,268500992
13814,262400
13815,65536
13816,262400
13817,65536
13818,262400
13819,269582336
13820,262400
13821,16
13822,65536
13823,192
13824,192
13825,192
13826,192
13827,192
13828,192
13829,262400
13830,192
13831,192
13832,448
13835,537198976
13836,65536
13837,262400
13838,192
13839,192
13840,131264
13841,65536
13842,262400
13843,448
13844,448
13845,448
13846,65536
13847,67436560
13848,464
13849,464
13850,262400
13851,464
13852,464
13853,464
13854,464
13855,464
13856,464
13857,589824
13858,65536
13859,464
13860,851968
13861,262400
13862,192
13863,464
13864,65536
13865,464
13866,464
13867,464
13868,65536
13869,262400
13872,464
13874,537198592
13875,464
13876,464
13877,262160
13878,589824
13879,320
13880,16
13881,192
13882,65536
13883,262400
13884,786432
13886,80
13887,65536
13888,262400
13889,192
13890,65536
13891,262400
13895,0
13896,327680
13897,0
13898,65536
13899,0
13900,65536
13901,589824
13902,327680
13903,327680
13904,262400
13905,65536
13906,262400
13907,0
13908,65536
13909,256
13910,256
13912,33554688
13913,33554560
13914,0
13915,65536
13916,262400
13917,65536
13918,192
13919,262400
13920,65552
13921,256
13922,192
13923,192
13927,192
13928,192
13930,192
13931,65536
13932,262400
13933,65536
13934,262400
13935,65536
13936,262400
13937,65536
13938,262400
13939,65536
13940,262400
13941,65536
13942,262400
13943,65536
13944,262400
13945,65536
13946,262400
13947,65536
13948,65536
13949,262400
13950,262400
13951,65536
13952,589824
13953,328708
13954,256
13958,464
13959,192
13960,464
13961,464
13962,464
13963,464
13964,464
13965,0
13966,464
13967,464
13968,464
13969,464
13970,464
13971,464
13972,464
13973,464
13974,464
13975,464
13976,464
13977,16
13978,384
13979,464
13980,464
13981,464
13982,256
13983,448
13987,192
14008,268435856
14027,192
14030,851984
14032,851968
14033,589824
14034,589824
14047,192
14048,192
14049,192
14050,384
14051,192
14052,192
14053,0
14054,192
14055,192
14056,192
14057,464
14058,464
14059,464
14060,464
14061,464
14062,464
14063,464
14064,464
14065,464
14066,464
14067,464
14068,464
14069,464
14070,448
14071,448
14072,464
14073,464
14074,464
14075,464
14076,464
14077,464
14078,464
14079,464
14080,464
14081,464
14082,464
14083,464
14084,464
14085,464
14087,262144
14088,464
14089,192
14091,464
14092,464
14093,128
14094,464
14095,464
14097,192
14098,192
14099,16
14100,16
14102,327700
14103,0
14104,80
14105,0
14106,65536
14108,2112
14109,65536
14110,786432
14111,80
14112,263184
14113,464
14114,464
14115,464
14116,464
14117,464
14118,262144
14119,65536
14120,327696
14121,192
14122,65536
14124,192
14125,65792
14126,0
14127,192
14128,464
14129,327680
14130,65552
14132,464
14133,80
14134,262144
14135,464
14136,464
14137,464
14138,464
14139,464
14140,464
14141,464
14142,464
14143,0
14144,464
14145,589824
14146,0
14147,0
14148,464
14149,0
14150,464
14151,0
14152,464
14153,0
14154,464
14155,0
14156,464
14157,16
14158,464
14159,464
14160,464
14161,464
14162,464
14163,464
14164,464
14165,464
14166,464
14167,464
14168,448
14169,448
14170,464
14171,464
14172,464
14173,464
14174,464
14175,464
14176,464
14177,33882128
14178,2112
14179,464
14180,16
14181,0
14183,327696
14185,262160
14186,464
14189,16
14190,464
14193,464
14194,464
14195,464
14198,192
14199,0
14200,524288
14201,0
14202,0
14203,0
14204,0
14205,16
14206,16
14207,0
14208,256
14209,0
14210,0
14227,0
14247,0
14248,192
14249,192
14250,256
14251,327696
14252,256
14253,67584
14254,192
14255,464
14256,464
14257,464
14258,464
14259,464
14260,328708
14261,328708
14262,328708
14263,328708
14264,328708
14265,328708
14266,328708
14267,327680
14268,327680
14269,327680
14270,327680
14271,327680
14272,1376256
14273,1376256
14274,65538
14275,65538
14276,65538
14277,65538
14278,327696
14279,65538
14280,65538
14281,65538
14282,65538
14283,65538
14284,65538
14285,65538
14286,65538
14287,65538
14288,65538
14289,65538
14290,65538
14291,256
14292,0
14293,65536
14294,65538
14295,65538
14296,65538
14297,589824
14298,0
14299,0
14300,0
14301,0
14302,268500992
14303,268500992
14304,268500992
14305,268500992
14307,256
14308,1073741824
14309,1073741824
14310,268500992
14311,268500992
14313,256
14314,0
14315,0
14316,268500992
14317,268500992
14318,327680
14319,327680
14320,327680
14321,327680
14322,327680
14323,67174400
14324,67174400
14325,67174400
14326,1073807360
14327,1073807360
14329,256
14330,192
14331,851984
14332,262400
14333,262400
14334,262400
14335,262400
14336,262400
14337,262400
14338,262400
14339,262400
14340,262400
14341,262400
14342,262400
14343,262400
14344,262400
14345,262400
14346,262400
14347,262400
14348,262400
14349,262400
14350,262400
14351,262400
14352,262400
14353,262400
14354,262400
14355,262400
14356,262400
14357,262400
14358,262400
14359,262400
14360,262400
14361,262400
14362,262400
14363,256
14364,262400
14365,262400
14366,262400
14367,262400
14368,262400
14369,192
14370,262400
14371,192
14372,262400
14373,262400
14374,262400
14375,262400
14376,262400
14377,262400
14378,262400
14379,65584
14380,65584
14381,262400
14382,262400
14383,192
14384,192
14385,192
14386,192
14387,192
14388,192
14389,192
14390,192
14391,192
14392,192
14393,192
14394,192
14395,192
14396,192
14397,192
14398,192
14399,192
14400,192
14401,192
14402,192
14403,192
14404,192
14405,192
14406,192
14407,192
14408,192
14409,192
14410,192
14411,192
14412,192
14413,192
14414,192
14415,192
14416,192
14417,192
14418,192
14419,192
14420,192
14421,192
14422,192
14423,192
14424,192
14425,192
14426,192
14427,192
14428,192
14429,192
14430,192
14431,262400
14432,262400
14433,192
14434,262400
14435,192
14436,192
14437,192
14438,192
14439,192
14440,192
14441,192
14442,192
14443,65538
14444,192
14445,262400
14446,262400
14447,192
14448,192
14449,192
14450,192
14451,192
14452,192
14453,192
14454,192
14455,192
14456,192
14457,192
14458,192
14459,192
14460,192
14461,192
14462,192
14463,192
14464,192
14465,192
14466,192
14467,192
14468,192
14469,192
14470,192
14471,192
14472,192
14473,192
14474,192
14475,192
14476,192
14477,192
14478,192
14479,192
14480,192
14481,192
14482,192
14483,192
14484,192
14485,192
14486,192
14487,192
14488,192
14489,192
14490,192
14491,192
14492,192
14493,192
14494,192
14495,192
14496,192
14497,192
14498,192
14499,192
14500,192
14501,192
14502,192
14503,192
14504,192
14505,192
14506,192
14507,192
14508,192
14509,192
14510,192
14511,192
14512,192
14514,65536
14515,1310720
14516,327700
14517,327680
14518,327680
14520,464
14521,464
14522,464
14523,464
14524,262352
14525,262352
14526,262352
14527,262352
14528,262352
14529,327680
14530,262144
14531,464
14532,327696
14533,327696
14534,327696
14535,327696
14537,0
14538,327696
14539,327696
14540,192
14541,192
14542,192
14543,192
14544,192
14545,192
14546,192
14547,192
14548,192
14549,192
14550,192
14551,192
14552,192
14553,192
14554,192
14555,192
14556,192
14557,192
14558,192
14559,192
14560,192
14561,192
14562,192
14563,192
14564,192
14565,192
14566,192
14567,192
14568,192
14569,192
14570,192
14571,192
14572,192
14573,192
14574,192
14575,192
14576,192
14577,192
14578,192
14579,192
14580,192
14581,192
14582,192
14583,192
14584,192
14585,192
14586,192
14587,192
14588,192
14589,192
14590,192
14591,192
14592,192
14593,192
14594,192
14595,192
14596,192
14597,192
14598,192
14599,192
14600,192
14601,192
14602,192
14603,192
14604,192
14605,192
14606,192
14607,192
14608,192
14609,192
14610,192
14611,192
14612,192
14613,192
14614,192
14615,192
14616,192
14617,192
14618,192
14619,192
14620,192
14621,1141964800
14622,192
14623,192
14624,192
14625,192
14626,192
14627,192
14628,192
14629,192
14630,192
14631,192
14632,192
14633,192
14634,192
14635,192
14636,192
14637,192
14638,192
14639,192
14640,192
14641,192
14642,0
14643,192
14644,192
14645,192
14646,192
14647,192
14648,192
14649,192
14650,192
14651,192
14652,192
14653,192
14654,192
14655,192
14656,192
14657,192
14658,192
14659,192
14660,192
14661,192
14662,192
14663,192
14664,192
14665,192
14666,192
14667,192
14668,192
14669,192
14670,192
14671,192
14672,192
14673,192
14674,192
14675,192
14676,192
14677,192
14678,192
14679,192
14680,192
14681,192
14682,192
14683,192
14684,192
14685,192
14686,192
14687,192
14688,192
14689,192
14690,192
14691,192
14692,192
14693,192
14694,192
14695,192
14696,192
14697,192
14698,192
14699,192
14700,192
14701,192
14702,192
14703,192
14704,192
14705,192
14706,192
14707,192
14708,192
14709,192
14710,192
14711,192
14712,192
14713,192
14714,192
14715,192
14716,192
14717,192
14718,192
14719,192
14720,192
14721,192
14722,192
14723,192
14724,192
14725,192
14726,192
14727,192
14728,192
14729,192
14730,192
14731,192
14732,192
14733,192
14734,192
14735,192
14736,192
14737,192
14738,192
14739,192
14740,192
14741,192
14742,192
14743,0
14744,0
14746,448
14747,448
14748,464
14749,464
14750,448
14751,33882112
14752,65536
14767,464
14768,464
14769,464
14770,448
14771,448
14772,448
14773,448
14774,464
14775,272
14776,464
14777,464
14778,464
14779,464
14780,464
14781,464
14782,464
14783,464
14784,464
14785,464
14786,464
14787,464
14788,464
14789,464
14790,464
14791,464
14792,786432
14793,192
14794,192
14795,0
14796,2112
14797,65552
14798,192
14799,192
14801,256
14802,256
14803,192
14804,256
14805,262400
14806,256
14807,65536
14808,262400
14809,65536
14810,65536
14811,262400
14812,262400
14813,0
14814,0
14815,464
14816,0
14817,192
14818,65536
14819,65536
14820,262400
14821,128
14822,262160
14823,128
14824,65728
14825,65728
14826,65728
14827,65728
14828,65728
14829,65728
14847,65536
14867,256
14868,589824
14869,80
14870,16
14871,65536
14872,262160
14873,327696
14874,851984
14875,589824
14887,589824
14888,384
14889,448
14890,536870912
14891,65584
14892,448
14893,0
14894,262400
14895,2424848
14897,65554
14898,464
14899,0
14900,589824
14901,464
14902,458768
14903,851984
14904,464
14905,448
14907,1074331648
14908,464
14909,464
14910,448
14911,448
14912,464
14913,448
14914,65536
14915,142606720
14916,65536
14917,65536
14918,65536
14919,65536
14920,65536
14921,65536
14922,262400
14923,262400
14924,262400
14925,262400
14926,262400
14927,262400
14928,0
14929,0
14930,65568
14931,262400
14932,65568
14933,262400
14934,192
14935,192
14936,192
14937,192
14938,192
14939,192
14940,192
14941,192
14942,192
14943,192
14944,192
14945,192
14946,192
14947,192
14948,192
14949,192
14950,192
14951,192
14952,192
14953,192
14954,192
14955,192
14956,192
14957,192
14958,192
14959,192
14960,192
14961,192
14962,192
14963,192
14964,192
14965,192
14966,192
14967,192
14968,192
14969,192
14970,192
14971,192
14972,192
14973,192
14974,192
14975,192
14976,192
14977,192
14978,192
14979,192
14980,192
14981,192
14982,192
14983,464
14984,192
14985,192
14986,192
14987,192
14988,192
14989,192
14990,192
14991,192
14992,192
14993,192
14994,192
14995,192
15007,746586368
15008,448
15009,448
15010,448
15011,448
15012,448
15013,464
15014,464
15015,464
15016,464
15017,464
15018,448
15019,448
15020,464
15022,448
15024,464
15025,464
15026,464
15027,464
15028,464
15029,464
15030,464
15031,464
15033,256
15034,448
15035,320
15036,256
15037,524288
15038,65536
15039,851968
15040,589824
15041,589824
15042,0
15043,589824
15044,589824
15047,262352
15048,272
15049,272
15050,256
15051,0
15052,262352
15053,262352
15054,1074003984
15055,1074003984
15056,0
15057,0
15058,464
15059,464
15060,464
15061,262160
15062,327696
15063,1074331648
15064,384
15065,0
15066,268435456
15067,16
15068,65536
15087,65552
15088,262352
15089,851968
15090,65536
15091,589824
15092,16
15093,400
15094,400
15095,589824
15096,851968
15097,262480
15107,65536
15108,320
15109,320
15110,320
15111,65536
15112,65536
15113,262400
15114,0
15115,262400
15116,262400
15117,589824
15118,268435472
15119,268435472
15120,256
15122,0
15123,0
15124,589824
15125,0
15126,0
15127,448
15128,0
15147,262400
15148,262400
15149,262400
15150,262400
15151,262400
15167,262144
15187,0
15207,65536
15208,65536
15209,262400
15210,262400
15211,0
15227,0
15228,589824
15229,65536
15230,589824
15231,65536
15232,589824
15233,0
15234,589824
15235,262144
15236,851968
15237,65536
15238,589824
15239,65536
15241,589824
15242,589824
15243,589824
15244,589824
15245,589824
15247,256
15248,327700
15249,4718608
15250,0
15252,256
15253,589824
15254,589824
15255,65824
15256,262400
15257,448
15258,0
15259,464
15260,448
15261,65536
15262,65536
15263,65536
15264,65536
15265,65536
15266,65536
15267,65536
15268,464
15269,0
15270,464
15271,0
15272,448
15273,448
15274,448
15275,448
15276,65792
15277,329728
15278,524288
15279,65536
15280,0
15281,256
15282,128
15283,0
15284,262164
15285,589824
15286,0
15288,65536
15290,134217728
15292,65584
15293,65584
15294,65584
15295,65584
15296,65584
15297,262400
15298,262400
15299,262400
15301,262400
15302,262400
15303,0
15304,0
15305,589824
15306,851968
15307,464
15308,464
15309,464
15310,464
15311,448
15312,448
15313,448
15314,448
15316,448
15317,448
15318,448
15320,448
15321,448
15322,448
15323,464
15324,464
15325,464
15326,464
15327,448
15328,448
15329,448
15330,448
15331,448
15332,448
15333,448
15334,448
15335,464
15336,464
15337,464
15338,464
15340,256
15341,0
15342,256
15343,256
15344,256
15345,128
15346,329728
15347,524288
15349,464
15350,0
15351,0
15352,0
15353,0
15354,464
15355,464
15356,464
15357,0
15359,0
15360,0
15361,0
15362,448
15363,448
15364,448
15365,448
15366,65552
15367,192
15388,128
15389,256
15390,128
15391,256
15392,464
15393,128
15394,256
15396,128
15397,256
15398,0
15399,128
15400,256
15401,128
15402,256
15403,128
15404,256
15405,128
15406,256
15407,65536
15408,128
15427,256
15428,128
15429,256
15430,65536
15431,65536
15432,65536
15433,65536
15434,262400
15435,262400
15436,262400
15437,128
15438,448
15439,256
15440,128
15441,256
15442,128
15444,256
15445,128
15446,256
15447,128
15448,464
15449,256
15450,464
15451,589824
15452,262400
15453,589824
15454,262400
15455,262400
15456,128
15457,262400
15458,256
15459,262400
15460,262400
15461,128
15462,128
15463,256
15464,192
15465,192
15466,192
15467,192
15468,192
15470,0
15471,16
15472,589824
15473,33882112
15474,16
15475,262160
15487,65536
15488,128
15489,128
15490,256
15491,384
15493,589824
15494,0
15495,18
15496,262164
15497,589824
15498,589824
15499,851968
15500,851968
15501,851968
15502,327696
15503,786448
15504,786448
15505,589824
15506,80
15507,33882112
15508,192
15509,464
15529,2048
15530,589824
15531,1074331648
15532,1074331648
15533,272
15534,1074855936
15535,1073807360
15536,589824
15537,589824
15538,0
15539,0
15547,4718610
15548,65536
15549,524288
15550,16
15567,128
15568,128
15569,128
15570,589824
15571,67108864
15572,327696
15573,80
15574,589824
15575,589824
15576,262160
15577,262160
15578,262160
15579,262164
15580,327700
15581,327696
15582,327700
15583,851984
15584,262164
15585,589824
15586,589824
15587,851968
15588,65536
15589,262160
15590,192
15591,256
15592,0
15593,262160
15594,64
15595,0
15596,65536
15597,262400
15598,0
15599,192
15600,64
15601,0
15602,0
15603,64
15604,0
15605,851968
15607,4784146
15608,20
15609,851984
15610,327696
15611,589840
15612,589840
15613,262164
15614,327696
15615,327696
15616,851968
15617,327700
15618,262164
15619,4784146
15620,4718610
15621,262164
15622,262164
15623,262164
15627,256
15628,65568
15629,65538
15630,65538
15631,65538
15632,65538
15633,65568
15634,262400
15635,262400
15636,262160
15637,262400
15638,262400
15639,262400
15640,262400
15641,262224
15642,262416
15643,262160
15644,448
15646,262144
15647,256
15648,272
15649,384
15650,464
15651,262544
15652,327700
15653,589824
15654,851968
15655,327696
15656,327696
15657,327700
15658,256
15659,589824
15660,256
15661,589824
15662,65536
15663,262164
15664,524304
15665,589824
15666,192
15667,327696
15668,589824
15687,192
15688,192
15689,192
15690,464
15691,327696
15692,327696
15693,192
15694,192
15695,0
15696,192
15697,134545728
15698,256
15699,256
15700,671088640
15701,134217728
15702,256
15708,327696
15709,448
15710,0
15711,0
15712,2048
15713,536871184
15714,192
15715,192
15716,262160
15717,192
15727,262160
15728,0
15729,65536
15730,2048
15731,16
15732,589824
15733,80
15734,0
15735,65792
15736,589824
15737,256
15739,256
15740,256
15741,256
15742,256
15743,0
15744,589824
15745,0
15746,0
15748,65792
15749,16
15750,256
15752,256
15753,262400
15754,262164
15755,262400
15756,262400
15757,262400
15758,192
15759,192
15760,192
15761,192
15762,192
15763,192
15764,192
15765,192
15766,192
15767,192
15768,192
15769,192
15770,192
15771,192
15772,192
15773,192
15774,192
15775,192
15776,192
15777,192
15778,192
15779,269582608
15780,269582608
15781,269582608
15782,256
15783,65536
15784,65536
15785,589824
15786,65536
15787,589824
15788,589824
15789,65600
15790,65792
15791,589824
15792,0
15793,20
15794,0
15795,4784146
15797,589840
15798,589824
15799,589824
15800,65536
15801,589824
15802,0
15804,192
15805,192
15806,192
15807,192
15808,192
15809,192
15810,192
15811,192
15812,192
15813,192
15814,192
15815,192
15816,192
15817,192
15818,192
15819,192
15820,192
15821,192
15822,68222976
15823,192
15824,192
15825,192
15826,192
15827,192
15828,192
15829,192
15830,192
15831,192
15832,192
15833,65568
15834,262400
15847,0
15848,262160
15849,66000
15850,16
15851,0
15852,256
15853,65568
15854,262400
15855,65568
15856,65568
15857,262400
15858,262400
15859,1310720
15860,4784146
15861,65568
15862,262400
15863,65568
15864,262400
15865,65568
15866,262400
15867,65536
15869,0
15870,524288
15871,192
15872,262224
15873,192
15874,192
15875,192
15876,2112
15877,192
15878,16
15879,192
15880,192
15881,192
15882,192
15883,192
15884,192
15885,192
15886,192
15887,192
15888,192
15889,192
15890,192
15891,192
15892,192
15893,192
15894,192
15895,192
15896,192
15897,192
15898,192
15899,192
15900,192
15901,192
15902,192
15903,192
15904,192
15905,192
15906,65568
15907,192
15908,262400
15909,192
15910,65568
15911,262400
15912,192
15913,192
15914,192
15915,65568
15916,192
15917,192
15918,262400
15919,192
15920,192
15921,192
15922,192
15923,192
15924,192
15925,192
15926,192
15927,192
15928,192
15929,192
15930,192
15931,192
15933,65568
15934,262400
15935,65568
15936,262400
15937,192
15938,192
15939,192
15940,192
15941,192
15942,192
15943,192
15944,192
15945,192
15946,192
15947,192
15948,192
15949,192
15950,192
15951,192
15952,192
15953,192
15954,192
15955,192
15956,192
15957,192
15958,0
15967,192
15968,786448
15969,786448
15970,1074855936
15971,262160
15972,65584
15973,65584
15974,262400
15975,262400
15976,851984
15978,336
15979,589824
15980,589824
15981,589824
15982,589824
15983,262400
15984,262400
15985,262400
15986,262400
15987,262400
15988,262400
15989,262400
15990,262400
15991,262400
15992,262400
15993,256
15994,262400
15995,262400
15996,262400
15997,262400
15998,256
15999,16
16000,4784146
16001,4784146
16002,0
16003,128
16004,0
16005,65536
16006,589824
16007,128
16027,0
16028,65792
16029,0
16031,256
16032,384
16033,589824
16034,851968
16035,464
16036,464
16037,0
16038,464
16039,464
16040,464
16041,464
16043,464
16044,262164
16045,0
16046,589824
16047,256
16048,272
16049,256
16050,65536
16051,256
16052,272
16053,1376256
16054,0
16055,269582608
16056,269582608
16057,256
16058,269582608
16059,269582608
16060,269582608
16067,0
16068,256
16069,256
16070,589824
16071,0
16072,268435728
16073,268435728
16074,0
16075,0
16076,448
16077,268435728
16078,0
16079,589824
16080,269582608
16081,269582608
16082,269582608
16083,269582608
16084,269582608
16085,464
16086,464
16088,464
16089,464
16090,464
16092,464
16093,142606720
16094,786448
16095,851984
16096,20
16097,65536
16098,0
16099,786448
16100,4718610
16101,589824
16102,589824
16103,0
16104,16
16105,464
16106,464
16107,464
16108,464
16109,464
16110,464
16111,464
16112,464
16113,464
16114,464
16115,464
16116,464
16117,464
16118,464
16119,464
16120,464
16121,80
16122,268697616
16123,464
16127,464
16128,524288
16129,464
16130,464
16131,464
16132,464
16133,464
16134,272
16135,272
16136,0
16138,262144
16139,0
16140,464
16141,16
16142,80
16143,16
16144,589824
16145,327696
16146,2112
16147,65552
16153,65584
16154,262400
16156,464
16157,464
16158,464
16159,464
16160,464
16161,464
16162,464
16163,464
16164,464
16166,33816576
16167,256
16168,0
16169,262164
16170,0
16171,327696
16172,263184
16173,464
16176,464
16177,0
16178,464
16179,464
16180,464
16181,464
16182,464
16183,464
16184,464
16185,464
16186,16
16187,464
16188,33882112
16189,464
16190,65536
16191,64
16192,65600
16193,65792
16194,464
16195,0
16196,464
16197,0
16198,464
16199,464
16200,464
16201,464
16202,464
16203,464
16204,464
16205,464
16206,464
16207,464
16208,464
16209,464
16210,464
16211,464
16212,464
16213,464
16214,464
16215,464
16216,464
16217,464
16218,464
16219,464
16220,464
16221,464
16222,464
16223,464
16224,464
16225,464
16226,464
16227,464
16228,464
16229,464
16230,464
16231,65536
16232,464
16233,464
16234,464
16235,464
16236,0
16237,0
16238,0
16239,0
16240,464
16241,464
16242,464
16243,0
16244,327696
16245,256
16246,327680
16247,2064
16248,16
16249,589824
16250,589824
16251,464
16252,464
16253,464
16254,464
16255,464
16256,208
16257,0
16258,464
16259,464
16260,464
16261,464
16262,464
16263,464
16264,464
16265,464
16266,464
16268,159646096
16269,159646096
16271,464
16272,464
16273,464
16274,464
16277,0
16278,0
16279,0
16280,0
16281,208
16282,208
16283,208
16284,208
16285,464
16286,464
16287,464
16288,464
16289,464
16290,464
16291,464
16292,464
16293,464
16294,464
16295,464
16296,464
16297,464
16298,464
16299,464
16300,464
16301,464
16302,464
16303,464
16304,464
16305,464
16306,464
16307,464
16308,464
16309,464
16310,400
16311,128
16312,128
16313,128
16314,328192
16315,328192
16316,328192
16317,262400
16318,262400
16319,0
16320,134480272
16321,65792
16322,65792
16323,65792
16324,16
16325,262400
16326,262400
16327,65792
16328,0
16329,65792
16331,464
16332,0
16333,65552
16334,687865872
16335,687865872
16336,0
16337,0
16339,328192
16340,786448
16341,328192
16342,328192
16343,262400
16344,262400
16345,16
16346,524288
16347,262400
16348,262400
16349,0
16350,0
16351,0
16352,0
16353,0
16354,256
16355,328192
16356,328192
16357,262400
16358,262400
16359,524288
16361,1
16362,328192
16363,262400
16364,256
16365,256
16366,0
16367,589824
16368,262144
16369,400
16370,400
16371,400
16372,64
16373,0
16375,65536
16378,384
16379,256
16380,269549568
16381,256
16387,65536
16388,320
16389,262400
16390,65536
16391,0
16392,0
16393,262144
16394,262400
16395,464
16396,0
16397,464
16398,464
16399,464
16400,262144
16401,0
16402,0
16403,262144
16404,0
16405,16
16406,262144
16407,0
16408,65536
16409,65536
16410,65536
16411,0
16412,65536
16413,65536
16414,65536
16415,65536
16416,0
16418,65536
16419,589824
16420,272
16421,256
16423,464
16424,272
16426,256
16427,786432
16428,80
16429,65536
16430,1114112
16431,327680
16432,256
16433,16
16447,0
16448,327696
16449,327696
16450,16
16451,1073807360
16452,0
16453,256
16454,0
16455,0
16456,0
16457,272
16458,327696
16459,0
16460,327696
16461,327696
16462,464
16463,464
16464,464
16465,464
16466,464
16467,16
16468,0
16469,67108864
16470,0
16472,65536
16473,256
16474,0
16487,464
16488,16
16489,464
16490,16
16491,16
16492,464
16493,464
16494,464
16495,327700
16496,4718610
16497,65536
16498,0
16499,67109120
16502,0
16503,464
16504,464
16507,256
16508,327696
16509,851984
16510,256
16511,67436560
16513,464
16514,464
16515,464
16527,80
16528,0
16529,0
16530,80
16531,268435728
16532,256
16533,0
16534,272
16536,0
16537,65792
16538,464
16539,464
16540,464
16541,464
16542,464
16544,464
16546,464
16547,464
16548,256
16549,0
16550,262208
16551,0
16552,524304
16553,20
16554,524304
16555,0
16556,256
16557,256
16558,256
16559,0
16560,0
16561,589824
16562,256
16563,192
16564,589824
16565,589824
16566,67108864
16567,16
16568,524288
16569,65536
16570,589824
16572,65554
16573,524304
16574,336
16575,336
16576,16
16577,16
16578,464
16579,464
16580,464
16581,464
16582,464
16583,851968
16587,0
16588,589824
16589,671088640
16590,16
16591,671088640
16592,327680
16593,671088640
16594,65536
16595,671088640
16596,0
16597,0
16598,0
16599,0
16600,0
16601,0
16602,0
16603,65536
16604,256
16606,80
16608,0
16609,0
16610,0
16611,128
16612,0
16613,256
16614,0
16615,448
16616,134545728
16617,671088640
16618,0
16619,256
16620,192
16621,0
16622,262144
16623,0
16624,0
16627,65536
16628,65536
16629,67108864
16630,256
16631,256
16633,65792
16634,256
16635,589824
16636,16
16637,65536
16638,192
16639,65584
16640,65584
16641,65584
16642,65584
16643,65584
16644,65584
16645,65584
16646,65584
16647,65584
16648,65584
16649,65584
16650,65584
16651,65584
16652,65584
16653,65584
16654,65584
16655,65584
16656,65584
16657,65584
16658,65584
16659,65584
16660,65584
16661,65584
16662,65584
16663,65584
16664,65584
16665,65584
16666,536870912
16667,65584
16668,262400
16669,262400
16670,262400
16671,262400
16672,262400
16673,262400
16674,262400
16675,262400
16676,262400
16677,262400
16678,262400
16679,262400
16680,262400
16681,262400
16682,262400
16683,262400
16684,262400
16685,262400
16686,262400
16687,262400
16688,262400
16689,98304
16690,262400
16691,262400
16692,262400
16693,262400
16694,262400
16695,262400
16696,262400
16697,65536
16698,262400
16707,0
16708,0
16709,0
16710,8388864
16711,0
16712,67108864
16713,67109120
16714,2048
16715,0
16716,2048
16717,0
16718,192
16719,464
16720,464
16721,256
16722,0
16723,65554
16724,65584
16725,65584
16726,65584
16727,262160
16728,65584
16729,65584
16730,65584
16731,65584
16732,65584
16733,65536
16734,464
16735,464
16736,464
16737,464
16738,464
16739,0
16740,262160
16741,65584
16742,65584
16743,256
16744,65584
16745,65584
16746,65584
16747,262400
16748,262400
16749,262400
16750,262400
16751,262400
16752,262400
16753,262400
16754,262400
16755,262400
16756,65552
16757,464
16758,464
16759,262400
16760,262400
16761,262400
16762,262400
16763,464
16765,464
16766,464
16767,65554
16768,65554
16769,464
16770,464
16771,0
16772,65554
16773,464
16774,464
16775,65554
16776,65554
16777,65554
16778,65554
16779,65554
16780,65554
16781,256
16782,65536
16783,65536
16784,65536
16785,589824
16786,0
16787,256
16788,589824
16789,262160
16790,262160
16791,262160
16792,262480
16793,16
16794,272
16795,65536
16796,256
16798,1074855936
16799,589824
16800,80
16801,0
16803,589824
16804,851968
16805,2048
16806,0
16807,256
16809,272
16810,98304
16811,98304
16812,98304
16813,98304
16814,464
16815,464
16816,464
16817,464
16818,464
16819,464
16820,464
16821,464
16822,464
16823,464
16824,464
16825,464
16827,327696
16828,327696
16829,327696
16830,327696
16831,327696
16832,327696
16833,464
16834,464
16835,464
16836,464
16837,0
16838,262160
16839,464
16840,464
16841,464
16842,464
16843,0
16844,0
16845,464
16846,464
16847,464
16848,464
16849,464
16850,464
16855,16
16856,327696
16857,16
16858,464
16859,464
16860,464
16861,464
16862,464
16864,327680
16865,272
16866,524304
16867,0
16868,589824
16869,0
16870,262144
16871,0
16872,0
16873,65536
16874,65536
16875,65536
16876,65536
16877,65536
16878,65536
16880,464
16881,65536
16882,65536
16883,671088640
16884,671088640
16885,671088640
16886,0
16887,671088640
16888,671088640
16889,671088640
16890,671088640
16891,671088640
16892,671088640
16893,671088640
16894,671088640
16895,671088640
16896,464
16897,464
16898,0
16899,464
16900,464
16901,464
16902,464
16903,464
16904,464
16905,464
16906,464
16908,0
16909,464
16910,464
16911,464
16912,464
16913,464
16914,65536
16915,262272
16916,0
16918,464
16919,464
16920,464
16921,327680
16922,0
16923,464
16924,464
16925,464
16926,464
16927,0
16928,0
16929,464
16930,464
16931,464
16932,464
16933,464
16934,464
16935,464
16936,464
16937,464
16938,464
16939,0
16940,464
16941,464
16942,464
16943,464
16944,464
16945,464
16946,464
16947,464
16948,464
16949,464
16950,464
16951,464
16952,464
16953,16
16954,464
16955,464
16956,464
16957,464
16958,464
16959,0
16960,65584
16961,464
16962,464
16963,464
16964,464
16965,65584
16966,464
16967,65584
16968,464
16969,65584
16970,65584
16971,65584
16972,464
16973,65584
16974,464
16975,464
16976,464
16977,464
16978,65584
16979,537133072
16980,65584
16982,384
16983,65584
16984,65584
16985,65584
16986,65584
16987,65584
16988,65584
16989,268435728
16990,65584
16991,65584
16992,65584
16993,65584
16994,65584
16995,65584
16996,65792
16997,589824
16998,464
16999,464
17000,464
17001,464
17002,33232
17003,464
17004,464
17005,464
17006,464
17007,464
17008,65536
17009,0
17010,66000
17011,16
17012,65536
17013,0
17014,0
17015,65536
17016,268435728
17017,262400
17018,262400
17019,262400
17020,262400
17021,262400
17022,262400
17023,262400
17024,262400
17025,262400
17026,262400
17027,262400
17028,262400
17029,262400
17030,262400
17031,262400
17032,262400
17033,262400
17034,262400
17035,262400
17036,262400
17037,262400
17038,671088640
17039,65552
17040,65552
17041,65552
17042,256
17043,256
17044,256
17045,0
17047,384
17048,0
17050,464
17051,464
17052,8388880
17053,464
17054,464
17055,464
17056,464
17057,0
17058,464
17059,464
17060,464
17061,464
17063,464
17064,8388864
17065,464
17066,464
17067,464
17068,464
17069,464
17070,464
17071,464
17072,464
17073,464
17074,464
17075,464
17076,464
17077,464
17078,464
17079,464
17080,384
17081,384
17082,464
17083,384
17084,464
17085,256
17086,0
17087,0
17088,0
17089,0
17090,0
17091,0
17092,0
17093,0
17094,0
17095,0
17097,0
17098,464
17099,0
17100,464
17101,464
17102,464
17103,464
17104,464
17105,0
17106,464
17107,464
17108,464
17109,464
17110,464
17111,464
17112,464
17113,464
17114,464
17115,464
17116,33882112
17117,256
17118,464
17119,464
17120,464
17121,464
17122,464
17123,464
17124,464
17130,8388608
17131,256
17132,0
17133,0
17134,67108864
17135,256
17136,0
17137,589824
17138,589824
17139,327680
17140,589824
17141,589824
17142,589824
17143,328708
17144,65536
17145,589824
17146,851968
17147,851968
17148,327680
17149,851968
17150,65536
17151,0
17152,0
17153,262144
17154,65536
17155,65792
17156,20
17157,589840
17158,524304
17159,256
17160,256
17161,256
17162,0
17163,256
17164,268500992
17165,524288
17166,256
17167,256
17168,67111168
17169,16
17170,525328
17171,4784130
17172,0
17173,65536
17174,65538
17175,0
17176,65792
17177,1376256
17178,64
17179,65536
17180,65536
17181,65536
17182,262400
17183,262144
17184,262400
17186,256
17187,671088672
17188,262400
17189,0
17190,0
17191,464
17192,464
17193,464
17194,851968
17195,589824
17196,0
17197,0
17198,2424848
17199,65792
17200,256
17201,65536
17202,0
17203,589824
17204,16
17205,704643072
17206,262608
17207,327696
17208,262608
17209,262608
17210,262608
17211,262608
17212,262608
17213,65536
17214,262608
17215,262608
17216,262608
17217,262608
17218,262608
17219,262608
17220,262608
17221,262608
17222,262608
17223,262608
17224,128
17225,128
17226,128
17227,65536
17228,589824
17229,269582608
17230,263184
17231,0
17232,134545408
17233,327680
17234,851968
17235,16
17236,0
17237,0
17238,65536
17239,0
17240,0
17241,0
17242,0
17243,65536
17244,0
17245,464
17246,67109136
17247,464
17248,464
17249,464
17250,400
17251,384
17252,0
17253,327696
17254,262400
17255,327696
17256,327696
17257,327696
17258,327696
17259,327696
17260,327696
17261,327696
17262,262400
17263,262400
17264,262400
17265,262400
17266,262400
17267,262400
17268,262400
17269,0
17270,0
17271,256
17272,384
17273,589824
17274,589824
17275,0
17276,589824
17277,589824
17278,0
17279,0
17280,192
17281,327680
17282,2304
17283,0
17284,328708
17285,0
17286,327680
17287,851968
17288,327936
17289,851968
17290,589824
17291,0
17292,0
17293,0
17294,65536
17307,16
17308,262144
17310,256
17311,65536
17312,65536
17313,65536
17314,65536
17315,262144
17316,262400
17317,262400
17318,262400
17319,192
17320,192
17321,0
17322,464
17323,464
17324,192
17325,464
17327,384
17328,320
17329,98304
17330,262144
17331,0
17332,192
17333,0
17334,0
17347,67436560
17348,67436560
17350,448
17351,327680
17352,0
17353,4718610
17354,65536
17355,64
17356,65600
17357,65792
17358,65792
17359,65536
17360,64
17361,65600
17362,262400
17363,262400
17364,65536
17366,589824
17367,192
17368,65792
17369,192
17370,256
17371,192
17372,256
17373,262400
17374,262400
17375,262400
17376,262400
17387,16
17388,16
17389,16
17390,16
17391,16
17392,16
17393,589824
17394,262400
17395,262400
17396,262400
17397,262400
17398,272
17399,851968
17400,0
17401,65536
17402,65536
17403,262400
17404,262400
17405,1310720
17406,262272
17407,0
17408,256
17427,464
17428,464
17429,464
17430,0
17431,0
17432,65792
17433,262400
17434,589824
17435,589824
17436,262400
17437,262400
17438,262400
17439,851968
17441,0
17442,384
17443,262400
17445,263184
17446,0
17447,0
17448,0
17449,0
17450,269582608
17451,384
17452,384
17453,269582608
17454,269582608
17455,269582608
17456,269582608
17457,192
17458,269582608
17459,269582608
17460,269582608
17461,269582608
17462,269582608
17463,269582608
17464,269582608
17465,269582608
17466,262144
17467,0
17468,268501264
17469,268501264
17470,20
17471,536871168
17472,256
17473,256
17474,65536
17475,0
17476,0
17477,0
17478,0
17479,0
17480,0
17481,269582608
17482,192
17483,65536
17484,0
17485,464
17486,464
17487,464
17488,464
17489,464
17490,0
17491,134545728
17492,589824
17493,192
17494,0
17495,64
17496,0
17497,134545728
17498,262208
17499,0
17500,262144
17501,4194304
17503,589824
17504,262144
17505,0
17506,0
17507,448
17508,192
17509,65536
17510,0
17511,0
17512,0
17513,192
17527,65568
17528,134217728
17529,256
17530,671088640
17531,671088640
17533,0
17534,671088640
17535,671088640
17536,256
17537,671088640
17538,671088640
17539,671088640
17540,0
17543,671088640
17544,671088640
17545,671088640
17546,671088640
17547,327696
17548,671088640
17549,671088640
17550,134217728
17551,65568
17552,65568
17553,65568
17554,65568
17555,65568
17556,65568
17557,65568
17559,671088672
17560,671088672
17561,671088672
17562,671088672
17563,671088672
17564,671088672
17565,671088672
17566,671088672
17567,272
17568,134545728
17570,65568
17571,65568
17572,65568
17573,65568
17574,65568
17575,65568
17576,65568
17577,65568
17578,65568
17579,65568
17580,65568
17581,262400
17582,262400
17583,262400
17584,262400
17585,262400
17586,262400
17587,262400
17588,262400
17589,262400
17590,262400
17591,262400
17592,262400
17593,262400
17594,262400
17595,262400
17596,262400
17597,262400
17598,262400
17599,262400
17600,262400
17601,262400
17602,262400
17603,262400
17604,262400
17605,262400
17606,262400
17607,0
17608,0
17609,0
17610,0
17611,0
17612,128
17613,589824
17615,589824
17616,0
17617,192
17618,16
17619,16777488
17620,65536
17621,384
17622,320
17623,150995200
17624,262144
17625,134545728
17626,671088640
17627,671088640
17628,671088640
17629,671088640
17630,589824
17631,524288
17632,65568
17633,0
17634,65568
17635,65568
17636,65568
17637,65568
17638,65568
17639,0
17640,262400
17641,262400
17642,262400
17643,262400
17644,262400
17645,262400
17646,0
17647,0
17648,0
17649,0
17650,67108864
17651,0
17652,0
17653,0
17667,0
17668,384
17669,0
17670,16777488
17671,0
17672,256
17673,384
17674,448
17675,0
17676,0
17677,0
17678,0
17679,0
17680,256
17681,384
17682,65536
17683,384
17684,192
17685,262164
17686,16
17687,262144
17688,80
17689,0
17690,64
17691,75497728
17692,0
17694,256
17695,0
17697,262144
17698,536871168
17707,272
17708,272
17709,272
17710,262400
17711,262400
17712,0
17713,192
17715,65536
17716,0
17727,65536
17728,65536
17729,0
17730,0
17731,0
17732,262400
17733,262400
17734,0
17735,0
17736,262400
17737,192
17738,1074857984
17739,0
17740,65536
17741,65536
17742,16
17743,134217728
17744,142606592
17745,589824
17746,262352
17747,192
17748,0
17749,0
17750,0
17751,0
17752,0
17753,262400
17754,262400
17755,262400
17767,268435456
17768,192
17769,256
17770,256
17771,589824
17772,384
17773,0
17774,384
17775,256
17776,262400
17777,256
17778,464
17779,464
17780,464
17781,464
17782,464
17783,464
17784,464
17785,464
17786,464
17787,464
17788,464
17789,464
17790,464
17791,464
17792,464
17793,464
17794,8388608
17796,464
17797,8388608
17798,8388608
17799,8388608
17800,8388608
17801,464
17802,464
17803,464
17804,464
17805,464
17806,464
17807,464
17808,464
17809,0
17810,464
17811,464
17812,464
17813,464
17814,464
17815,464
17816,192
17818,192
17819,192
17820,16
17821,192
17822,192
17823,192
17824,192
17825,192
17826,192
17827,192
17828,192
17829,192
17830,192
17831,0
17832,192
17833,464
17834,464
17835,464
17836,464
17837,192
17838,192
17839,192
17840,192
17841,192
17842,192
17843,589824
17844,192
17845,192
17846,192
17847,192
17848,192
17849,192
17850,268435456
17851,268435456
17852,268435456
17853,268435456
17854,268435456
17855,262400
17856,262400
17857,262400
17859,262400
17860,262400
17862,65536
17863,0
17864,464
17865,262400
17866,192
17867,192
17868,192
17869,192
17870,192
17871,192
17872,192
17873,192
17874,192
17875,192
17876,192
17877,65536
17878,192
17879,192
17880,192
17881,192
17882,192
17883,589824
17884,192
17885,192
17886,192
17887,192
17889,192
17890,192
17891,192
17892,192
17893,192
17894,192
17895,192
17896,192
17897,192
17898,192
17899,192
17900,192
17901,192
17902,192
17903,192
17904,192
17905,192
17906,192
17907,192
17908,192
17909,192
17910,192
17911,192
17912,192
17913,192
17914,192
17915,192
17916,192
17917,464
17918,464
17919,65536
17920,65536
17921,65536
17922,65536
17923,65536
17924,65536
17925,65536
17926,65536
17927,464
17928,1073807360
17929,464
17930,464
17931,464
17932,464
17933,0
17934,0
17935,0
17936,256
17937,65536
17938,262400
17939,0
17940,256
17941,65536
17942,256
17943,0
17944,0
17945,64
17946,0
17947,64
17948,0
17949,64
17950,0
17951,65536
17952,65536
17953,65536
17954,464
17955,464
17956,464
17957,464
17958,464
17959,464
17960,0
17961,0
17962,65536
17963,327696
17967,262144
17987,192
17988,192
17989,192
17990,192
17991,192
17992,192
17993,192
17994,192
17995,192
17996,192
17997,192
17998,192
17999,192
18000,192
18001,192
18002,192
18003,192
18004,192
18005,192
18006,192
18007,192
18008,192
18009,192
18010,192
18011,192
18012,192
18013,192
18014,192
18015,192
18016,192
18017,192
18018,192
18019,192
18020,192
18021,192
18022,192
18023,192
18024,192
18025,192
18026,192
18027,192
18028,192
18029,192
18030,192
18031,192
18032,192
18033,192
18034,192
18035,192
18036,192
18037,192
18038,192
18039,192
18040,192
18041,192
18042,192
18043,192
18044,192
18045,192
18046,192
18047,192
18048,192
18049,192
18050,192
18052,192
18053,192
18054,192
18055,192
18056,192
18057,192
18058,192
18060,192
18061,192
18062,192
18063,192
18064,192
18065,192
18066,192
18067,192
18068,192
18069,192
18070,327696
18071,402653440
18072,16
18073,464
18074,192
18075,262144
18076,192
18077,262144
18078,262144
18079,192
18080,192
18081,65536
18082,65536
18083,0
18084,65536
18085,0
18086,0
18087,192
18088,0
18089,65536
18090,0
18091,0
18092,0
18093,0
18094,464
18095,464
18096,464
18097,192
18098,192
18099,1074331648
18100,33619968
18101,0
18103,262160
18104,65536
18105,65536
18106,262144
18107,0
18108,65536
18109,192
18110,256
18111,65536
18112,0
18113,256
18114,64
18115,256
18116,64
18118,8388608
18119,464
18120,464
18121,464
18122,464
18123,464
18124,402653440
18125,671088640
18126,464
18127,464
18128,464
18129,464
18130,464
18131,464
18132,464
18133,464
18134,464
18135,464
18136,464
18137,327680
18138,65536
18139,0
18140,402653440
18141,671088640
18142,0
18144,262164
18145,142606592
18146,65600
18147,262144
18148,2512
18149,2048
18150,0
18151,0
18152,16
18153,256
18154,262400
18155,262400
18156,262400
18157,262400
18158,262400
18159,0
18160,262400
18161,262400
18162,262400
18163,0
18164,589824
18165,589824
18166,0
18167,64
18169,262400
18170,262400
18171,262400
18172,67109120
18173,603981824
18174,464
18175,464
18176,464
18177,464
18178,464
18179,464
18180,464
18181,464
18182,464
18183,464
18184,150995200
18185,192
18186,192
18187,0
18188,192
18189,80
18190,192
18191,671088640
18192,671088640
18193,671088640
18194,671088640
18195,192
18196,192
18197,262144
18198,192
18199,65536
18200,262144
18201,192
18202,262144
18203,0
18204,0
18205,65536
18206,0
18207,192
18208,0
18209,0
18210,0
18211,65536
18212,192
18213,464
18214,65536
18217,65536
18218,464
18219,464
18220,65536
18222,671088640
18223,65536
18229,402653440
18230,402653440
18231,402653440
18232,402653440
18233,402653440
18234,402653440
18235,2048
18236,0
18237,65536
18238,65568
18239,65568
18240,65568
18241,65568
18242,65568
18243,65568
18244,65568
18245,65568
18246,65568
18247,65568
18248,268763152
18249,256
18250,262400
18251,262400
18252,262400
18253,262400
18254,262400
18255,262400
18256,262400
18257,262400
18258,262400
18259,262400
18260,65552
18261,256
18262,268435472
18263,134545728
18264,256
18265,65536
18266,589824
18267,65536
18268,2512
18269,0
18270,0
18271,464
18272,464
18273,464
18274,464
18275,464
18276,0
18277,262144
18278,0
18279,65536
18280,262528
18281,192
18282,0
18287,134545664
18288,33619968
18289,0
18307,0
18308,0
18309,33882128
18310,464
18311,464
18312,464
18313,464
18327,0
18328,262160
18347,67110912
18348,256
18349,256
18350,384
18351,0
18352,0
18353,0
18354,0
18355,0
18356,0
18357,0
18358,0
18359,0
18360,0
18361,0
18362,256
18363,269582608
18364,2048
18367,0
18368,327700
18369,192
18371,0
18372,464
18373,256
18374,0
18375,2
18376,589824
18377,256
18378,448
18379,448
18380,256
18381,327680
18382,192
18383,256
18384,192
18385,0
18386,65536
18387,0
18388,448
18389,537133056
18390,537133056
18391,384
18392,65536
18393,464
18394,0
18395,541065234
18396,536870912
18397,268435728
18398,0
18399,589824
18400,262144
18401,65568
18402,65568
18403,65568
18404,65568
18405,65568
18406,65568
18407,65568
18408,65568
18409,65568
18410,65568
18411,65568
18412,65568
18413,65568
18414,65568
18415,65568
18416,65568
18417,65568
18418,65568
18419,65568
18420,65568
18421,65568
18422,65568
18423,65568
18424,65568
18425,0
18427,464
18428,464
18429,464
18430,272
18431,0
18432,0
18433,384
18434,65568
18435,65536
18436,65568
18437,65568
18438,65568
18439,65568
18440,65568
18441,65568
18442,65568
18443,0
18444,65568
18445,65568
18446,65568
18447,65568
18448,65568
18449,65568
18450,65568
18451,65568
18452,65568
18453,65568
18454,65568
18455,65568
18456,65568
18457,65568
18458,65568
18459,464
18460,464
18461,262544
18462,464
18463,464
18464,464
18465,464
18466,464
18467,464
18468,464
18469,0
18470,262400
18471,262400
18472,262400
18473,262400
18474,262400
18475,262400
18476,256
18477,262400
18478,262400
18479,262400
18480,262400
18481,262400
18482,262400
18487,262400
18488,262400
18489,262400
18490,262400
18491,262400
18492,262400
18493,262400
18494,262400
18495,262400
18496,262400
18497,262400
18498,0
18499,327696
18500,0
18501,262160
18502,0
18503,65536
18507,262400
18508,262400
18509,262400
18510,262400
18511,262400
18512,262400
18513,262400
18514,262400
18515,262400
18516,262400
18517,262400
18518,262400
18519,262400
18520,327680
18521,262400
18522,262400
18523,65536
18524,262400
18525,262400
18526,262400
18527,262400
18528,262400
18529,262400
18530,464
18531,464
18532,262400
18533,464
18534,464
18535,464
18536,262400
18537,262400
18538,464
18539,464
18540,33619968
18541,256
18542,80
18543,589824
18544,464
18545,65538
18546,0
18547,464
18548,464
18549,464
18550,464
18551,464
18552,464
18553,464
18554,464
18555,464
18556,262400
18557,65536
18559,65792
18560,65568
18561,4718610
18562,65536
18563,262400
18564,0
18565,0
18566,0
18567,0
18568,0
18569,0
18570,0
18571,0
18572,0
18573,0
18574,0
18575,0
18576,0
18578,0
18579,0
18580,0
18581,0
18582,0
18583,0
18584,0
18585,0
18586,0
18587,0
18588,0
18589,0
18590,0
18591,0
18592,0
18593,0
18594,0
18595,0
18596,0
18597,0
18598,0
18599,0
18600,0
18601,0
18602,0
18603,0
18604,0
18605,0
18606,0
18607,0
18608,16
18609,0
18610,16
18611,0
18612,0
18613,0
18614,0
18615,0
18616,0
18617,0
18618,0
18619,0
18620,0
18621,0
18622,0
18623,0
18624,0
18625,0
18626,0
18627,0
18628,0
18629,32
18630,32
18631,262400
18632,262400
18633,0
18634,0
18647,1073807360
18648,262400
18649,4784130
18650,0
18651,65538
18652,0
18653,0
18654,256
18655,0
18656,0
18657,1074855936
18658,1074855936
18659,262400
18660,262400
18661,0
18662,262528
18663,851968
18664,262400
18665,262400
18666,0
18667,262400
18668,262400
18669,262400
18670,16
18671,589824
18672,192
18673,192
18674,192
18675,192
18676,192
18677,192
18678,192
18679,192
18680,192
18681,192
18682,192
18683,192
18684,192
18685,192
18686,192
18687,192
18688,192
18689,192
18690,192
18691,192
18692,464
18693,464
18694,464
18695,464
18696,464
18697,464
18698,464
18699,464
18700,464
18701,464
18702,67108864
18703,464
18704,464
18705,464
18706,464
18707,464
18708,65536
18709,464
18710,464
18711,268435728
18727,262608
18728,262608
18729,262608
18730,262608
18731,464
18733,0
18734,262144
18735,262608
18736,262608
18737,262608
18738,262608
18739,262608
18740,262608
18741,262608
18742,262608
18743,464
18744,464
18745,464
18746,464
18747,0
18748,464
18749,464
18750,464
18751,464
18752,464
18753,262400
18754,464
18755,464
18756,464
18757,464
18758,464
18759,536871168
18761,536870912
18762,65792
18763,0
18764,192
18765,262160
18767,464
18768,464
18769,464
18770,464
18771,464
18772,464
18773,464
18774,464
18775,464
18787,0
18788,536870912
18789,0
18790,0
18791,0
18792,0
18793,256
18794,0
18795,0
18796,65536
18797,0
18798,0
18799,64
18800,0
18801,0
18802,1078001682
18803,0
18804,256
18805,0
18806,262400
18807,65536
18808,262400
18809,65536
18810,256
18811,0
18812,262160
18813,16
18814,328064
18815,64
18816,64
18817,65536
18818,0
18819,262164
18820,262144
18821,464
18822,464
18823,464
18824,464
18825,464
18826,262144
18827,464
18828,327680
18829,464
18830,464
18831,0
18832,671088640
18833,0
18847,464
18848,80
18849,262400
18867,65536
18868,65536
18869,65536
18870,65536
18871,65536
18872,262400
18873,64
18874,384
18875,262400
18876,262400
18877,262400
18878,262400
18879,65536
18880,65536
18881,65536
18887,0
18907,0
18908,256
18927,256
18928,256
18929,256
18930,65536
18931,65536
18932,65536
18933,262400
18934,262400
18935,262400
18936,0
18937,65536
18938,65536
18939,262400
18940,262400
18941,262416
18942,671088640
18943,262480
18944,16
18945,16
18946,0
18947,536871168
18948,0
18949,0
18950,80
18951,384
18952,65792
18953,256
18954,256
18955,256
18956,0
18957,0
18958,0
18959,448
18960,268500992
18967,256
18968,2064
18969,256
18970,128
18971,256
18972,65536
18973,256
18974,256
18975,0
18976,8388608
18977,524288
18978,64
18979,192
18980,0
18983,192
18984,0
18985,448
18986,0
18987,0
18988,0
18989,269582608
18990,269582608
18991,269582608
18992,269582608
18993,256
18994,256
18995,16777424
18996,262400
18997,256
19007,262608
19027,262400
19028,327680
19029,256
19030,33882128
19031,0
19032,327936
19033,256
19047,65568
19048,65568
19049,65568
19050,65568
19051,65568
19052,65568
19053,65568
19054,65568
19055,65568
19057,0
19058,65568
19059,65568
19060,65568
19061,65568
19062,65568
19063,65568
19064,65568
19065,65568
19066,65568
19067,65568
19068,65568
19069,256
19070,65568
19071,65568
19072,65568
19073,65568
19074,65568
19075,65568
19076,65568
19077,65568
19078,65568
19079,65568
19080,65568
19081,65568
19082,65568
19083,65568
19084,65568
19085,65568
19086,65568
19087,65568
19088,65568
19089,65568
19090,65568
19091,65568
19092,65568
19093,65568
19094,65568
19095,65568
19096,272
19097,65568
19098,65568
19099,65536
19100,65568
19101,65568
19102,65568
19103,65568
19104,65568
19105,0
19106,65568
19107,65568
19108,0
19109,0
19127,0
19128,262160
19129,16
19130,327696
19131,16
19132,16
19133,851968
19134,327696
19135,0
19136,0
19137,65536
19138,256
19147,262400
19148,262400
19149,262400
19150,0
19151,464
19152,464
19153,464
19154,464
19155,464
19156,262400
19157,262400
19158,262400
19159,464
19160,464
19161,262400
19162,464
19163,464
19164,262400
19165,464
19166,262400
19167,262400
19168,464
19169,262400
19170,262400
19171,262400
19172,262400
19173,262400
19174,262400
19175,262400
19176,262400
19177,262400
19178,262400
19179,262400
19180,464
19181,464
19184,464
19185,0
19186,262400
19187,262400
19188,262400
19189,262400
19190,262400
19191,262400
19192,262400
19193,262400
19194,262480
19195,464
19196,16
19197,262400
19198,262400
19199,671088640
19200,262400
19201,262400
19202,262400
19203,262400
19204,262400
19205,262400
19206,262400
19207,262400
19208,262400
19209,262400
19210,262400
19211,262400
19212,262400
19213,262400
19214,262400
19215,262400
19216,262400
19217,262400
19218,262400
19219,262400
19220,262400
19221,262400
19222,262400
19223,144
19224,262400
19225,262400
19226,64
19227,384
19228,464
19229,0
19230,64
19231,384
19232,464
19233,464
19234,464
19235,464
19236,65536
19237,256
19238,65536
19239,464
19240,65536
19241,65536
19242,65536
19243,65536
19244,262144
19245,464
19246,464
19247,464
19248,464
19249,262144
19250,16
19251,262144
19252,262144
19253,262144
19254,262144
19255,464
19256,464
19257,464
19258,464
19259,464
19260,0
19261,65536
19262,65536
19263,327696
19264,65536
19265,65536
19266,65536
19267,262144
19268,262144
19269,262144
19270,262144
19271,327680
19272,0
19273,327680
19274,327680
19275,327680
19276,65536
19277,65536
19278,65536
19279,65536
19280,65536
19281,65536
19282,65536
19283,65536
19284,65536
19285,65536
19286,464
19287,464
19288,464
19289,65536
19290,464
19291,65536
19292,65536
19293,65536
19294,464
19295,464
19296,65536
19297,464
19298,464
19299,65536
19300,464
19301,464
19302,65536
19303,65536
19304,65536
19305,65536
19306,2424848
19307,150994944
19308,327680
19309,327680
19310,327680
19311,327680
19312,327680
19313,262400
19314,262400
19315,262400
19316,262400
19317,262400
19318,262400
19319,262164
19320,262400
19321,262400
19322,262400
19323,262400
19324,262400
19325,262400
19326,262400
19327,262400
19328,262400
19329,262400
19330,262400
19331,262400
19332,262400
19333,262400
19334,262400
19335,262400
19336,262400
19337,262400
19338,262400
19339,262400
19340,262400
19341,262400
19342,262400
19343,262400
19344,262400
19345,262400
19346,262400
19347,262400
19348,262400
19349,262400
19350,262400
19351,262400
19352,262400
19353,262400
19354,262400
19355,262400
19356,262400
19357,262400
19358,262400
19359,262400
19360,262400
19361,262400
19362,0
19363,0
19364,16
19365,16
19366,16
19367,16
19368,0
19369,16
19370,464
19371,464
19372,16
19373,464
19374,464
19375,464
19376,464
19377,464
19378,464
19379,464
19380,192
19381,464
19382,464
19383,464
19384,464
19385,464
19386,269549570
19387,464
19388,464
19389,464
19390,464
19391,589824
19392,0
19393,0
19394,384
19395,0
19396,464
19397,256
19407,464
19408,16
19409,64
19410,8388608
19411,2048
19412,464
19413,464
19414,464
19415,464
19416,464
19417,464
19418,464
19419,464
19420,464
19421,464
19422,464
19423,464
19424,464
19425,464
19426,464
19427,464
19428,0
19429,464
19430,464
19431,464
19432,262608
19433,262608
19434,4259858
19435,65568
19436,384
19437,262400
19438,0
19439,262400
19440,0
19441,0
19442,0
19443,0
19444,262400
19445,262400
19446,262400
19447,262400
19448,786432
19449,320
19450,16
19451,0
19452,524304
19453,16
19454,464
19455,464
19456,464
19457,464
19458,464
19459,16
19460,851968
19461,464
19462,464
19463,589824
19464,464
19465,464
19466,464
19467,464
19468,464
19469,1835008
19470,65792
19471,16
19472,327696
19473,256
19474,65536
19475,256
19476,65536
19477,262400
19478,0
19479,0
19480,65536
19481,262400
19482,262160
19483,262224
19484,256
19485,464
19486,0
19487,464
19488,464
19489,464
19490,464
19491,464
19492,16
19493,464
19494,464
19496,0
19497,16
19498,464
19499,464
19500,464
19501,4259842
19502,384
19503,1114114
19505,65536
19506,65536
19507,464
19508,464
19509,464
19510,464
19511,464
19512,256
19513,0
19514,33882112
19515,0
19516,16
19527,256
19548,65536
19549,464
19550,464
19551,464
19552,464
19553,464
19554,464
19555,464
19556,464
19557,464
19558,464
19559,464
19560,464
19561,0
19562,464
19563,464
19564,268435712
19565,268435712
19566,671088672
19567,65824
19568,262400
19569,0
19570,0
19571,0
19572,464
19573,464
19574,65536
19575,464
19577,329728
19578,328128
19579,327936
19580,262608
19581,262608
19582,262608
19583,464
19584,464
19585,464
19586,464
19587,464
19588,0
19589,262608
19590,464
19591,262608
19592,464
19593,8388608
19594,0
19595,8388864
19596,33232
19597,67840
19598,464
19599,464
19600,464
19601,464
19602,464
19603,464
19604,0
19605,464
19606,464
19607,464
19608,464
19609,464
19610,464
19611,464
19612,464
19613,464
19614,256
19615,0
19616,464
19617,464
19618,464
19619,464
19620,464
19621,464
19622,464
19623,464
19624,464
19625,464
19626,2512
19627,262144
19628,262144
19629,400
19630,0
19631,0
19632,262164
19633,16
19634,0
19635,0
19636,536870912
19637,0
19638,128
19639,272
19640,464
19641,16
19642,262164
19643,327696
19644,327700
19645,0
19646,16
19647,262144
19648,262400
19649,16
19650,262400
19651,16
19652,0
19653,0
19654,0
19655,0
19656,0
19657,16
19658,384
19659,0
19660,0
19661,262400
19662,262400
19663,262400
19664,262400
19665,2048
19666,65584
19667,65584
19668,65584
19669,65584
19670,262400
19671,262400
19672,262400
19673,262400
19674,65536
19675,262144
19676,67840
19677,67840
19678,67840
19679,67840
19680,67840
19681,67840
19682,67840
19683,67840
19684,67840
19685,67840
19686,67840
19687,65536
19688,65536
19689,65536
19690,0
19691,192
19692,65536
19693,65536
19694,65536
19695,536870912
19696,65536
19697,65536
19698,0
19699,65536
19700,65536
19701,4784144
19702,0
19703,0
19704,268435456
19705,134217984
19706,134217984
19707,384
19708,134217984
19709,134217984
19710,134217984
19711,134217984
19712,65536
19713,0
19714,0
19715,0
19716,0
19717,0
19718,0
19719,268501248
19720,268435712
19721,8388624
19722,8388608
19723,0
19725,1073741824
19726,262144
19727,67108864
19728,0
19729,0
19730,327700
19731,65536
19732,384
19733,384
19734,65536
19735,384
19736,65536
19737,262400
19738,262400
19739,262400
19740,327680
19741,262400
19742,327680
19743,262400
19744,327680
19745,262400
19746,151322624
19747,262400
19748,151322624
19749,8388608
19750,65536
19751,262400
19752,537198592
19753,545587200
19754,262400
19755,0
19767,4718610
19768,384
19769,65536
19770,256
19771,16
19772,272
19773,0
19774,0
19775,262144
19776,851968
19777,328708
19778,327696
19779,0
19780,0
19781,4194322
19784,65536
19785,4194322
19786,192
19787,192
19788,65824
19790,65568
19791,65568
19792,65568
19793,65568
19794,65824
19795,65568
19796,65568
19797,256
19798,16
19799,65568
19800,65824
19801,65538
19802,0
19804,33554560
19805,0
19806,384
19808,262544
19809,64
19810,384
19811,0
19812,0
19813,16
19814,65568
19815,65568
19816,589824
19817,262480
19818,262480
19819,65568
19820,16
19821,65536
19822,272
19823,256
19824,256
19825,65824
19826,256
19827,256
19828,256
19829,256
19830,65568
19831,65568
19832,256
19833,65568
19834,327680
19835,327680
19836,327680
19837,327680
19838,327680
19839,262400
19840,262400
19841,262400
19842,262400
19843,262400
19844,262400
19845,262400
19846,262400
19847,262400
19848,262400
19849,262400
19850,327680
19851,262400
19852,327680
19853,327680
19854,327680
19855,262400
19856,262400
19857,262400
19858,262400
19859,262400
19860,262400
19861,262400
19862,262400
19863,262400
19864,262400
19865,262400
19866,262400
19867,262400
19868,262400
19869,0
19870,464
19871,464
19872,0
19873,0
19874,65536
19875,328144
19876,151322624
19877,262400
19878,151257104
19879,151257104
19880,151257104
19881,18
19882,151257104
19883,151257104
19884,151257104
19885,151257104
19886,0
19887,0
19888,151322624
19889,0
19890,0
19891,151322624
19892,262400
19893,262400
19894,262400
19895,151322624
19896,151322624
19897,151322624
19898,151322624
19899,151322624
19900,151322624
19901,537133056
19902,262400
19903,262400
19904,262400
19905,262400
19906,262400
19907,262400
19908,262400
19909,262400
19927,65536
19929,65536
19930,65536
19931,65536
19932,65536
19933,65536
19934,65536
19935,65536
19936,65536
19937,0
19938,0
19939,65536
19940,65536
19941,65536
19942,65536
19943,65536
19944,262400
19945,262400
19946,262400
19947,262400
19948,262400
19949,262400
19950,262400
19951,128
19952,0
19953,16
19968,134217728
19970,1073807360
19971,1073807360
19972,1073807360
19973,1073807360
19974,1073807360
19975,1073807360
19976,327680
19977,327680
19978,327680
19979,327680
19980,134217728
19981,134217728
19982,134217728
19983,262164
19984,192
19985,192
19986,192
19987,192
19988,192
19989,192
19990,192
19991,192
19992,192
19993,134283264
19994,262400
19995,262400
19996,262400
19997,262400
19998,151322624
19999,262400
20000,256
20001,256
20002,192
20003,192
20004,0
20005,0
20006,0
20007,0
20008,65536
20009,65536
20010,65536
20011,65536
20012,65536
20013,65536
20014,65536
20015,65536
20016,65536
20017,65536
20018,0
20019,2048
20020,65536
20021,0
20022,0
20023,65536
20024,65536
20025,65536
20026,65536
20027,384
20028,65536
20029,65536
20030,65536
20031,65536
20032,65536
20033,65536
20034,65536
20035,65536
20036,65536
20037,256
20038,256
20039,0
20040,0
20041,256
20042,464
20043,327680
20044,262400
20045,464
20046,464
20047,464
20048,464
20049,464
20050,0
20051,65536
20052,0
20053,0
20054,0
20055,0
20056,464
20057,464
20058,464
20059,464
20060,464
20061,464
20062,464
20063,464
20064,464
20065,262400
20066,1114112
20067,262400
20068,262400
20069,262400
20070,262400
20071,262400
20072,262400
20073,262400
20074,262400
20075,262400
20076,262400
20077,262400
20078,262400
20079,262400
20080,262400
20081,262400
20082,262400
20083,262400
20084,262400
20085,262400
20086,262400
20087,262400
20088,262400
20089,262400
20090,262400
20091,464
20092,464
20093,464
20094,464
20095,464
20096,464
20097,464
20098,464
20099,464
20100,464
20101,464
20102,464
20103,464
20104,464
20105,464
20106,464
20107,464
20108,464
20109,464
20110,464
20111,464
20112,464
20113,464
20114,0
20115,0
20116,65536
20117,464
20118,464
20119,464
20120,464
20121,464
20127,464
20128,0
20130,464
20131,0
20132,0
20133,0
20134,0
20135,464
20136,464
20137,464
20138,464
20139,464
20140,464
20141,464
20142,464
20143,464
20144,464
20145,464
20146,464
20147,464
20148,464
20149,464
20150,464
20151,464
20152,464
20153,327696
20154,327680
20155,262400
20156,262400
20157,262400
20158,262400
20159,262400
20160,262400
20161,262400
20162,327680
20163,327680
20164,327680
20165,327680
20166,327680
20167,262144
20168,262144
20169,327680
20170,262144
20171,320
20172,256
20173,0
20174,464
20175,464
20177,464
20178,0
20179,464
20180,464
20181,464
20182,464
20183,327680
20184,262144
20185,329728
20186,329728
20187,327680
20188,327680
20189,464
20190,327680
20191,262400
20192,464
20193,464
20194,464
20195,464
20196,464
20197,464
20198,464
20199,464
20200,464
20201,65584
20202,262400
20203,589824
20204,327680
20205,464
20206,464
20207,464
20208,464
20209,464
20210,464
20211,256
20212,464
20213,464
20214,464
20215,464
20216,168099840
20217,327680
20218,151322624
20219,65552
20220,256
20221,256
20222,65552
20223,0
20224,464
20225,464
20226,256
20228,0
20229,0
20230,327696
20231,262528
20232,262528
20233,0
20234,464
20235,464
20236,0
20237,464
20238,464
20239,464
20240,262144
20241,464
20242,464
20243,327696
20244,464
20245,464
20246,464
20247,464
20248,464
20249,464
20250,464
20251,464
20252,537198608
20253,327696
20254,464
20255,464
20256,464
20257,464
20258,464
20259,464
20260,464
20261,464
20262,464
20263,464
20264,464
20265,464
20266,464
20267,537133072
20268,537133056
20269,65792
20270,327680
20271,327680
20272,0
20273,256
20274,65792
20275,262400
20276,16
20277,262144
20279,0
20280,327680
20281,327680
20282,327680
20283,327680
20284,327680
20285,327680
20286,327680
20287,327680
20288,327680
20289,327680
20290,327680
20291,327680
20292,327680
20293,327680
20294,0
20295,589824
20296,589824
20297,589824
20298,589824
20299,589824
20300,327680
20301,327680
20302,327680
20303,327680
20304,327680
20305,327680
20306,327680
20307,327680
20308,327680
20309,327680
20310,0
20311,0
20312,327680
20313,327680
20314,327680
20315,327680
20316,327680
20317,327680
20318,327680
20319,327680
20320,327680
20321,327680
20322,327680
20323,327680
20324,327680
20326,327680
20327,327680
20329,327680
20330,464
20331,464
20332,464
20333,262144
20334,262144
20335,464
20336,464
20337,464
20338,464
20339,464
20340,262144
20341,537133072
20342,537133072
20343,537133072
20344,329728
20345,329728
20346,329728
20347,327680
20348,327680
20349,327680
20350,262144
20351,262144
20352,537133056
20353,537133056
20354,329728
20355,329728
20356,327680
20357,327680
20358,256
20359,464
20360,464
20361,464
20362,464
20363,464
20364,65792
20367,0
20368,0
20369,0
20370,0
20371,0
20372,0
20373,0
20374,0
20375,327680
20376,0
20377,327680
20378,327680
20379,327680
20380,327680
20381,327680
20382,327680
20383,327680
20384,327680
20385,327680
20386,327680
20387,327680
20388,327680
20389,327680
20390,327680
20391,327680
20392,327680
20393,327680
20394,327680
20395,327680
20396,327680
20397,327680
20398,327680
20399,327680
20400,327680
20401,327680
20402,327680
20403,327680
20404,327680
20405,327680
20406,327680
20407,327680
20408,327680
20409,256
20410,0
20411,327680
20412,327680
20413,327680
20414,327680
20415,262528
20416,262528
20417,262528
20418,262528
20419,327680
20420,0
20421,327680
20422,327680
20423,327680
20424,262144
20425,329728
20426,327680
20427,327680
20428,327680
20429,327680
20430,327680
20431,327680
20432,327680
20433,327680
20434,327680
20435,327680
20436,0
20437,262400
20438,262400
20439,262400
20440,262400
20441,262400
20442,262400
20443,262400
20444,262400
20445,262400
20446,262400
20447,262400
20448,262400
20449,0
20450,262400
20451,262400
20452,262400
20453,262400
20454,262400
20455,262400
20456,262400
20457,262400
20458,262400
20459,262400
20460,262400
20461,262400
20462,262400
20463,4718610
20464,16
20465,256
20466,256
20467,2097152
20468,464
20469,464
20470,464
20471,464
20472,464
20473,327680
20474,0
20475,67110912
20476,0
20477,0
20478,536870912
20479,0
20480,128
20481,67108880
20482,128
20483,16
20484,65536
20485,262400
20487,464
20488,464
20489,464
20490,464
20491,464
20492,256
20493,384
20494,128
20495,128
20496,464
20497,464
20498,464
20499,464
20500,464
20501,464
20502,464
20503,464
20504,464
20505,464
20506,0
20507,536871312
20508,16
20509,8388608
20510,0
20511,0
20512,603979776
20513,65792
20514,256
20527,16
20528,256
20529,256
20530,256
20531,256
20532,0
20533,384
20534,0
20535,589840
20536,589840
20537,0
20538,536871056
20539,327700
20540,402915344
20541,16
20542,0
20543,589840
20544,144
20545,33882112
20546,384
20547,67110912
20548,536871040
20549,327696
20550,80
20551,80
20552,80
20553,272
20554,262160
20555,80
20556,208
20557,80
20558,80
20559,327696
20560,327696
20561,262400
20562,262400
20563,208
20564,16
20565,0
20566,0
20567,536871184
20568,0
20569,327700
20570,16
20571,262400
20572,65552
20573,80
20574,80
20575,80
20576,80
20577,16
20578,0
20579,80
20580,437583888
20582,80
20583,80
20584,763363584
20585,80
20586,262144
20587,0
20589,65552
20590,256
20591,80
20592,80
20593,80
20594,262160
20595,80
20596,80
20597,80
20598,80
20599,80
20600,262160
20602,589824
20603,327680
20604,1310720
20605,262164
20606,192
20607,192
20608,8388672
20609,268500992
20610,268500992
20611,262400
20612,384
20613,262400
20614,327696
20615,327696
20616,537198608
20617,537198608
20618,0
20619,0
20620,262144
20621,262400
20622,262400
20623,0
20624,0
20625,0
20626,65568
20627,589840
20628,262400
20629,524304
20630,589840
20631,0
20647,262160
20648,65568
20649,65568
20650,65568
20651,262400
20652,262400
20653,262400
20654,1074331648
20655,0
20656,0
20657,589824
20658,327952
20660,327952
20661,327952
20662,327952
20663,1074855936
20664,589824
20665,589824
20666,262164
20667,524288
20668,0
20669,1074855936
20671,128
20672,16
20676,384
20677,262164
20678,65536
20679,0
20680,0
20681,0
20682,0
20683,327680
20684,262164
20685,0
20686,16
20687,65536
20688,4259858
20690,0
20691,262164
20692,0
20693,256
20694,0
20695,0
20696,0
20697,262144
20698,65536
20699,1073741824
20700,262400
20701,589824
20702,0
20703,262400
20704,262400
20705,64
20706,327680
20707,0
20708,0
20709,16
20710,192
20711,464
20712,16
20713,0
20714,589824
20715,384
20716,786448
20717,786448
20718,384
20719,262224
20720,589824
20721,384
20722,262400
20723,384
20724,262400
20725,64
20726,0
20729,327680
20730,262400
20731,192
20732,192
20733,0
20734,256
20735,65538
20736,65538
20737,256
20738,262400
20739,65536
20740,1310720
20741,589824
20742,65536
20743,65536
20744,262400
20745,262400
20746,0
20747,65536
20748,65536
20749,262400
20750,262400
20751,20
20752,65536
20753,262160
20754,65536
20755,65536
20756,65536
20757,65536
20758,8388608
20759,8388608
20760,8388608
20761,8388608
20762,0
20763,0
20764,0
20765,0
20766,262400
20767,262400
20768,262400
20769,262400
20770,268500992
20771,262400
20772,268435456
20773,268435456
20774,262400
20775,262400
20776,268500992
20777,268500992
20778,262400
20779,262400
20780,262400
20781,262400
20782,262608
20783,0
20784,262608
20785,262528
20786,268435456
20787,589824
20788,0
20789,0
20790,0
20791,589824
20792,589824
20793,589824
20794,589824
20795,589824
20797,589824
20798,33619968
20799,65792
20800,589824
20801,589824
20802,589824
20804,0
20805,589824
20806,589824
20807,589824
20808,589824
20809,208
20810,0
20811,589824
20812,65536
20813,589824
20814,384
20815,589824
20816,589824
20817,0
20818,0
20819,589824
20820,589824
20821,589824
20822,589824
20823,589824
20824,589824
20825,589824
20826,589824
20827,589824
20828,589824
20829,589824
20830,851968
20831,589824
20832,589824
20847,64
20848,65568
20849,65568
20850,262400
20851,262400
20852,262400
20853,65568
20854,65568
20855,65568
20856,262400
20857,262400
20858,192
20859,262528
20860,262528
20861,384
20862,256
20863,256
20864,80
20865,262528
20866,262528
20867,262528
20868,262528
20869,0
20870,262528
20871,262528
20872,65584
20873,65584
20874,65584
20875,0
20876,65584
20877,192
20878,262400
20879,262400
20880,262400
20881,262400
20882,65536
20883,0
20884,262592
20885,448
20886,448
20887,448
20888,448
20889,448
20890,65584
20891,64
20892,0
20893,0
20894,0
20895,328144
20896,329728
20897,65584
20898,262400
20899,262400
20900,4259858
20901,4259858
20902,4259858
20903,4259858
20904,4259858
20905,65536
20906,65536
20907,327696
20908,327696
20909,2424848
20910,2424848
20911,327680
20912,327680
20913,327680
20914,327680
20915,327680
20916,65568
20917,262400
20918,327680
20919,327680
20920,327680
20921,262400
20922,65536
20923,65536
20924,65536
20925,327680
20926,262400
20927,327680
20928,327680
20929,327680
20930,327680
20931,262400
20932,262400
20933,262400
20934,262400
20935,262400
20936,0
20937,64
20938,262400
20939,0
20940,262400
20941,262400
20942,262400
20943,262400
20944,262400
20945,262400
20946,262400
20947,262400
20948,262400
20949,262400
20950,262400
20951,262400
20952,262400
20953,262400
20954,262400
20955,262400
20956,262400
20957,262400
20958,262400
20959,448
20960,262400
20961,329728
20962,329728
20963,2097152
20964,2097152
20965,2097152
20966,2097152
20967,329728
20968,329728
20969,448
20987,448
20988,256
20989,1074855936
21007,65536
21008,851984
21009,464
21010,192
21011,192
21012,192
21013,192
21014,192
21027,0
21029,0
21030,851968
21047,589824
21048,0
21049,0
21050,16
21051,256
21052,256
21053,64
21054,0
21055,327696
21056,0
21057,0
21058,0
21059,589824
21060,1073807376
21061,336
21062,16
21063,0
21064,0
21066,0
21067,524288
21068,589824
21069,0
21070,16
21071,589840
21072,589824
21073,589824
21074,8388608
21075,0
21076,0
21077,0
21078,256
21079,0
21080,336
21081,327696
21082,327680
21083,262400
21084,327680
21085,262400
21086,256
21087,256
21088,64
21089,64
21090,256
21091,0
21092,192
21093,64
21094,384
21095,0
21096,65536
21097,65536
21098,0
21099,262160
21100,256
21107,536871056
21108,256
21109,448
21110,256
21111,256
21112,256
21113,256
21114,256
21115,256
21116,256
21117,256
21118,336
21127,268435712
21128,0
21129,256
21130,256
21131,0
21132,0
21133,0
21134,0
21135,0
21136,0
21137,0
21138,0
21139,0
21140,0
21141,65536
21142,64
21143,65568
21144,65568
21145,262400
21146,262400
21147,0
21149,402653440
21150,0
21151,65536
21152,262144
21153,0
21154,256
21155,256
21156,327888
21157,402653440
21158,0
21159,65536
21160,65584
21161,65584
21162,65536
21163,0
21164,262400
21165,0
21167,16
21168,448
21169,8388608
21170,65536
21171,65536
21172,256
21173,8388880
21174,256
21175,65568
21176,262400
21178,464
21179,327680
21180,256
21181,256
21183,327680
21184,327888
21185,192
21186,0
21187,159383552
21188,65536
21189,0
21190,256
21207,0
21227,402653440
21228,64
21229,64
21230,0
21247,448
21248,65792
21249,256
21267,256
21268,384
21287,256
21288,65792
21307,0
21327,16
21330,0
21331,1074331648
21332,0
21333,0
21334,448
21335,65536
21336,384
21337,65536
21338,256
21339,64
21340,0
21341,65536
21342,0
21343,16
21345,448
21346,448
21347,448
21348,448
21349,448
21350,448
21351,192
21352,192
21353,256
21354,400
21355,16
21356,256
21357,0
21358,65920
21359,448
21360,448
21361,448
21362,448
21363,448
21364,448
21365,448
21366,448
21367,0
21368,256
21369,65536
21370,16
21371,16
21372,256
21387,320
21388,16
21389,402653440
21390,65538
21391,256
21392,402653440
21393,671088640
21394,671088640
21395,671088640
21396,671088640
21397,256
21398,256
21399,0
21400,0
21401,851968
21402,589824
21403,142868480
21407,192
21408,192
21409,192
21410,192
21411,192
21412,192
21413,192
21414,192
21415,192
21416,192
21417,192
21418,192
21419,192
21420,192
21421,192
21422,192
21423,192
21424,192
21425,65536
21426,192
21427,192
21428,192
21429,192
21430,192
21431,192
21432,192
21433,192
21434,192
21435,192
21436,192
21437,192
21438,192
21439,192
21440,192
21441,192
21442,192
21443,192
21444,192
21445,192
21446,192
21447,192
21448,192
21449,192
21450,192
21451,192
21452,192
21453,192
21454,192
21455,192
21456,192
21457,192
21458,192
21459,192
21460,192
21461,192
21462,192
21463,0
21464,256
21465,256
21466,192
21467,192
21468,192
21469,192
21470,192
21471,192
21472,192
21473,192
21474,192
21475,192
21476,192
21477,192
21478,192
21479,192
21480,192
21481,192
21482,192
21483,192
21484,192
21485,192
21486,192
21487,192
21488,192
21489,192
21490,192
21491,192
21492,192
21493,192
21494,192
21495,192
21496,192
21497,192
21498,192
21499,192
21500,192
21501,192
21502,192
21503,192
21504,192
21505,192
21506,192
21507,192
21508,192
21509,192
21510,192
21511,192
21512,192
21513,192
21514,192
21515,192
21516,192
21517,192
21518,192
21519,192
21520,192
21521,192
21522,192
21523,192
21524,192
21525,192
21526,192
21527,192
21528,192
21529,192
21530,192
21531,192
21532,192
21533,192
21534,192
21535,192
21536,192
21537,16
21538,16
21539,192
21540,0
21541,256
21542,256
21543,0
21544,0
21545,8388864
21546,256
21547,0
21548,256
21549,589824
21551,327696
21552,327696
21553,327696
21554,256
21555,262400
21556,256
21557,262400
21558,262400
21559,0
21560,65536
21561,384
21562,65536
21563,80
21564,65536
21565,0
21566,256
21567,65792
21568,65792
21569,65792
21587,448
21588,448
21589,448
21590,448
21592,448
21593,448
21594,448
21595,448
21596,448
21597,448
21598,448
21599,448
21600,448
21601,448
21602,448
21603,448
21604,448
21605,448
21606,448
21607,448
21608,448
21609,448
21610,448
21611,448
21612,448
21613,448
21614,448
21615,448
21616,448
21617,448
21618,448
21619,448
21620,448
21621,448
21622,448
21623,448
21624,448
21625,448
21626,448
21627,448
21628,448
21629,448
21630,448
21631,448
21632,448
21633,448
21634,448
21635,448
21636,448
21637,448
21638,448
21639,448
21640,448
21641,448
21642,448
21643,448
21644,448
21645,80
21646,256
21647,159383552
21648,256
21649,256
21650,384
21651,400
21652,400
21653,256
21654,256
21655,65536
21667,65536
21668,0
21669,0
21670,0
21687,524304
21688,33554432
21707,0
21708,400
21709,256
21727,0
21728,16
21729,16
21730,16
21731,256
21732,256
21733,208
21734,256
21735,256
21736,134479872
21737,8390912
21740,256
21741,192
21744,448
21745,448
21747,262208
21748,524288
21749,524288
21750,65536
21751,0
21767,384
21787,262160
21788,336
21789,464
21790,0
21791,589824
21792,0
21793,589824
21794,256
21795,256
21807,589824
21808,0
21809,0
21827,256
21828,256
21829,159383552
21830,256
21831,262608
21832,4259856
21833,2048
21834,0
21835,0
21836,0
21837,0
21838,2496
21840,262144
21841,262208
21847,256
21848,268435712
21849,65536
21850,65536
21851,256
21852,256
21853,448
21854,448
21855,448
21856,320
21857,2512
21858,262144
21859,536871056
21860,384
21861,64
21862,400
21863,256
21864,256
21865,256
21866,256
21867,256
21868,0
21869,327696
21870,192
21871,448
21872,464
21873,464
21874,464
21878,65552
21879,320
21880,464
21881,464
21882,448
21883,384
21884,384
21885,0
21886,0
21887,0
21889,0
21890,448
21891,192
21892,0
21893,192
21894,448
21895,64
21896,256
21897,64
21898,0
21899,192
21900,0
21901,0
21902,0
21903,0
21904,0
21905,0
21906,0
21907,0
21908,256
21909,0
21910,0
21911,336
21912,384
21913,65584
21914,256
21915,262400
21916,256
21917,256
21919,0
21920,671088640
21921,256
21922,192
21923,65568
21924,262400
21925,256
21926,64
21927,256
21928,64
21929,256
21930,192
21931,65536
21932,256
21933,262400
21934,8388992
21935,671088672
21936,256
21937,448
21938,448
21939,0
21940,65568
21941,262400
21942,464
21943,65568
21944,262400
21945,65568
21946,262400
21949,262144
21950,0
21951,0
21952,0
21953,256
21954,262144
21955,0
21956,671088640
21957,0
21958,262336
21959,256
21960,0
21961,0
21962,0
21963,0
21964,0
21965,0
21966,448
21967,448
21968,0
21969,448
21970,262144
21971,524288
21972,448
21973,192
21975,448
21976,0
21977,384
21978,65984
21979,0
21980,268435712
21987,262160
21988,384
21989,8388864
21990,1073741824
21991,320
21992,65536
22007,64
22008,0
22009,65536
22010,64
22011,256
22012,0
22027,144
22047,65536
22048,0
22049,464
22050,400
22051,65536
22052,65536
22053,65536
22054,65536
22067,16
22068,0
22088,65536
22089,65536
22090,65536
22091,65536
22092,65536
22093,65536
22094,65536
22095,65536
22096,65536
22097,65536
22098,65536
22099,65536
22100,65536
22101,65536
22102,65536
22103,65536
22104,65536
22105,65536
22106,65536
22108,256
22109,256
22110,256
22111,256
22112,256
22113,256
22114,256
22115,256
22116,256
22117,256
22118,256
22119,256
22120,16
22121,4718610
22127,1074331648
22128,65536
22147,33554432
22167,589824
22168,65536
22187,327680
22188,192
22189,589824
22190,256
22191,0
22192,0
22193,0
22194,0
22195,0
22196,0
22197,0
22198,0
22199,0
22200,0
22201,0
22202,0
22203,256
22205,0
22206,589824
22207,256
22208,256
22209,256
22210,256
22211,256
22227,256
22247,0
22267,0
22268,0
22269,537133312
22270,8716288
22271,589824
22272,65792
22273,589824
22274,1074855936
22275,589824
22276,272
22277,272
22278,272
22279,272
22280,272
22281,272
22282,400
22283,400
22284,16
22285,400
22286,400
22287,400
22288,400
22289,16
22290,16
22291,2048
22311,0
22312,16
22313,0
22331,65568
22332,262400
22334,65536
22335,262144
22336,589824
22351,80
22352,400
22353,400
22354,400
22355,589824
22356,65536
22357,589824
22371,0
22372,0
22373,589824
22391,448
22392,0
22393,0
22411,4718610
22412,786432
22413,80
22414,589824
22415,1074331648
22416,327700
22417,327680
22418,33554432
22419,0
22420,0
22421,0
22422,0
22423,327680
22424,589824
22425,589824
22426,327696
22427,20
22428,0
22429,128
22430,671088672
22431,64
22432,262400
22433,0
22434,65536
22435,262400
22436,0
22438,0
22439,0
22440,0
22441,80
22442,16
22458,0
22459,0
22460,65536
22478,0
22479,262160
22480,65568
22481,262400
22482,262160
22483,256
22498,0
22518,384
22519,524288
22520,400
22538,0
22539,65536
22540,262164
22558,16
22559,16
22560,16
22561,16
22562,256
22563,32768
22564,32768
22565,0
22566,65536
22567,272
22568,262160
22569,262400
22570,1310736
22571,262400
22572,327696
22573,0
22574,328708
22575,851968
22576,384
22577,384
22578,384
22579,384
22580,384
22581,384
22582,851968
22583,16
22584,16
22585,16
22586,128
22587,128
22588,128
22589,128
22590,128
22591,327700
22592,262144
22593,65536
22594,65536
22595,262144
22596,65536
22597,65536
22598,65536
22599,65536
22600,16777216
22618,16777360
22619,16777232
22620,16777360
22638,144
22639,262144
22640,0
22641,538181648
22642,16
22643,589824
22644,16
22645,1074331648
22646,384
22647,384
22648,192
22649,0
22650,384
22651,0
22652,384
22653,384
22654,0
22655,0
22656,0
22657,0
22658,0
22659,0
22660,0
22661,0
22662,0
22663,0
22664,0
22665,589824
22666,0
22667,0
22668,0
22669,0
22670,0
22671,0
22672,0
22673,0
22674,0
22675,0
22676,0
22677,589824
22678,1073807360
22679,384
22680,0
22681,0
22682,536936448
22683,464
22684,272
22685,0
22686,0
22687,16
22688,0
22689,16
22690,0
22691,262160
22692,0
22693,0
22694,0
22695,589824
22696,65536
22697,448
22699,0
22700,33554432
22701,256
22703,0
22704,65568
22705,262400
22707,384
22709,0
22710,0
22711,65568
22712,262400
22713,0
22714,0
22715,0
22716,448
22717,269582608
22718,269582608
22719,269582608
22720,269582608
22721,269582608
22722,269582608
22723,269582608
22724,269582608
22725,0
22727,65568
22728,262400
22729,671088640
22730,671088640
22731,402653440
22732,65568
22733,262400
22734,402653440
22735,0
22736,16
22737,16
22738,448
22739,2048
22741,0
22742,67108864
22743,524288
22744,0
22745,0
22746,589824
22747,192
22748,192
22749,65536
22750,65536
22751,151257088
22752,67108864
22753,262400
22754,262400
22755,327824
22756,262144
22757,65584
22758,262400
22759,65568
22760,262400
22761,65568
22762,262400
22764,384
22765,400
22766,402915344
22767,192
22778,448
22779,0
22780,262336
22781,65984
22782,65536
22783,65536
22784,262400
22785,262400
22786,0
22787,448
22788,384
22789,0
22790,0
22792,16
22793,65824
22794,262400
22795,65568
22796,262400
22797,65568
22798,262400
22799,603979776
22800,0
22801,448
22802,256
22803,384
22804,448
22805,0
22806,0
22807,671154176
22808,65568
22809,262400
22810,65936
22811,192
22812,65536
22813,65568
22814,262400
22815,65568
22816,262400
22817,0
22818,0
22820,0
22821,384
22822,65536
22823,65536
22825,8388864
22826,262400
22827,262160
22828,262160
22829,262160
22830,262400
22831,262400
22832,262400
22833,16
22835,16
22836,192
22837,256
22838,8388608
22839,65920
22840,256
22841,128
22842,262160
22843,128
22844,256
22845,262160
22846,256
22847,128
22848,16777616
22849,192
22850,262144
22851,262160
22852,192
22853,262160
22854,464
22855,464
22856,0
22857,327696
22858,262144
22859,327696
22860,16
22861,262160
22862,262160
22863,262144
22864,262400
22865,268500992
22866,65568
22867,65568
22868,65568
22869,65568
22870,65568
22871,262400
22872,262400
22873,262400
22874,262400
22875,262400
22876,0
22877,0
22878,589824
22879,384
22880,384
22881,384
22882,384
22883,589824
22884,327680
22885,851968
22886,16
22887,4784146
22888,0
22890,0
22891,0
22893,536870912
22894,262400
22895,262160
22896,262160
22897,262400
22898,262400
22899,0
22900,0
22901,256
22902,65568
22903,262400
22904,256
22905,0
22906,256
22907,4718610
22908,65538
22909,0
22910,0
22911,16
22912,192
22913,384
22914,65538
22915,0
22916,16
22917,327680
22918,262544
22919,0
22920,524288
22921,65568
22922,65568
22923,65568
22924,0
22925,256
22926,65568
22927,65568
22928,65568
22929,262400
22930,262400
22931,262400
22932,262400
22933,262400
22934,262400
22935,0
22936,589824
22937,524288
22938,589824
22939,0
22940,524288
22941,256
22942,256
22943,256
22944,256
22945,65536
22946,0
22947,589824
22948,0
22949,0
22950,0
22951,0
22958,256
22959,0
22960,448
22961,448
22962,448
22963,448
22964,448
22965,262144
22966,262144
22967,65584
22968,262400
22969,0
22970,400
22971,0
22972,16
22975,16
22976,16
22977,16
22978,16
22979,16
22980,16
22981,16
22982,16
22983,16
22984,16
22985,16
22986,16
22987,384
22988,256
22989,0
22990,0
22991,256
22992,16
22993,545325056
22994,589824
22995,0
22996,65536
22997,2048
22998,0
22999,268435456
23000,65536
23001,0
23002,0
23003,448
23004,0
23005,65536
23006,0
23007,262400
23008,2064
23009,2048
23010,67108864
23011,0
23012,272
23013,272
23014,256
23015,65536
23016,0
23017,402653440
23018,402653456
23019,256
23020,0
23021,256
23022,256
23023,2048
23024,0
23025,448
23027,65536
23028,65536
23029,256
23030,256
23031,384
23032,384
23033,320
23034,65536
23035,65536
23036,320
23037,448
23038,851968
23039,589824
23040,0
23041,0
23042,0
23043,448
23044,448
23046,448
23047,448
23048,448
23049,448
23050,448
23051,448
23052,448
23053,256
23054,0
23055,0
23056,0
23057,256
23058,256
23059,256
23060,262160
23061,256
23062,256
23063,65536
23064,0
23065,0
23066,65568
23067,65568
23068,65568
23069,65568
23070,65824
23071,65568
23072,67108864
23073,4718610
23074,0
23075,0
23076,0
23077,65568
23078,65568
23079,65568
23080,65568
23081,65568
23082,65568
23083,262400
23084,262400
23085,262400
23086,262400
23087,262400
23088,262400
23089,262400
23090,262400
23091,262400
23092,262400
23093,262400
23094,262400
23095,262400
23096,65568
23097,0
23098,262400
23099,0
23100,262400
23101,256
23102,589824
23103,1073807360
23104,851968
23105,0
23106,589824
23107,256
23108,0
23109,0
23110,0
23111,262400
23112,262400
23113,589824
23114,851968
23115,851968
23116,384
23117,0
23118,256
23119,256
23120,0
23121,256
23122,256
23123,256
23124,256
23125,256
23126,671088640
23127,67108864
23128,0
23129,65568
23130,262400
23131,0
23132,0
23133,0
23134,0
23135,0
23136,0
23137,256
23138,0
23139,128
23140,384
23141,65536
23142,65536
23143,65536
23144,65536
23145,0
23146,262400
23147,0
23148,0
23149,262400
23150,262400
23151,0
23152,0
23153,2048
23154,0
23155,0
23156,256
23157,464
23158,448
23159,0
23160,262400
23161,269582336
23162,0
23163,262400
23164,0
23165,0
23166,262400
23167,262400
23168,0
23169,0
23170,2048
23171,67109120
23172,192
23173,384
23174,0
23175,384
23176,0
23177,384
23179,16
23180,256
23181,192
23182,612368384
23183,536871296
23184,64
23185,384
23186,67109120
23187,0
23188,0
23189,0
23190,65568
23191,262400
23192,0
23193,0
23194,0
23195,8388864
23196,320
23197,256
23198,134545488
23199,320
23200,256
23201,256
23202,589824
23203,192
23204,0
23205,67108864
23206,589824
23207,0
23208,256
23209,256
23210,448
23211,448
23212,448
23213,192
23214,269582336
23215,262400
23217,262352
23218,33232
23219,269582608
23220,269582608
23221,269582608
23222,269582608
23223,269582608
23224,16
23225,269582608
23226,0
23227,269582608
23228,269582608
23229,269582608
23230,218104080
23231,0
23232,0
23233,0
23234,272
23235,128
23236,192
23237,448
23238,269582608
23239,269582608
23240,269582608
23241,269582608
23242,269582608
23243,269582608
23244,16
23245,80
23246,269582608
23247,269582608
23248,269582608
23249,269582608
23250,269582608
23251,269582608
23252,269582608
23253,256
23254,268435728
23255,464
23256,262544
23257,256
23258,256
23260,67108864
23261,16
23262,327696
23264,192
23265,192
23266,448
23267,0
23268,851968
23269,256
23270,384
23271,0
23272,0
23273,0
23274,0
23275,1073741824
23276,0
23277,0
23278,0
23279,67108864
23298,67108864
23299,0
23300,464
23301,208
23302,464
23303,384
23304,256
23305,192
23306,192
23307,384
23308,0
23309,0
23310,0
23311,536870912
23312,0
23313,0
23314,0
23315,0
23316,0
23317,8388992
23318,8388992
23319,8388992
23320,8388992
23321,8388992
23322,8388992
23323,8388992
23324,8388992
23325,8388992
23326,8388992
23327,0
23328,0
23329,384
23330,448
23331,65536
23332,0
23333,0
23334,8388608
23335,0
23336,8388608
23337,4718610
23338,269582608
23339,0
23340,2064
23341,0
23342,0
23343,8388864
23344,8388992
23345,8388992
23346,8388992
23347,8388992
23348,8388992
23349,8388992
23350,8388992
23351,8388992
23352,8388992
23353,8388992
23354,268501008
23355,268435456
23356,65536
23357,262400
23359,0
23360,0
23361,8388864
23362,384
23363,256
23364,2064
23365,67108880
23378,320
23379,16
23380,589824
23381,589824
23382,400
23383,256
23384,256
23385,256
23386,256
23387,256
23388,256
23389,256
23390,256
23391,4784144
23392,4784144
23393,0
23394,16
23396,134217728
23397,0
23398,0
23399,65568
23400,262400
23401,0
23402,67108864
23405,256
23406,256
23407,256
23408,8388864
23409,0
23410,0
23411,0
23412,0
23413,0
23414,0
23415,327680
23416,16
23417,67108864
23418,2048
23419,65536
23420,65536
23422,65536
23423,65536
23424,256
23425,2304
23426,0
23427,2048
23428,272
23429,272
23430,272
23431,272
23432,272
23433,192
23434,192
23435,192
23436,2048
23437,0
23438,256
23439,256
23440,192
23441,0
23442,0
23443,192
23444,67108864
23445,603979776
23446,0
23447,67108864
23448,67108864
23449,67108864
23450,67108864
23451,0
23452,0
23453,128
23454,262144
23455,65536
23456,67108864
23457,67108864
23458,65536
23459,65536
23460,8388864
23461,65536
23462,65536
23464,8388864
23466,256
23467,256
23468,0
23469,0
23470,0
23471,0
23472,0
23473,0
23474,0
23475,0
23476,0
23477,0
23478,536870912
23479,384
23480,192
23481,192
23482,192
23483,192
23484,384
23485,256
23486,65568
23487,384
23488,256
23489,65568
23490,262400
23491,262400
23492,0
23493,256
23498,142606592
23499,142606592
23500,159383808
23501,159383808
23502,159383808
23503,159383808
23504,536870912
23505,256
23506,671088640
23507,65568
23508,262400
23509,269582608
23510,269582608
23511,327696
23512,589824
23513,0
23514,0
23515,192
23516,192
23517,65792
23518,65792
23519,65792
23520,65792
23521,65792
23522,65792
23523,159383808
23524,159383808
23525,159383808
23526,159383808
23527,159383808
23528,159383808
23529,159383808
23530,272
23531,272
23532,159383808
23533,159383808
23534,159383808
23535,159383808
23536,159383808
23537,262160
23538,65536
23539,65536
23540,402653440
23541,402653440
23542,402653440
23544,0
23545,64
23546,64
23547,0
23548,64
23549,64
23550,64
23551,64
23552,0
23553,64
23554,64
23555,64
23556,64
23557,64
23558,64
23559,64
23560,64
23561,64
23562,192
23563,64
23564,64
23565,64
23566,64
23567,16
23568,16
23569,16
23570,192
23571,0
23572,64
23573,64
23574,320
23575,0
23576,320
23577,0
23578,64
23579,0
23580,0
23581,64
23582,64
23583,16
23584,464
23585,464
23586,464
23587,464
23588,464
23589,0
23590,0
23591,64
23592,65536
23593,192
23594,192
23595,0
23598,65536
23600,327696
23601,65538
23602,262160
23603,202440704
23604,0
23605,327680
23618,256
23619,603980032
23620,603981824
23621,262400
23622,262400
23623,262400
23625,262400
23626,262400
23627,262400
23628,65584
23629,65584
23630,262400
23631,262400
23632,65584
23633,65584
23634,262400
23635,262400
23636,65584
23637,65584
23638,65584
23639,65584
23640,262400
23641,262400
23642,256
23644,536871168
23645,0
23646,336
23647,256
23648,256
23649,256
23650,65584
23651,262400
23652,65584
23653,65584
23654,262400
23655,262400
23656,262400
23657,262400
23658,8388608
23659,0
23660,0
23661,8388864
23662,65568
23663,65568
23664,65568
23665,65568
23666,65568
23667,65568
23668,262400
23669,262400
23670,262400
23671,262400
23672,262400
23673,262400
23674,64
23675,0
23676,0
23677,65536
23678,65536
23679,65536
23680,65536
23681,0
23682,0
23683,8388672
23684,0
23685,0
23686,192
23687,0
23688,192
23689,192
23690,0
23691,0
23692,402653440
23693,151257088
23694,0
23695,464
23696,16
23697,671088640
23698,402653440
23699,0
23700,8388608
23701,64
23702,8388864
23703,65568
23704,65568
23705,65568
23706,65568
23707,65568
23708,65568
23709,65568
23710,65568
23711,262400
23712,262400
23713,262400
23714,262400
23715,262400
23716,262400
23717,262400
23718,262400
23719,0
23720,65536
23721,65536
23722,0
23723,65536
23724,0
23725,327680
23726,327680
23727,192
23728,192
23729,192
23730,192
23731,192
23732,192
23733,327680
23734,327680
23735,0
23736,0
23737,0
23738,0
23758,256
23759,536870912
23760,536870912
23761,536870912
23762,536870912
23763,159383808
23764,159383808
23765,256
23766,0
23767,0
23768,0
23769,0
23770,612368640
23771,80
23772,536870912
23773,536870912
23774,536870912
23775,0
23776,256
23777,537133312
23779,256
23780,327680
23781,0
23782,0
23783,0
23784,536870912
23785,536871360
23786,65536
23787,32
23788,262400
23789,0
23790,536871168
23792,320
23793,192
23794,192
23795,448
23796,192
23797,192
23798,192
23799,0
23800,0
23801,65536
23802,65536
23803,0
23804,0
23805,262400
23806,262400
23807,262400
23808,262400
23809,262400
23810,262400
23811,272
23813,65792
23814,65792
23815,65792
23816,65792
23817,65792
23818,65792
23819,65792
23820,65792
23821,65792
23822,536871360
23823,536871360
23824,536871360
23825,536871360
23826,536870912
23827,536870912
23828,536870912
23829,536870912
23830,536870912
23831,536870912
23832,536870912
23833,536870912
23834,536870912
23835,536870912
23836,536870912
23837,536870912
23838,536870912
23839,536870912
23840,536870912
23841,536870912
23842,536870912
23843,536870912
23844,536870912
23845,256
23848,327696
23849,256
23850,327696
23851,0
23852,384
23853,384
23858,0
23859,65536
23860,65536
23861,0
23862,16
23863,192
23864,536870912
23865,0
23866,150995200
23867,64
23878,384
23880,262160
23881,327696
23885,262160
23886,262160
23887,262160
23888,262160
23889,262160
23890,262160
23891,262160
23892,327696
23893,327696
23894,327696
23895,65536
23896,256
23897,256
23898,262400
23899,262400
23900,262400
23918,0
23919,262164
23920,327760
23921,327760
23922,327696
23923,327696
23924,327696
23925,327696
23926,262400
23927,262400
23928,262400
23929,192
23930,16777360
23931,65536
23932,256
23933,256
23934,256
23935,256
23936,256
23937,256
23938,256
23939,256
23940,256
23941,256
23942,256
23943,256
23944,256
23945,256
23946,256
23947,65536
23948,65536
23949,256
23950,256
23951,0
23952,327680
23953,0
23954,0
23958,603979776
23959,327696
23960,327696
23961,159383552
23962,159383552
23963,159383552
23964,8716288
23965,0
23966,256
23967,327696
23968,16777216
23969,0
23970,0
23971,256
23972,0
23973,256
23974,256
23975,384
23978,0
23979,0
23989,262160
23990,192
23991,671088640
23992,262208
23998,256
23999,256
24000,256
24001,256
24002,0
24003,0
24004,68222976
24005,402653440
24006,65536
24007,256
24008,256
24009,256
24010,256
24011,16
24012,256
24013,256
24014,256
24015,256
24016,263188
24017,8388864
24018,0
24019,256
24020,0
24021,0
24022,0
24023,16
24024,0
24038,256
24039,256
24040,256
24041,256
24042,16
24043,262160
24044,256
24045,256
24046,256
24047,256
24048,262144
24049,4259858
24050,0
24051,64
24052,256
24053,0
24054,67108864
24055,256
24056,256
24057,256
24058,0
24059,256
24060,256
24061,159383552
24062,0
24063,16
24064,159383552
24065,0
24066,256
24067,256
24068,256
24069,256
24070,256
24071,0
24072,256
24073,256
24074,256
24075,256
24076,256
24077,256
24078,256
24079,256
24080,0
24081,256
24082,256
24083,0
24084,256
24085,256
24086,256
24087,256
24088,256
24089,256
24090,192
24091,65568
24092,65568
24093,65568
24094,262400
24095,262400
24096,262400
24097,786432
24098,256
24099,0
24100,65536
24101,0
24102,0
24103,0
24104,0
24105,0
24106,0
24107,0
24108,0
24109,0
24110,16
24111,0
24112,262144
24113,464
24114,464
24115,464
24116,0
24117,0
24118,327696
24119,327696
24120,327696
24121,65568
24122,65568
24123,65568
24124,65568
24125,65568
24126,262400
24127,262400
24128,262400
24129,262400
24130,262400
24131,159383552
24132,269549570
24133,269549570
24134,159383552
24135,159383552
24136,65584
24137,65584
24138,65584
24139,65584
24140,65584
24141,65584
24142,262400
24143,262400
24144,262400
24145,262400
24146,262400
24147,262400
24148,128
24149,256
24150,65792
24151,128
24152,0
24153,128
24154,128
24155,128
24156,128
24157,128
24158,128
24159,128
24160,256
24161,256
24162,256
24163,256
24164,256
24165,256
24167,256
24168,256
24169,256
24170,65536
24171,256
24172,150994960
24173,0
24178,262144
24179,256
24180,0
24181,159383808
24182,159383808
24183,16
24184,262400
24185,0
24186,0
24187,16
24188,192
24189,16
24190,256
24191,192
24192,16
24193,16
24194,272
24195,272
24196,192
24197,192
24198,16777360
24199,0
24201,256
24202,0
24203,384
24204,384
24205,384
24206,384
24207,256
24208,65536
24209,65536
24210,2048
24211,256
24212,327680
24213,16
24214,384
24215,384
24217,384
24218,192
24219,192
24221,256
24222,256
24223,272
24224,0
24225,67108864
24226,384
24228,272
24229,272
24230,272
24231,272
24232,272
24233,272
24234,0
24235,272
24236,327696
24237,256
24238,262160
24239,327680
24240,256
24241,327696
24242,269582608
24243,192
24244,0
24245,384
24246,256
24247,256
24248,262416
24249,256
24250,256
24251,0
24252,269582608
24253,0
24254,327680
24255,0
24256,192
24257,0
24258,0
24259,262144
24261,0
24262,0
24263,0
24264,65920
24265,67108864
24266,65568
24267,262400
24268,262144
24269,464
24270,464
24271,464
24272,464
24273,464
24274,327680
24275,327680
24276,262400
24277,262400
24278,262400
24279,256
24280,256
24281,256
24282,256
24283,464
24284,256
24285,256
24286,464
24287,464
24288,256
24289,256
24290,256
24291,192
24292,192
24293,464
24294,464
24295,464
24296,464
24297,464
24298,464
24299,464
24300,65536
24301,192
24302,0
24303,192
24304,8388864
24306,0
24307,80
24308,256
24309,0
24310,262416
24311,0
24312,256
24313,16
24314,0
24315,16
24316,16
24317,327696
24318,262160
24319,272
24320,272
24321,67108880
24322,2902458384
24323,603979792
24324,16
24325,384
24326,16
24327,0
24328,0
24330,67110912
24331,16
24332,16
24333,20
24334,589824
24335,65538
24336,159383552
24337,2098176
24339,0
24340,0
24341,0
24342,150995200
24343,8388864
24344,320
24345,536871168
24346,0
24347,0
24348,16
24349,256
24350,464
24351,464
24352,65552
24353,65552
24354,65552
24355,402653440
24356,65568
24357,65568
24358,262400
24359,262400
24360,68222976
24361,671088640
24362,192
24363,671088896
24364,671088640
24365,65568
24366,65568
24367,65568
24368,65568
24369,262400
24370,262400
24372,262400
24373,262400
24374,65536
24375,262160
24376,0
24377,384
24378,536871168
24379,256
24382,671088640
24383,671088640
24384,402653440
24386,464
24387,464
24388,0
24389,16
24390,400
24391,400
24392,464
24393,327696
24394,0
24395,65936
24396,65936
24397,65936
24398,0
24399,65584
24400,262400
24401,64
24402,67108880
24405,400
24406,0
24407,2424848
24408,16
24409,402653440
24410,402653440
24411,402653440
24412,16
24413,16
24414,16
24415,65536
24416,464
24417,671088640
24418,65568
24419,262400
24420,65536
24421,65536
24422,65536
24423,67436560
24424,262400
24425,159383552
24426,192
24427,16
24428,192
24429,192
24430,192
24431,192
24432,192
24433,192
24434,192
24435,65536
24436,192
24437,16
24438,327696
24439,64
24440,262400
24441,262400
24442,262400
24443,464
24444,64
24445,64
24446,64
24447,64
24448,64
24449,64
24450,437583888
24451,262400
24452,437583888
24453,437583888
24454,262400
24455,262400
24456,192
24457,192
24458,327680
24459,256
24460,192
24461,192
24462,192
24463,262400
24464,262400
24465,192
24466,536870912
24467,536871104
24468,262400
24469,192
24470,262400
24471,192
24472,262400
24473,262400
24474,256
24475,262400
24476,262400
24477,262400
24478,262400
24479,192
24480,192
24481,262400
24482,192
24483,192
24484,262400
24485,262400
24486,192
24487,192
24488,64
24489,192
24490,262400
24491,192
24492,64
24493,64
24494,262400
24495,262400
24497,64
24498,327680
24499,327680
24500,64
24501,64
24502,64
24503,64
24504,64
24505,64
24506,64
24507,64
24508,262400
24509,262400
24510,262400
24511,262400
24512,262400
24513,262400
24514,262400
24515,262400
24516,262400
24517,262400
24518,262400
24519,262400
24520,262400
24521,262400
24522,262400
24523,262400
24524,262400
24525,262400
24526,262400
24527,262400
24528,262400
24529,327936
24530,65536
24531,327680
24532,327680
24533,262400
24534,262400
24535,262400
24536,262400
24537,262400
24538,262400
24539,262400
24540,262400
24541,262400
24542,262144
24543,327680
24544,327680
24545,64
24546,327680
24547,262400
24548,262400
24549,64
24550,64
24551,64
24552,64
24553,64
24554,64
24555,64
24556,262400
24557,262400
24558,262400
24559,262400
24560,262400
24561,262400
24562,262400
24563,262400
24565,262400
24566,262400
24567,262400
24568,262400
24569,262400
24570,262400
24571,327680
24573,327696
24574,262400
24575,0
24576,269582608
24577,67436560
24578,67436560
24579,67436560
24580,262400
24581,262400
24582,262400
24583,67436560
24584,262400
24585,327680
24586,67436560
24587,67436560
24588,262400
24589,262400
24590,150995200
24591,192
24592,256
24593,256
24594,67109120
24595,192
24596,0
24597,327696
24598,256
24599,262400
24600,0
24601,0
24602,0
24603,327696
24604,327696
24605,327696
24607,262400
24608,262400
24609,262400
24610,262144
24611,65536
24612,65536
24614,65536
24615,0
24616,851968
24617,0
24618,65536
24619,1114112
24620,448
24621,0
24622,256
24623,0
24624,0
24625,0
24626,0
24627,0
24628,0
24629,64
24630,64
24631,262400
24632,262400
24633,262400
24634,262400
24635,150995200
24636,262400
24637,8388864
24638,159383808
24639,159383808
24640,67436560
24641,262400
24642,159383808
24643,159383808
24644,159383808
24645,159383808
24646,0
24647,0
24648,65536
24649,0
24650,159383808
24651,159383808
24652,159383808
24653,256
24654,65568
24655,65568
24656,262400
24657,262400
24658,262400
24659,0
24660,150995200
24661,262400
24662,0
24663,150995200
24664,1114112
24666,192
24667,192
24668,65536
24669,65536
24670,0
24671,262164
24672,0
24673,0
24674,16
24675,0
24676,0
24677,256
24678,256
24679,256
24680,65536
24681,0
24682,65536
24683,0
24684,65536
24685,327680
24686,262160
24687,0
24688,16
24689,0
24690,0
24691,464
24692,256
24693,256
24694,192
24696,272
24697,192
24698,1376272
24699,0
24700,67109120
24701,603979776
24702,384
24703,65568
24704,262400
24705,0
24706,16
24707,402653440
24708,0
24709,0
24710,0
24711,0
24712,0
24713,0
24714,0
24715,0
24716,142606592
24717,0
24718,0
24719,0
24720,0
24721,256
24722,142606592
24723,0
24724,0
24725,67108864
24726,0
24727,256
24728,0
24729,0
24730,0
24731,0
24732,0
24733,0
24734,320
24735,0
24736,0
24737,0
24740,0
24741,0
24742,0
24743,256
24744,320
24745,2304
24746,64
24747,2304
24748,64
24750,0
24751,0
24752,65536
24753,603979776
24754,256
24755,612368640
24756,320
24757,2304
24758,320
24759,2304
24760,320
24761,2304
24762,2304
24763,320
24765,320
24766,2304
24767,0
24768,320
24769,2304
24770,320
24771,2304
24772,320
24773,2304
24774,192
24775,192
24776,536870912
24777,64
24778,0
24779,256
24780,64
24781,256
24782,64
24783,0
24784,320
24785,2304
24786,320
24787,2304
24788,320
24789,320
24790,320
24791,2304
24792,2304
24793,2304
24795,256
24796,256
24798,134217984
24799,134217984
24800,402653440
24801,65568
24802,256
24803,0
24804,0
24805,256
24806,256
24807,256
24809,16
24810,256
24811,687867904
24813,16
24814,16
24815,0
24818,0
24819,65536
24820,65536
24821,65536
24822,65536
24823,65536
24826,65536
24827,0
24828,0
24831,0
24832,256
24833,16
24834,65536
24835,65536
24836,65536
24837,65536
24838,65536
24839,0
24840,0
24841,0
24842,0
24843,0
24844,65536
24845,262400
24846,65568
24847,65568
24848,65568
24849,65568
24850,65568
24851,65568
24852,192
24853,64
24854,65536
24855,262400
24856,262400
24857,0
24858,327696
24859,262400
24860,262400
24861,262400
24862,262400
24863,384
24864,128
24865,272
24866,33232
24867,128
24868,128
24869,402653440
24870,134217984
24871,0
24872,256
24873,256
24874,0
24875,8388608
24883,128
24884,0
24885,0
24886,256
24887,0
24888,0
24889,0
24890,0
24891,0
24892,0
24893,65552
24894,464
24895,0
24896,0
24897,0
24898,0
24899,400
24900,400
24901,65568
24902,65568
24903,65568
24904,0
24905,80
24906,256
24907,16
24908,262400
24909,262400
24910,536870912
24911,262400
24912,65584
24913,65584
24914,65584
24915,262400
24916,262400
24917,262400
24918,0
24919,218103808
24920,603980032
24921,192
24922,262272
24923,8388608
24924,671088640
24925,671088640
24926,671088640
24927,671088640
24928,2048
24929,0
24930,671088640
24931,256
24932,0
24933,0
24934,0
24935,0
24936,256
24937,256
24938,256
24939,268435472
24940,65568
24941,262400
24942,589824
24943,464
24944,464
24945,464
24946,464
24947,65536
24948,400
24949,464
24950,8388864
24951,8388864
24952,545259776
24953,545259776
24954,8388864
24955,8388864
24956,320
24957,65536
24958,256
24959,256
24960,8388608
24961,8388608
24962,8388608
24963,8388608
24964,8388608
24965,8388608
24966,8388608
24967,65792
24968,464
24969,464
24970,464
24971,464
24972,464
24973,256
24974,65536
24975,65536
24976,65536
24977,65536
24978,262400
24979,262400
24980,262400
24981,262400
24982,0
24983,64
24984,384
24985,0
24986,0
24987,0
24988,0
24989,0
24990,0
24991,64
24992,0
24993,327680
24994,192
24995,0
24997,0
24998,0
24999,16
25000,16
25001,64
25002,65536
25003,0
25004,0
25005,0
25006,0
25007,0
25008,65536
25009,65536
25010,65536
25011,65536
25012,65536
25013,262400
25014,262400
25015,262400
25016,262400
25017,262400
25018,272
25019,65536
25020,33882112
25021,589824
25022,0
25023,65600
25024,0
25025,851968
25026,0
25027,0
25028,65536
25029,0
25030,0
25031,0
25032,0
25033,0
25034,65536
25035,0
25036,192
25037,0
25039,384
25040,612368384
25041,64
25042,384
25043,67109120
25044,384
25049,65536
25050,0
25051,327696
25052,589824
25053,16
25054,589824
25055,589824
25056,262160
25057,67108880
25058,589824
25059,0
25060,0
25061,537133440
25063,192
25064,192
25065,192
25066,192
25067,192
25068,192
25069,192
25070,192
25071,192
25072,65536
25073,65536
25074,65536
25076,464
25077,262400
25078,65536
25079,65536
25080,65536
25081,65536
25082,65536
25083,65536
25084,65536
25085,268501008
25086,65536
25087,262400
25088,262400
25089,262400
25090,262400
25091,262400
25092,262400
25093,262400
25094,262400
25095,262400
25096,262400
25097,262400
25098,256
25099,262160
25100,256
25101,272
25102,65552
25104,0
25105,256
25106,256
25107,256
25108,256
25109,128
25110,128
25111,128
25112,65536
25113,128
25114,448
25115,448
25116,448
25117,262144
25118,262144
25119,262144
25120,262144
25121,262144
25122,262144
25123,262144
25124,65536
25125,65536
25126,65536
25127,65536
25128,65536
25129,65536
25130,65536
25132,262400
25133,262400
25134,262400
25135,262400
25136,262400
25137,262400
25138,262400
25139,8388864
25141,400
25142,400
25145,0
25146,671088672
25147,262400
25148,0
25149,0
25150,0
25151,256
25152,0
25153,256
25155,65792
25157,256
25158,0
25159,0
25160,2064
25161,0
25162,272
25163,67108928
25164,16
25165,384
25166,0
25167,0
25168,256
25169,256
25170,256
25171,256
25172,67109120
25174,262164
25175,262416
25176,0
25177,67108864
25178,67108864
25180,67108864
25181,67108864
25182,256
25183,67108864
25184,384
25185,67371008
25186,256
25187,75563008
25188,262160
25189,1073807360
25190,16
25191,16
25192,256
25193,256
25194,256
25195,0
25198,0
25199,0
25200,4718866
25201,0
25205,32896
25228,537198592
25247,285278224
25260,327680
25262,524288
25263,589824
25282,327680
25286,327700
25288,327696
25289,327696
25290,327680
25291,327680
25292,65536
25294,65538
25295,65538
25296,327680
25297,65536
25298,65536
25299,65536
25300,327696
25302,327696
25304,65536
25306,65536
25307,65536
25309,65536
25311,65536
25314,65536
25315,65536
25316,65536
25322,16
25333,32896
25345,536936704
25346,65536
25347,65568
25348,0
25349,0
25350,262400
25351,65552
25352,262400
25353,262400
25354,262400
25355,262400
25356,262400
25357,65536
25359,65536
25360,320
25361,65536
25362,320
25371,0
25373,536870912
25374,256
25378,262160
25383,0
25398,262400
25399,262400
25400,262400
25401,262400
25402,262400
25403,262400
25404,262400
25405,262400
25406,262400
25407,262400
25408,262400
25409,262400
25410,67109120
25411,256
25412,262400
25413,262400
25414,262400
25415,262400
25416,262400
25417,262400
25418,262400
25419,256
25424,0
25425,65536
25462,0
25465,0
25471,536870928
25473,536871168
25495,67109120
25497,16
25503,262544
25514,65536
25515,327680
25516,0
25565,536870912
25586,65536
25592,464
25595,16
25598,536936448
25599,536936448
25600,8388864
25604,256
25605,262144
25640,65536
25645,262144
25646,536870912
25648,0
25651,0
25653,0
25654,2064
25655,67108880
25656,0
25657,384
25658,262400
25659,65568
25660,402653440
25661,671088640
25662,65568
25663,262400
25664,65568
25666,262400
25668,0
25669,64
25671,0
25672,0
25673,0
25674,0
25675,269582608
25676,536871168
25677,16
25678,262144
25679,65536
25680,384
25681,0
25682,0
25683,0
25684,256
25685,0
25686,16
25687,16
25688,8388608
25690,402653440
25691,402653440
25692,402653440
25693,402653440
25694,134217984
25695,402653440
25696,402653440
25697,402653440
25698,262160
25699,262160
25700,402653440
25701,402653440
25702,402653440
25703,402653440
25704,65568
25705,262400
25708,256
25709,0
25710,327700
25711,256
25712,327700
25713,2359296
25715,327680
25716,142606464
25717,192
25718,192
25719,0
25720,0
25721,0
25722,0
25724,256
25725,536870912
25726,256
25727,327680
25728,327680
25729,327680
25730,327680
25731,327680
25732,327680
25733,327680
25734,327680
25735,2359296
25736,2359296
25737,2359296
25738,2359296
25739,2359296
25740,2359296
25741,2359296
25742,2359296
25743,262144
25744,16
25745,329728
25746,671088640
25747,671088640
25748,0
25749,0
25750,671088640
25751,329728
25752,330112
25753,330112
25754,536871168
25755,0
25756,0
25757,330112
25758,330112
25759,329728
25760,329728
25761,329728
25762,329728
25763,256
25764,256
25765,256
25766,192
25767,192
25768,0
25769,256
25770,256
25771,603979776
25772,0
25773,67109120
25774,67108864
25775,256
25777,8454400
25778,16
25779,65536
25780,327680
25781,2359680
25782,327680
25783,0
25784,256
25785,256
25786,0
25787,16
25788,327696
25789,256
25790,16
25791,0
25792,256
25793,268435728
25794,8388608
25795,8388608
25796,8388608
25797,8388608
25798,8388608
25799,8388608
25800,8388608
25801,327680
25802,8388608
25803,8388608
25804,0
25805,67108864
25806,262144
25807,65536
25808,65536
25809,0
25810,0
25811,524288
25812,16
25813,0
25814,262160
25815,327680
25816,65536
25817,589824
25818,0
25819,262144
25820,192
25821,16
25822,0
25823,256
25824,256
25825,0
25826,0
25827,0
25828,0
25829,464
25830,256
25831,0
25832,0
25833,256
25834,256
25835,256
25836,464
25838,0
25839,262144
25840,0
25841,8388608
25842,256
25843,0
25844,256
25845,0
25846,150995200
25847,0
25848,2149580800
25849,272
25850,0
25851,402655488
25852,2064
25853,65792
25854,0
25855,65792
25856,2048
25858,286359824
25859,286359824
25860,17072400
25861,256
25862,268435472
25863,269549840
25864,2048
25865,256
25866,256
25867,256
25868,256
25869,256
25870,256
25871,256
25872,256
25873,256
25874,256
25875,256
25876,256
25877,256
25878,256
25879,256
25880,256
25881,256
25882,256
25883,256
25884,256
25885,256
25886,402653440
25887,402653440
25888,402653440
25889,402653440
25890,327680
25891,16
25892,0
25893,8388864
25894,327680
25895,327680
25896,0
25897,256
25898,327680
25899,327680
25900,256
25901,192
25902,327680
25903,327680
25904,256
25905,256
25906,192
25907,0
25908,65536
25909,320
25910,262400
25911,327680
25912,327680
25913,327680
25914,327680
25915,262400
25916,327680
25917,262400
25918,327680
25919,262400
25920,262400
25921,256
25922,256
25923,256
25924,256
25925,256
25926,256
25927,256
25928,256
25929,256
25930,256
25931,256
25932,256
25933,256
25934,256
25935,256
25936,256
25937,256
25938,256
25939,262400
25940,256
25941,134217984
25942,330112
25943,330112
25944,330112
25945,330112
25946,262400
25947,256
25948,262400
25949,464
25950,464
25951,262400
25952,0
25953,269549840
25954,65568
25955,262400
25956,464
25957,464
25958,256
25959,256
25960,256
25961,256
25962,256
25963,256
25964,256
25965,256
25966,256
25967,256
25968,256
25969,256
25970,256
25971,256
25972,256
25973,256
25974,256
25975,192
25976,256
25977,256
25978,256
25979,256
25980,256
25981,256
25982,256
25983,256
25984,256
25985,256
25988,464
25989,0
25990,402653440
25991,0
25992,384
25993,262144
25994,336
25995,16
25996,272
25997,25493504
25998,256
25999,262144
26000,0
26001,384
26002,256
26003,256
26004,0
26005,256
26006,65536
26007,16
26008,0
26009,256
26010,272
26011,65568
26012,262400
26013,612368640
26014,612368640
26015,612368640
26016,464
26017,0
26018,0
26019,0
26020,0
26021,464
26022,464
26023,464
26025,16
26027,16
26029,0
26030,402653440
26034,256
26035,256
26036,256
26038,327696
26041,0
26042,327680
26043,327696
26044,0
26045,16
26046,65536
26047,0
26048,327680
26049,65536
26050,262144
26051,0
26052,0
26053,16
26054,269549840
26055,269549840
26056,269549840
26057,256
26058,134217728
26059,262160
26060,0
26061,256
26062,0
26063,536871184
26064,536870928
26065,262400
26066,0
26067,0
26068,0
26069,0
26070,1073807360
26071,1074331648
26072,16
26073,589824
26074,0
26075,256
26076,134217984
26077,67371008
26078,75563008
26079,0
26080,65792
26081,16
26082,16
26083,327696
26084,262160
26085,65568
26086,65568
26087,65568
26088,262400
26089,262400
26090,327696
26091,262400
26092,256
26093,0
26094,262400
26095,262400
26096,8388864
26097,65536
26098,589824
26099,327696
26100,0
26101,256
26102,262160
26103,0
26104,256
26105,256
26106,192
26107,192
26108,16
26109,192
26110,192
26111,192
26112,192
26113,192
26114,192
26115,134217728
26116,192
26117,192
26118,192
26119,192
26120,192
26121,0
26122,192
26123,192
26125,159383808
26126,159383808
26127,192
26128,192
26129,0
26130,448
26131,448
26132,0
26133,256
26134,0
26135,448
26136,256
26137,256
26139,0
26140,256
26141,327696
26142,192
26143,0
26144,256
26145,256
26146,256
26147,256
26148,256
26149,256
26150,256
26151,256
26152,256
26153,192
26154,192
26155,192
26156,272
26157,256
26158,192
26159,159383808
26160,159383808
26161,159383808
26162,159383808
26163,159383808
26164,159383808
26165,159383808
26166,0
26167,0
26168,0
26169,192
26170,65536
26171,448
26172,448
26173,192
26174,192
26175,192
26176,192
26177,537198608
26178,537198608
26179,537198608
26180,8454144
26181,0
26182,256
26183,256
26184,262400
26185,262400
26186,262400
26187,327696
26188,327696
26189,262400
26190,262400
26191,256
26192,589824
26193,262160
26194,851968
26195,67371008
26196,0
26197,67371008
26198,67371008
26199,256
26200,256
26201,537198608
26202,262400
26203,192
26204,192
26205,256
26206,0
26207,0
26208,192
26209,256
26210,256
26211,327696
26212,256
26213,256
26214,256
26215,256
26216,256
26217,256
26218,612368640
26219,256
26220,67109120
26221,256
26222,256
26224,256
26225,192
26226,262160
26227,192
26228,192
26229,256
26230,256
26231,256
26232,8388864
26233,159383552
26234,536871184
26235,256
26236,256
26237,256
26239,256
26240,256
26241,256
26242,256
26243,256
26244,256
26245,256
26246,256
26247,256
26248,256
26249,256
26250,256
26251,256
26252,256
26253,256
26254,256
26255,256
26256,256
26257,256
26258,67371008
26259,67371008
26260,402653440
26261,402653440
26262,0
26263,402653440
26264,256
26265,256
26268,448
26270,448
26271,256
26272,256
26273,256
26274,256
26275,0
26276,671088640
26277,65568
26278,262400
26279,65568
26280,262400
26281,0
26282,4718610
26283,192
26284,0
26285,256
26286,0
26287,0
26290,80
26291,0
26292,0
26293,0
26294,0
26295,0
26296,262160
26297,262160
26298,32768
26299,32768
26300,256
26301,256
26302,256
26303,256
26304,0
26305,256
26306,256
26307,256
26308,256
26309,256
26310,256
26311,256
26312,256
26313,256
26314,256
26315,256
26316,256
26317,256
26318,256
26319,256
26320,256
26321,256
26322,256
26323,256
26324,256
26325,0
26326,0
26327,0
26328,0
26329,0
26331,16
26332,687866112
26333,0
26334,0
26335,0
26336,0
26337,0
26338,0
26339,0
26340,256
26341,192
26342,159383808
26344,0
26345,0
26346,0
26347,0
26348,0
26349,0
26350,262164
26351,0
26352,0
26353,0
26354,0
26355,0
26356,0
26357,256
26358,256
26359,256
26360,256
26361,256
26362,256
26363,16777216
26364,16777216
26365,16777216
26366,16777216
26367,16777216
26368,384
26369,16777216
26370,16777216
26373,268500992
26374,262160
26375,0
26376,80
26377,16
26378,16
26379,327696
26380,256
26381,0
26382,67109120
26383,256
26384,256
26385,65536
26386,589824
26387,671088640
26388,384
26389,671088896
26390,384
26391,0
26392,8388864
26393,0
26394,0
26395,192
26396,256
26397,256
26398,256
26399,256
26400,0
26401,402653440
26402,402653440
26403,65568
26404,142606592
26405,192
26406,268501248
26407,65568
26408,268501248
26409,268501248
26410,268501248
26411,262400
26412,268501248
26413,262400
26414,268501248
26415,327680
26416,65568
26417,65568
26418,65568
26419,65536
26420,65568
26421,65568
26422,65568
26423,65568
26424,65568
26425,65568
26426,65568
26427,65568
26428,65568
26429,262400
26430,262400
26431,262400
26432,262400
26433,262400
26434,262400
26435,262400
26436,262400
26437,262400
26438,262400
26439,262400
26440,262400
26442,65568
26443,65568
26444,262400
26445,262400
26446,0
26447,256
26448,268500992
26450,268501248
26451,268500992
26452,268501248
26453,268501248
26454,268501248
26455,268501248
26456,268501248
26457,536871168
26458,0
26459,192
26460,192
26461,192
26462,256
26463,262400
26464,0
26465,150995200
26467,16
26468,16
26469,272
26470,0
26471,0
26472,402653440
26473,402653440
26474,402653440
26475,402653440
26476,603979776
26477,256
26478,0
26479,67109120
26480,16
26481,0
26483,256
26484,256
26485,256
26486,256
26487,256
26488,0
26489,612368640
26490,0
26491,256
26492,256
26493,256
26494,256
26495,256
26496,256
26497,256
26498,256
26499,256
26500,256
26501,256
26502,256
26503,256
26504,256
26505,256
26506,256
26507,256
26508,256
26509,256
26510,256
26511,256
26512,256
26513,256
26514,256
26515,256
26516,0
26517,0
26518,0
26519,0
26520,256
26521,0
26522,0
26523,159383808
26524,256
26525,536871296
26526,384
26527,262160
26528,272
26529,16
26530,16
26531,272
26532,272
26533,16
26534,16
26536,16
26537,16
26538,256
26539,256
26540,0
26541,272
26542,256
26543,256
26544,384
26545,16777600
26546,589824
26548,4259856
26550,0
26552,536870912
26553,384
26554,589824
26555,589824
26556,2048
26557,0
26558,0
26559,536871168
26561,16
26564,256
26565,8454144
26569,536871312
26570,8388992
26573,65536
26574,262400
26575,64
26577,256
26580,1073807360
26584,256
26585,256
26586,0
26587,65792
26588,65792
26589,384
26590,0
26591,384
26592,65936
26594,671088912
26601,0
26602,384
26603,384
26604,134218048
26607,0
26608,0
26613,327696
26615,0
26616,4259856
26617,256
26618,0
26619,256
26620,256
26621,256
26622,262144
26623,262144
26624,262144
26625,262144
26626,384
26627,687866240
26628,8388992
26629,262144
26630,256
26631,256
26632,256
26633,256
26634,256
26635,262160
26636,262144
26637,536871312
26638,384
26639,256
26640,256
26641,1073741824
26642,256
26643,589824
26644,256
26646,256
26647,448
26648,256
26649,262144
26650,262528
26651,384
26652,327696
26653,262160
26654,262160
26655,269582608
26656,17891600
26658,2097536
26659,0
26662,262160
26663,612368640
26664,0
26665,150994944
26666,0
26667,537133056
26668,256
26670,256
26671,256
26672,256
26673,256
26674,256
26675,256
26676,256
26677,134217728
26678,0
26680,763363328
26681,0
26682,0
26683,0
26684,256
26685,256
26686,262160
26687,0
26690,192
26693,327680
26694,192
26695,192
26696,192
26697,192
26698,192
26699,192
26700,192
26701,192
26702,192
26703,192
26704,192
26705,192
26706,192
26707,192
26708,192
26709,192
26710,192
26711,192
26712,192
26713,192
26714,192
26715,192
26716,192
26717,192
26718,192
26719,192
26720,192
26721,192
26722,192
26723,192
26724,192
26725,192
26726,192
26727,192
26728,192
26729,192
26730,192
26731,192
26732,192
26733,192
26734,192
26735,192
26736,192
26737,192
26740,0
26743,65536
26744,336
26748,8388880
26766,256
26767,536871168
26768,256
26769,256
26787,536871168
26789,0
26792,65536
26793,65536
26802,0
26814,192
26837,256
26838,256
26846,0
26868,400
26869,256
26870,128
26879,150995200
26886,384
26898,763363328
26899,4194560
26901,150994944
26921,256
26923,612368640
26924,612368640
26972,268435472
26973,384
26974,384
26975,537133056
26976,537133056
26977,0
27027,8388992
27035,0
27037,262352
27038,64
27039,384
27042,384
27043,64
27057,32
27058,32
27059,32
27093,65536
27098,65536
27100,65536
27102,65536
27104,65536
27105,65536
27106,65536
27107,65536
27108,65536
27109,65536
27110,65536
27111,65536
27112,65536
27113,65536
27114,65536
27115,65536
27116,65536
27117,65536
27118,65536
27119,65536
27120,65536
27121,65536
27122,65536
27123,65536
27146,256
27177,0
27178,256
27183,256
27184,256
27190,256
27191,256
27192,256
27193,256
27194,256
27195,256
27196,256
27197,256
27198,256
27199,256
27200,8388864
27201,256
27202,256
27203,256
27204,327696
27205,384
27206,64
27208,384
27225,64
27241,272
27242,150994944
27244,150994944
27245,150994944
27246,150994944
27247,150994944
27248,150994944
27249,0
27254,537133056
27255,537133056
27258,537133056
27261,537133056
27286,0
27287,256
27288,150995200
27289,150994944
27290,384
27291,256
27338,0
27360,256
27382,0
27383,589824
27418,0
27419,192
27420,16777488
27429,0
27433,0
27498,192
27499,0
27503,150994944
27504,150994944
27505,150994944
27506,150994944
27507,150994944
27509,150994944
27510,150994944
27511,150994944
27512,150994944
27513,150994944
27514,448
27515,150994944
27516,192
27517,256
27518,192
27519,150995200
27520,150994944
27521,192
27522,192
27523,150994944
27524,150994944
27525,150994944
27526,0
27527,65536
27529,150994944
27530,65536
27532,65536
27533,671088640
27534,671088640
27535,671088640
27536,671088640
27537,384
27538,671088640
27539,192
27540,671088640
27541,612368640
27542,384
27543,33882128
27544,384
27545,33882128
27546,327696
27547,612368640
27548,612368640
27549,612368640
27550,612368640
27551,262160
27552,4194304
27553,16
27554,262160
27555,16
27556,16
27557,262160
27558,384
27559,0
27560,384
27561,192
27562,384
27563,384
27564,16
27565,1073807360
27566,384
27567,589824
27568,256
27569,256
27570,16
27571,256
27572,4194304
27573,0
27575,134217984
27577,537198608
27578,327696
27579,327696
27580,327696
27581,327696
27582,2064
27583,2048
27584,327696
27585,65584
27586,65584
27587,65584
27588,65584
27589,65584
27590,65584
27591,262400
27592,262400
27593,262400
27594,262400
27595,262400
27596,262400
27597,696254720
27598,696254720
27600,696254720
27601,696254784
27602,0
27603,2048
27604,0
27605,327680
27606,65536
27607,327680
27608,65536
27609,65536
27610,327680
27611,327696
27613,327696
27614,320
27615,327696
27616,150995200
27617,135594000
27618,65536
27619,327680
27620,327696
27621,65536
27622,0
27623,65536
27624,65536
27625,262400
27626,65536
27627,256
27628,256
27629,256
27630,256
27631,256
27632,4259858
27633,327680
27634,65538
27635,16777216
27636,65536
27637,65536
27638,16
27639,0
27640,524544
27641,1073807360
27642,384
27643,8388864
27644,8388864
27645,256
27646,327680
27648,65536
27650,16
27651,0
27652,671088640
27653,671088640
27654,384
27655,0
27656,192
27657,0
27658,65568
27659,65568
27660,65568
27661,0
27662,256
27663,0
27664,0
27665,0
27666,0
27667,0
27668,0
27669,0
27670,0
27671,0
27672,0
27673,0
27674,150995200
27675,0
27676,536870912
27677,0
27678,536871056
27679,537133056
27680,262160
27681,65536
27682,65792
27683,65536
27684,65792
27685,537198608
27686,8388864
27687,0
27688,0
27689,0
27690,256
27691,256
27692,256
27693,256
27694,8388864
27695,0
27696,256
27697,256
27698,256
27699,256
27700,0
27701,0
27702,0
27703,0
27704,0
27705,0
27706,0
27707,0
27708,0
27709,0
27710,0
27711,0
27712,0
27713,0
27714,0
27715,0
27716,0
27717,0
27718,0
27719,0
27720,0
27721,0
27722,0
27723,0
27724,65568
27725,65568
27726,262400
27727,262400
27728,262400
27729,262400
27730,262400
27731,327680
27733,448
27735,384
27736,464
27737,65536
27738,256
27739,256
27740,8388608
27741,256
27742,128
27743,192
27744,192
27745,256
27746,0
27747,64
27748,256
27749,256
27752,0
27753,65536
27754,0
27755,0
27756,0
27757,262160
27758,262160
27759,33554432
27760,1074855936
27762,192
27763,192
27764,192
27765,262528
27766,256
27768,262144
27769,262144
27770,262144
27771,256
27773,159383808
27774,192
27775,0
27776,64
27777,0
27778,64
27779,327680
27780,64
27781,448
27782,0
27783,0
27784,0
27785,192
27786,0
27787,192
27788,0
27789,464
27790,464
27791,150995392
27792,448
27793,0
27794,262164
27795,448
27796,262400
27797,192
27798,384
27799,65536
27800,65536
27801,65536
27802,0
27803,65536
27804,65536
27805,65536
27806,16
27807,16
27808,536870912
27810,0
27811,464
27812,0
27813,65536
27814,327696
27815,464
27816,464
27817,65536
27818,65536
27819,536870912
27820,150994944
27821,262400
27822,262400
27823,262400
27824,256
27825,327696
27826,65808
27827,8454400
27828,0
27829,65584
27830,65584
27831,589824
27832,65584
27833,262400
27834,262400
27835,262400
27836,192
27837,0
27838,262400
27839,448
27840,448
27841,65536
27842,65536
27843,262400
27844,262400
27845,65536
27846,464
27847,464
27848,464
27849,536870912
27850,464
27851,464
27852,2304
27853,464
27855,464
27857,67373072
27859,464
27860,65536
27861,218104080
27862,16
27863,218104080
27864,218104080
27865,218104080
27866,0
27867,64
27868,0
27869,536870912
27870,0
27871,0
27873,262144
27874,262144
27875,262400
27876,262400
27879,0
27880,67108864
27881,0
27882,0
27883,0
27884,128
27885,0
27886,0
27887,384
27888,0
27889,272
27890,0
27891,0
27892,8388864
27893,8388864
27894,256
27895,0
27896,256
27897,262160
27900,464
27901,464
27902,464
27903,464
27904,464
27915,8388864
27919,4718610
27921,256
27922,0
27928,8388864
27929,8388864
27930,256
27931,8388864
27932,256
27933,256
27934,8388864
27935,8388864
27936,8388864
27937,8388864
27938,256
27939,256
27965,150995328
27978,384
27986,64
27987,0
27988,262144
27989,65536
27990,1073807360
27991,327696
27992,65536
27993,16
27994,65536
27995,0
27998,537985280
27999,262416
28000,262480
28001,537985280
28006,0
28007,2176
28008,128
28009,2176
28010,128
28011,2176
28012,150994944
28018,67108864
28020,0
28023,65536
28024,0
28025,128
28026,128
28031,0
28032,536870912
28033,384
28034,384
28035,384
28041,536870912
28054,0
28056,536870912
28059,603980032
28062,150994960
28078,256
28081,464
28082,256
28083,8388864
28084,603980032
28085,150994960
28086,65936
28087,0
28088,464
28089,0
28090,256
28091,384
28092,0
28095,67108864
28096,256
28097,64
28098,256
28099,536870912
28107,464
28108,256
28109,64
28110,256
28111,256
28112,192
28113,192
28114,2048
28115,256
28116,256
28117,256
28118,192
28125,262160
28126,256
28127,16
28129,256
28130,0
28131,262160
28132,0
28133,268763136
28134,0
28135,0
28136,256
28137,67108864
28138,256
28139,256
28140,256
28141,192
28142,0
28143,0
28144,0
28145,0
28146,268501248
28147,0
28148,268501248
28150,192
28151,192
28152,192
28153,264192
28154,192
28155,192
28156,80
28157,0
28158,0
28159,256
28160,536871168
28161,256
28162,128
28163,256
28164,128
28165,256
28166,128
28167,65536
28168,262160
28169,536870912
28171,536870912
28175,384
28177,384
28179,384
28180,4194560
28182,0
28183,0
28184,0
28185,0
28186,0
28187,0
28190,536871168
28194,0
28195,0
28196,0
28197,256
28198,256
28199,256
28200,327680
28201,0
28203,384
28204,0
28205,65568
28206,0
28207,65568
28208,65568
28209,65568
28210,65568
28211,262400
28212,262400
28213,262400
28214,262400
28215,262400
28216,320
28217,256
28218,256
28219,65568
28220,65568
28221,65568
28222,65568
28223,65568
28224,65568
28225,0
28227,384
28228,262400
28229,262400
28230,262400
28231,262400
28232,262400
28233,262400
28234,0
28235,256
28236,256
28237,256
28238,256
28239,256
28240,0
28241,264192
28242,65584
28243,65584
28244,65584
28245,262400
28248,262400
28249,262400
28250,0
28251,262400
28252,262400
28253,262400
28254,262400
28255,262400
28256,262400
28257,262400
28258,262400
28259,262400
28260,262400
28261,262400
28262,262400
28263,262400
28264,192
28265,536870912
28266,0
28270,1074855936
28271,1074855936
28272,1074855936
28278,0
28280,0
28281,256
28282,256
28284,262400
28285,262400
28286,256
28287,256
28288,16
28289,384
28290,384
28291,384
28292,256
28293,65536
28294,0
28297,0
28298,464
28299,0
28301,65536
28304,65536
28305,65536
28306,4259840
28307,384
28308,0
28309,256
28310,0
28311,16
28313,192
28314,262160
28315,1073741824
28316,754974976
28317,4718610
28318,4194320
28319,384
28320,384
28321,384
28322,262144
28323,0
28324,16
28325,192
28326,256
28327,65568
28328,262400
28329,536936448
28330,128
28331,192
28332,208
28333,328080
28334,327696
28335,262160
28336,65808
28337,0
28338,0
28339,0
28340,0
28341,262144
28342,67436544
28343,262400
28344,0
28345,256
28346,0
28347,67108864
28348,537198592
28349,8388608
28350,16
28351,256
28352,327696
28353,0
28354,0
28355,0
28356,80
28357,80
28358,0
28359,256
28360,192
28361,0
28362,16
28364,0
28365,0
28366,256
28367,0
28369,0
28370,64
28371,0
28373,256
28374,536871168
28375,0
28376,16777600
28377,16777216
28378,16777216
28379,16777216
28380,16777216
28381,16777216
28382,16777216
28383,0
28384,448
28386,536870912
28388,256
28389,256
28391,65536
28392,0
28393,384
28394,384
28395,0
28396,384
28397,384
28398,0
28399,0
28400,0
28401,65792
28402,0
28403,262400
28404,256
28405,16
28406,0
28407,65536
28408,536870912
28409,536871168
28410,536870912
28412,65536
28413,65536
28414,384
28415,256
28416,256
28417,256
28418,151322624
28419,151322624
28420,151322624
28421,256
28422,256
28423,256
28424,0
28425,256
28426,256
28427,256
28428,786432
28429,80
28430,262352
28431,16
28432,256
28433,262160
28434,0
28435,262352
28436,262352
28437,262164
28438,16
28439,0
28440,16
28441,256
28442,384
28443,256
28444,0
28445,0
28446,256
28447,524288
28448,589824
28449,256
28450,65536
28452,256
28453,256
28454,256
28455,256
28456,327696
28457,0
28458,64
28459,65536
28460,64
28461,65584
28462,65584
28463,65584
28464,262400
28465,262400
28466,262400
28467,536870912
28468,262144
28469,134217984
28470,0
28471,687866112
28472,65568
28473,65568
28474,65568
28475,262400
28476,262400
28477,262400
28478,65536
28479,65536
28480,65568
28481,65568
28482,65568
28483,262400
28484,262400
28485,262400
28487,272
28498,262160
28505,272
28522,536870912
28523,159383808
28524,0
28526,256
28529,256
28530,192
28531,536870912
28532,384
28533,256
28534,320
28535,256
28539,464
28541,448
28542,0
28547,0
28559,262400
28560,0
28561,256
28574,448
28592,262352
28593,262352
28594,262352
28595,262352
28598,262144
28599,65536
28601,0
28605,0
28608,65536
28609,65536
28610,65536
28611,256
28612,65536
28613,256
28614,16
28615,16
28616,402653440
28617,256
28618,2304
28619,2304
28620,2304
28621,2304
28622,603979792
28627,256
28628,8388864
28629,256
28663,536871184
28671,536871168
28673,536871168
28679,603979776
28680,192
28681,256
28682,262144
28683,262160
28686,192
28687,192
28688,256
28693,192
28697,0
28699,0
28701,0
28716,192
28717,192
28719,192
28722,134217728
28723,134217728
28724,134217728
28725,262160
28727,67109120
28732,612368400
28735,192
28736,192
28737,0
28738,272
28739,272
28740,272
28741,262144
28742,0
28743,464
28744,192
28745,256
28746,448
28747,262160
28748,256
28749,0
28750,134217728
28751,192
28752,192
28753,0
28754,0
28755,192
28756,64
28757,384
28758,0
28760,134217728
28761,192
28762,0
28763,192
28764,192
28765,671088640
28766,671088640
28767,192
28768,671088640
28769,671088640
28770,671088640
28771,192
28772,65536
28773,0
28774,192
28775,192
28776,0
28777,0
28778,0
28779,0
28780,0
28781,256
28782,256
28783,16
28784,0
28785,0
28786,16
28787,192
28788,0
28789,192
28790,0
28791,0
28792,192
28793,0
28794,0
28795,0
28796,0
28797,67109136
28798,262160
28799,192
28800,65792
28801,67108864
28802,192
28803,256
28804,0
28805,192
28806,256
28807,192
28808,192
28809,192
28810,327680
28811,192
28812,192
28813,0
28814,464
28815,33882128
28816,192
28817,0
28818,192
28819,687866128
28820,384
28821,192
28823,192
28824,0
28825,0
28826,0
28827,0
28829,192
28830,192
28831,448
28832,536870912
28833,536870912
28834,536870912
28835,536870912
28836,536870912
28839,0
28840,192
28841,192
28842,192
28843,192
28844,192
28845,192
28846,65536
28847,464
28848,0
28849,464
28850,0
28851,464
28852,464
28853,448
28854,448
28855,464
28856,464
28857,464
28858,1074331648
28859,0
28860,0
28861,0
28862,0
28863,536936448
28864,8388864
28865,0
28866,0
28869,192
28870,192
28871,16
28873,0
28874,384
28876,192
28881,208
28882,16
28883,0
28884,0
28885,256
28886,256
28888,192
28890,192
28891,262144
28893,192
28898,262144
28908,256
28909,256
28911,458768
28913,263184
28919,256
28920,256
28921,256
28923,256
28926,256
28928,256
28929,256
28930,256
28931,256
28932,256
28934,256
28935,256
28937,256
28939,256
28940,256
28941,256
28942,256
28943,256
28945,256
28946,256
28949,256
28951,256
28952,256
28954,256
28956,256
28958,256
28959,256
28960,16
28961,256
28969,262144
28987,8388624
28988,8388624
28989,8388624
28990,8388624
28991,16
28992,256
28994,256
28995,16
28996,464
28997,464
28998,464
28999,464
29000,464
29001,0
29002,0
29003,0
29004,0
29005,464
29006,0
29007,402653440
29008,402653440
29009,256
29010,256
29011,256
29012,256
29013,256
29014,256
29015,256
29016,256
29017,256
29018,256
29019,256
29020,256
29021,256
29022,256
29023,256
29024,256
29025,256
29026,256
29027,256
29028,256
29029,402653440
29030,256
29031,256
29032,256
29033,256
29034,256
29035,545259776
29036,256
29037,256
29038,402653440
29039,402653440
29040,134217984
29041,671088896
29042,384
29051,67109120
29055,402653440
29059,269582608
29060,327696
29061,327696
29062,464
29063,0
29064,464
29065,464
29068,192
29069,192
29070,0
29071,0
29072,0
29073,402653440
29074,262352
29075,262352
29076,262352
29077,0
29079,464
29080,464
29082,464
29084,464
29086,464
29087,464
29088,464
29089,192
29090,192
29091,192
29092,192
29093,192
29094,192
29095,192
29096,192
29097,192
29099,0
29101,0
29102,0
29103,256
29104,536871168
29105,8388864
29107,0
29108,8388864
29110,256
29111,67109248
29112,16777360
29113,16777360
29114,0
29115,384
29116,256
29124,1074855936
29125,67108864
29126,0
29127,0
29130,0
29131,327680
29132,0
29133,0
29134,268500992
29135,0
29136,0
29137,0
29138,0
29139,0
29140,464
29142,65536
29143,464
29144,464
29145,464
29146,464
29150,192
29151,0
29153,536871184
29154,384
29155,327680
29156,384
29159,192
29160,268500992
29162,128
29163,65536
29164,65536
29166,65536
29167,262272
29168,1073807360
29169,0
29171,192
29172,134217984
29173,0
29175,0
29177,16
29178,16
29179,464
29180,464
29181,268435712
29182,268435712
29183,0
29184,603979776
29185,603981824
29187,464
29188,268435712
29189,464
29190,268435712
29191,464
29192,464
29193,464
29194,603981824
29195,603979776
29196,603981824
29197,603979776
29198,603981824
29199,603979776
29201,603979776
29202,448
29203,327680
29204,0
29205,448
29206,448
29207,65536
29208,65536
29209,65536
29210,65536
29211,65536
29212,65536
29213,16
29214,0
29215,272
29216,272
29217,272
29218,384
29220,256
29221,0
29223,272
29224,272
29225,272
29226,272
29227,272
29228,327680
29229,256
29230,448
29231,272
29232,0
29233,0
29234,0
29235,159383552
29236,671088640
29237,272
29238,272
29239,272
29240,272
29241,256
29242,256
29243,256
29244,256
29245,256
29246,256
29247,272
29248,272
29249,272
29250,384
29252,256
29255,272
29256,272
29257,272
29258,272
29261,256
29262,272
29264,256
29265,256
29266,262528
29267,272
29268,272
29269,272
29270,256
29273,272
29274,328064
29275,328064
29280,256
29281,256
29282,256
29283,256
29284,328064
29285,256
29286,328064
29287,256
29288,328064
29294,256
29295,256
29296,2304
29305,0
29306,537133072
29307,262224
29310,65552
29313,0
29316,0
29317,65536
29318,0
29324,0
29325,0
29327,320
29328,536871168
29329,256
29330,320
29331,0
29332,0
29333,0
29334,0
29335,0
29336,256
29338,0
29344,384
29350,256
29351,256
29357,256
29369,192
29371,0
29379,256
29387,256
29388,0
29389,384
29391,256
29392,256
29393,256
29394,256
29398,256
29399,256
29400,256
29401,256
29402,0
29403,256
29407,0
29409,256
29410,256
29411,256
29412,256
29413,65728
29414,65728
29415,65728
29416,65728
29417,65728
29418,65728
29419,1073807360
29421,0
29422,256
29423,256
29424,0
29429,256
29430,256
29432,671088640
29434,256
29437,256
29438,464
29439,464
29440,464
29441,464
29442,0
29443,0
29444,464
29445,464
29446,464
29447,464
29462,16
29463,16
29467,65536
29468,128
29469,262144
29470,262144
29471,0
29474,128
29475,65536
29478,262160
29480,65536
29481,128
29482,128
29483,65536
29484,536870912
29498,256
29499,272
29500,0
29501,192
29502,0
29506,671088640
29508,256
29509,256
29510,256
29515,65536
29518,256
29519,0
29520,2281701632
29526,384
29530,256
29531,134217984
29532,134217984
29533,159383552
29534,256
29536,536871296
29544,0
29559,464
29588,464
29589,464
29602,327808
29604,0
29607,0
29624,192
29625,192
29626,192
29632,192
29633,192
29634,192
29635,192
29636,192
29637,192
29638,0
29639,0
29640,0
29641,0
29644,0
29646,0
29647,0
29653,0
29655,0
29659,603980032
29660,603980032
29681,256
29682,256
29685,16
29705,134217984
29708,0
29710,134217984
29715,384
29726,134217984
29727,134217984
29785,256
29820,536871168
29825,128
29826,128
29831,384
29846,0
29848,1074855936
29849,1073807360
29851,327696
29852,262160
29865,262144
29871,536871168
29874,256
29875,256
29879,536870912
29894,256
29895,256
29897,64
29898,256
29899,256
29910,536871168
29915,263184
29931,537985280
29934,537985280
29936,384
29937,0
29940,256
29941,256
29943,0
29945,8388608
29994,537985280
29998,16
30001,1073807360
30002,1073807360
30003,671089024
30012,0
30018,671088640
30020,16
30021,32
30025,16
30043,0
30046,262144
30047,65568
30048,262400
30056,16
30058,537919744
30059,537985280
30074,64
30075,0
30076,256
30079,2128
30080,67373072
30081,264208
30082,256
30088,0
30089,0
30090,0
30091,65536
30092,65536
30093,65536
30094,1073807360
30095,65536
30096,65536
30097,256
30101,256
30109,0
30110,16
30111,0
30112,16
30113,0
30114,256
30116,256
30117,256
30118,256
30119,256
30121,16
30122,0
30132,696254720
30133,256
30134,256
30138,0
30139,384
30152,272
30156,272
30160,464
30161,0
30163,0
30164,0
30165,16
30167,16
30169,0
30173,0
30174,269582608
30175,0
30176,256
30177,0
30178,0
30182,384
30183,65536
30185,384
30186,384
30187,65536
30188,384
30189,384
30190,65536
30192,384
30193,384
30211,272
30215,384
30225,0
30227,0
30228,256
30229,65536
30238,327680
30243,320
30244,0
30281,65536
30285,327696
30297,0
30331,671088640
30336,671088640
30338,671088640
30440,384
30441,384
30640,464
30660,0
30676,8388608
30677,0
30682,2281701632
30683,2281701632
30684,0
30685,0
30732,0
30754,2281701376
30758,536871168
30770,192
30771,192
30772,192
30775,192
30776,192
30777,192
30778,192
30779,192
30780,192
30794,536871296
30795,536871296
30796,536871296
30797,536871296
30798,159646096
30799,464
30800,464
30801,464
30802,464
30803,16
30804,16
30805,16
30806,16
30807,16
30808,464
30809,464
30810,464
30811,464
30812,464
30813,464
30814,464
30816,464
30818,464
30819,464
30820,464
30821,464
30839,67108864
30861,464
30862,464
30863,464
30864,464
30865,464
30866,464
30867,464
30868,464
30869,464
30870,464
30871,464
30872,464
30879,537133056
30880,2281701632
30882,134217728
30892,192
30893,192
30894,448
30895,448
30896,448
30902,448
30903,448
30904,448
30905,448
30906,448
30918,262272
30919,448
30920,448
30965,327696
30996,262400
31004,144
31005,144
31006,16
31007,16
31016,327696
31017,256
31018,262160
31020,262400
31247,256
31248,128
31255,448
31309,256
31313,256
31315,256
31316,2304
31362,384
31363,16
31364,0
31365,1073807360
31366,256
31378,0
31400,0
31415,8388608
31416,8388608
31417,8388608
31418,8388608
31419,8388608
31420,8388608
31466,384
31557,0
31562,384
31563,0
31564,0
31565,0
31599,2048
31605,0
31700,269582608
31725,256
31726,256
31748,384
31750,192
31751,65536
31768,256
31770,256
31800,536871168
31817,0
31818,262144
31885,256
31906,134217984
31929,134217728
31951,256
31954,384
32061,256
32309,16
32950,0
33388,16777424
33389,262400
33391,16777424
33392,262400
